Comune,SI_mean_km,SP_mean_km,SS_mean_km,SI_mean_min,SP_mean_min,SS_mean_min,SI_St.Dv_km,SP_St.Dv_km,SS_St.Dv_km,SI_St.Dv_min,SP_St.Dv_min,SS_St.Dv_min
ACCUMOLI,7.538986914263452,7.538986914263452,14.856323484501287,11.583763011094252,11.583763011094252,19.506069830810873,4.768208919500068,4.768208919500068,3.863248654522081,6.405264038851748,6.405264038851748,5.097948025830989
ACQUAFONDATA,5.24424604292886,5.62024604292886,10.412990391793711,8.854635992922617,9.43796932625595,17.670355368079786,2.240821389580169,2.240821389580169,2.7605448737522815,3.759451053308479,3.759451053308477,4.855466564147627
ACQUAPENDENTE,5.273215454771853,5.118367671979095,5.5282154547718525,8.41566950735154,7.126602883987718,9.217029542919862,6.573614353357418,6.888246850009564,6.573614353357418,7.557831050320267,8.427703160147226,7.6860925390290795
ACUTO,1.6510451772346975,1.6510451772346975,1.6510451772346975,3.4315516318184027,3.4315516318184027,3.4315516318184027,1.7239957463211253,1.7239957463211253,1.7239957463211253,2.567983067903104,2.567983067903104,2.567983067903104
AFFILE,4.878522152121633,1.670054762426858,1.670054762426858,7.33889966174904,3.37395655852734,3.37395655852734,5.804639566760368,1.4538115421195414,1.4538115421195414,8.320289791961708,2.427733282073813,2.427733282073813
AGOSTA,2.5983745981982707,2.5983745981982707,2.5759646491308796,5.345382471850349,5.345382471850349,5.347796384469246,1.2034202646346506,1.2034202646346506,1.2031943594725945,1.0171105588326614,1.0171105588326614,0.9930312739844155
ALATRI,6.125386866429978,6.094074783465787,6.130068885639889,9.79336007338749,9.733458882061083,10.34655274059973,2.0835993766638214,1.8625793094075318,3.1395622524334126,2.6951155548887717,2.312975216119302,4.055823675633679
ALBANO LAZIALE,4.705187061008694,4.872163446697858,5.250404440661161,9.689200386575862,10.033547538235696,11.05781656698041,0.5798324675940378,0.6719456355560747,0.9665695835896325,0.9197528015990949,1.1715377901078536,1.0928892745792227
ALLUMIERE,1.1253878227999063,1.2051843521636112,1.5551927214164296,2.9895611525543906,3.3322345072864263,3.5770607256961706,1.1561195872400052,0.7191275964667189,1.039446968344225,1.7913371790059203,0.18856180831641295,0.7188918942063229
ALVITO,2.329008106792123,2.452032887996111,2.3068549079724785,3.6280531909352582,4.124494632839451,3.581943466276146,1.9539895598492845,1.9049138213228092,2.0610852157702424,2.3034856839790208,2.087972612279584,2.6468989542621517
AMASENO,0.962409843836648,1.5154233907439176,0.9860598415917832,2.260564187963801,3.637591047546784,2.340204122619666,0.28349603171825877,0.8001538914483889,0.35949443667461667,0.3278366237195777,2.214195573348713,0.4866742769572393
AMATRICE,6.158558824714965,6.288271984350668,6.288271984350668,9.620194687911493,10.00156713424062,10.00156713424062,2.843038561270242,3.046739496243651,3.046739496243651,3.5607902287469977,3.793695441208232,3.793695441208232
ANAGNI,5.933787775709629,5.94324911798803,5.389400524233608,9.309538681795852,9.319220070572548,9.122870731239582,2.1421140056854693,2.1366486732695704,2.139296829278416,2.850180693027371,2.8101006339007815,3.0102376441510406
ANGUILLARA SABAZIA,5.1696902750568,5.0810177742063685,5.283589525269524,8.908891676122375,8.528561066889786,8.420895433948635,3.2572367783603067,3.206731192571985,3.323471118082309,3.3562180762776883,3.2668995141365724,3.4648829910134262
ANTICOLI CORRADO,6.671,0.375,0.375,14.316666666666666,1.2333333333333334,1.2333333333333334,,,,,,
ANTRODOCO,1.5627966179347528,1.6765925470393321,1.3788113362051435,2.906053785080963,3.36013871610074,2.3769666040984796,4.435944213186184,4.262819802274859,4.6149410523501455,4.465707815822291,4.090107759152744,4.933126872556668
AQUINO,2.3928263200385933,2.6480863158691106,2.5416208859340967,3.769902875084087,4.23103737347291,3.7687933697210094,2.3110671488874286,2.654543331723933,2.8361504661541965,2.9742572213106446,3.087713105555991,3.801213256609292
ARCE,5.557717992204408,4.022880950035085,4.022880950035085,7.676928796127217,5.923630246193802,5.923630246193802,0.705388558070758,1.9942986277093802,1.9942986277093802,0.8074619562213509,2.3849228798552673,2.3849228798552673
ARCINAZZO ROMANO,3.3879472669625565,4.548062221902389,1.1956997513658285,6.505895320246973,6.236113016684484,2.4904502247476077,4.152838125908594,0.24041630560342606,4.711452483045966,3.2644763064778943,0.5597928684393504,5.173664615681575
ARICCIA,3.309290054923606,3.161890054923606,2.244034211458381,6.970163089014319,6.326997449411208,4.399652039546076,0.3897572577900251,0.3897572577900251,0.22344574285494892,0.7896025723249771,0.7825315045131106,0.48318963381080704
ARLENA DI CASTRO,0.637,7.823,7.823,3.783333333333333,11.183333333333334,11.183333333333334,,,,,,
ARNARA,1.532685820557995,1.532685820557995,1.532685820557995,2.9359125770076284,2.9359125770076284,2.9359125770076284,0.7997266373233071,0.7997266373233071,0.7997266373233071,1.4885545851887394,1.4885545851887394,1.4885545851887394
ARPINO,5.787114174070019,4.659962464347663,4.164289949396627,9.743496725116863,7.8270513461155025,7.08855589518671,1.0858569436043053,1.3566887368350087,2.430922924149981,1.5758681933669123,2.197851212267804,3.7880374958777057
ARSOLI,0.466,0.158,0.025,1.45,0.7333333333333333,0.11666666666666659,,,,,,
ARTENA,4.032656178021794,3.6725738488242556,3.5274527710859616,6.526271706971948,5.824194761859961,5.837164490148218,0.7689383278261007,0.8736135694630663,1.7589702385202541,0.9601255704912316,1.1397238639736866,2.249425852671447
ASCREA,5.538070758501298,13.875344649270849,16.188851009616453,10.391906503511763,25.594584459431545,23.913808501513355,2.264155913359325,7.759082709959984,5.5069476118808325,6.175399222362515,13.729656668038801,6.847150664489738
ATINA,2.903211668539895,2.903211668539895,3.2942096697105767,4.994258337343779,4.994258337343779,5.246444564642002,1.326603201618877,1.326603201618877,2.790598971221379,2.1771599051344968,2.1771599051344968,2.77784888797869
AUSONIA,3.189363754159227,3.2771944967064504,3.4452412603015983,5.4598959301746,5.723159027191066,6.2122007744583065,1.7832310001791694,1.784247803060795,1.7856532189038887,2.6512661354930254,2.6830342859900207,2.716238114552827
BAGNOREGIO,4.287154225062339,4.430806399861577,4.430806399861577,6.214799165920779,6.4534868880693885,6.4534868880693885,4.2265998450290985,4.572323798318166,4.572323798318166,4.170054178527161,5.231032756894541,5.231032756894541
BARBARANO ROMANO,0.41207454228378954,5.877074542283789,5.552694796797421,0.6875503592534628,7.546622471448663,7.0069600466758315,0.737512372777569,0.7375123727775692,0.7368052659963817,1.249221980096234,1.0488750587600455,1.0370899457402698
BASSANO IN TEVERINA,0.205,0.422,8.652,0.5166666666666667,1.15,10.716666666666669,,,,,,
BASSANO ROMANO,0.161,0.331,0.551,0.4666666666666667,1.0166666666666666,1.9166666666666667,,,,,,
BASSIANO,1.8723644350174256,1.711166580590422,1.711166580590422,3.840322028172239,3.3830523947261075,3.3830523947261075,1.5711281509369839,1.507939543438883,1.507939543438883,2.2653335540513924,2.0132144464530866,2.0132144464530866
BELLEGRA,1.4920874393065051,1.4920874393065051,1.789517765232755,3.127116163233075,3.127116163233075,3.9500429979787257,2.013034028525102,2.013034028525102,1.70287372305367,4.086096004202001,4.086096004202001,2.4664038899069527
BELMONTE CASTELLO,0.76,0.94,6.938,1.8,2.15,8.766666666666667,,,,,,
BELMONTE IN SABINA,2.8446357285084205,2.8446357285084205,11.127962149530562,4.943129649688791,4.943129649688791,16.492890280077635,1.529502424537688,1.529502424537688,1.6862682665183109,2.2512959230925937,2.2512959230925937,2.333149794368755
BLERA,1.9229873012048009,1.9845840182870405,1.9822841716466206,3.7301112229244424,3.5509612995542197,3.596692608108183,4.702293093091214,4.578095710372747,4.662987275699273,6.687197552870045,6.201933688897478,6.610849668033098
BOLSENA,2.0528190258934846,2.6654629813211597,2.0528190258934846,3.743963625565364,5.871256159362117,3.743963625565364,2.8241844840590704,2.332038164353234,2.8241844840590704,2.38059282999471,1.3788582233137665,2.38059282999471
BOMARZO,1.4270452337700574,1.7957745388425022,1.7957745388425022,2.080896911834302,3.2544405894784623,3.2544405894784623,3.99373910014162,3.479672470219,3.479672470219,5.821845831769242,4.384062043356595,4.384062043356595
BORBONA,19.164442902612752,5.999841974240336,19.70344290261275,22.48085530574915,8.4604518043701,22.961051351219503,1.6087300374311828,1.686479271539776,1.6087300374311824,3.108992334074393,3.9729758414867105,3.3495577375284977
BORGO VELINO,1.070793635829406,1.217793635829406,2.6800045514285062,2.312046030083426,2.812046030083426,4.626203248268149,0.892368757857423,0.8923687578574231,0.8506494577674165,1.249221980096234,1.249221980096234,0.9074537025227359
BORGOROSE,5.412045063422064,5.412045063422064,6.2883789595714505,7.731255113158222,7.731255113158222,9.549754434343242,2.688832607765388,2.688832607765388,2.7330991877957285,2.8926033123237658,2.8926033123237658,3.140869716545495
BOVILLE ERNICA,4.17002121111474,4.355565034851961,3.691641206200234,6.856085783791292,7.103709242266854,6.151452751532262,0.7955946039574138,0.8987637720495403,1.627924296104138,1.1992063347620097,1.4184324507300128,2.316558842722298
BRACCIANO,4.086106348058245,3.9943440714771876,3.740809476092894,6.937267405549849,6.73559133020654,6.714633893476723,2.8729505622849367,2.8207203355013966,3.0599009497404035,2.853413232987697,2.733773818391613,3.0038663357351574
BROCCOSTELLA,1.8061432189391997,1.699719824140701,1.8355722908212033,2.8373629303687244,2.620842338212785,3.01332694301622,1.9947047191668912,1.834688234187669,1.9950871952540488,2.6319396804413056,2.452828110720509,2.587268508163259
CALCATA,0.694837438845585,2.8665848976062924,3.0590449773689157,2.0016778160702993,5.305002508491538,5.781993487724227,0.4014801780079975,0.1840009057948719,0.18395923461462868,0.784278389726883,0.4220759980716129,0.42990093604784707
CAMERATA NUOVA,31.99,0.128,31.99,36.516666666666666,0.5,36.516666666666666,,,,,,
CAMPAGNANO DI ROMA,4.186361247880199,3.9077399030491535,3.427143749008788,8.073532900637138,6.906259300220997,5.283010396879793,1.762663703981373,1.762236552414762,1.614893288528172,2.417542944580072,2.466084766198047,2.3614329845965862
CAMPODIMELE,11.103693604752221,11.40769360475222,14.636100429041312,13.54292333198884,14.153203410031242,24.967653009246536,1.5697770542341385,1.5697770542341347,1.0224764055957476,3.5237487929129627,3.511963679893185,2.062394778460762
CAMPOLI APPENNINO,2.024653529676634,1.912229697312904,1.791990020491646,2.7225499448372483,3.334407299702812,2.733659158005206,1.7844883487057759,1.256688240309956,1.7548031940932864,1.603872628174509,2.208254715581717,2.183624874513155
CANALE MONTERANO,1.392363669513286,1.493535065613972,1.4007645402592817,2.7149986719802413,3.3148552900670185,2.569450261076847,1.2260332717073112,1.0831246080976404,1.3824342057882297,1.9440912377614232,1.5706214858621579,2.3565265949258016
CANEPINA,0.547949755578666,0.547949755578666,0.547949755578666,1.58909526843316,1.58909526843316,1.58909526843316,1.1865251788310267,1.1865251788310267,1.1865251788310267,1.8502627441047994,1.8502627441047994,1.8502627441047994
CANINO,0.4309999999999999,0.655,0.4309999999999999,1.6999999999999995,2.1666666666666665,1.6999999999999995,,,,,,
CANTALICE,3.1332625173870956,3.1332625173870956,3.1332625173870956,5.818872826602991,5.818872826602991,5.818872826602991,1.3639234049408546,1.3639234049408546,1.3639234049408546,1.9797204169510725,1.9797204169510725,1.9797204169510725
CANTALUPO IN SABINA,0.8828106427170921,0.8828106427170921,6.025826188194975,2.0334481206172716,2.0334481206172716,8.416873283777754,1.552099384704472,1.552099384704472,1.719683691845684,1.2374368670764584,1.2374368670764584,2.2273863607376256
CANTERANO,8.669,1.579,8.646,14.200000000000001,3.65,14.116666666666667,,,,,,
CAPENA,3.8073083476510714,4.833072253876854,3.566643644035568,5.888761498254548,7.55444512909689,6.378504052569832,0.8300617877173792,0.46179400427133377,1.95155514300531,1.17623064001858,0.40388326670176994,2.3493666826453055
CAPODIMONTE,8.085910704925128,1.0970197612764294,3.426469818948995,9.611640331232667,2.5369679269372742,5.123637649683101,0.6217821161789714,0.33917694497120526,0.7649067481290339,0.8808140174482542,0.42371811034818546,0.7750149341452383
CAPRANICA,2.6672091381906804,2.577325284212919,3.26934936437468,4.402409253734727,4.085819569214758,5.550418457304525,2.53380233049068,2.499327042759044,2.499645624883655,3.203221035145717,3.3800065746155643,3.2087084917744066
CAPRANICA PRENESTINA,10.646621372080876,12.545601832239022,16.248601832239025,17.505965873478264,22.49041948818705,28.857231909564256,5.250911444692246,3.25017420045962,3.250174200459621,7.48868281945299,4.878021380907691,4.818377243352711
CAPRAROLA,1.541728392726335,1.541728392726335,1.541728392726335,2.950502793903284,2.950502793903284,2.950502793903284,2.2189010793633868,2.2189010793633868,2.2189010793633868,3.181980515339464,3.181980515339464,3.181980515339464
CARBOGNANO,0.7230000000000001,0.7230000000000001,0.7230000000000001,2.1333333333333333,2.1333333333333333,2.1333333333333333,,,,,,
CARPINETO ROMANO,0.78,0.794,0.025,2.466666666666667,2.466666666666667,0.05,,,,,,
CASALATTICO,7.065311278245964,5.873654515553034,5.873654515553034,11.837211839421117,9.9974921105053,9.9974921105053,2.7469356927310837,2.495461820986248,2.495461820986248,4.726791253647188,4.400606018872098,4.400606018872098
CASALVIERI,2.877957791199455,2.802999897425782,2.802999897425782,4.443576888378458,4.218135172289167,4.218135172289167,1.5580750750719425,1.6277580077726947,1.6277580077726947,2.192079760230835,2.0081629052365884,2.0081629052365884
CASAPE,5.984999999999999,0.622,3.438,9.766666666666667,2.2,6.416666666666667,,,,,,
CASAPROTA,1.5093055836132534,1.5093055836132534,12.086448970833422,3.8039422152682425,3.8039422152682425,16.535124059933334,1.1737972567696688,1.1737972567696688,1.0521748904055823,2.415948169054037,2.415948169054037,1.9916841003421062
CASPERIA,2.148082600759347,2.148082600759347,2.148082600759347,3.9999662672214935,3.9999662672214935,3.9999662672214935,1.3227738657835661,1.3227738657835661,1.3227738657835661,2.069702071957862,2.069702071957862,2.069702071957862
CASSINO,6.062186033934787,6.16057394155406,5.470885386290411,10.15499592640262,10.712687813953076,10.368559169174905,1.883731240444972,2.4307146006261138,2.3304612849961273,2.2880123875979055,3.224279428631225,3.1584954024352037
CASTEL DI TORA,0.341,4.03,14.739,0.7833333333333333,7.033333333333333,21.25,,,,,,
CASTEL GANDOLFO,1.2145623748329502,3.7261467046614,3.3324628443054367,2.8780215014798207,8.43387881562848,8.54252068718359,1.5821442201434524,0.3409693290214436,1.7235377377166226,3.537824713535664,0.7159395536247771,3.947725552395586
CASTEL MADAMA,2.1841320487474216,2.21776658830222,2.061227313884826,4.0096721298318885,4.178900434350985,3.6330869861196917,1.731185546467015,1.8081120540497482,1.7847708443009334,2.2912384560650687,2.4800985643495883,2.448463236853317
CASTEL SAN PIETRO ROMANO,1.5399646961319404,1.5399646961319404,4.360957835223194,3.7295985503054965,3.7295985503054965,8.131221634784756,2.1501194346671384,2.1501194346671384,1.465874795699369,4.031573881620299,4.031573881620299,2.462778467052564
CASTEL SANT'ANGELO,5.150862758935192,2.13488767984565,6.705981078967041,8.477791927788859,3.928766865846885,9.162569239437778,1.597832803101334,0.9756412787299975,1.5980045294649432,2.249256196868964,1.2250796324403184,2.124174287132862
CASTEL SANT'ELIA,3.805767355427879,3.695036733634192,3.805767355427879,4.93671675715546,4.5512298551794155,4.93671675715546,3.0041852472841954,2.7618674087170323,3.0041852472841954,3.406135531545869,3.1388249747671852,3.406135531545869
CASTELFORTE,4.750855551331083,3.708129189674902,4.698167032186973,7.3920318305728046,5.452205603777546,7.191999312549546,2.3320471621874774,2.037603641535812,2.332037685515967,3.353243661822915,2.9016454463452797,3.3888870673947746
CASTELLIRI,1.9318922537908552,1.8661938404228318,1.894434365453762,3.6597485266324647,3.8664594704523996,3.9580210108877663,0.5745651979250629,0.7198140384849409,0.7194743451529967,0.9479510067039915,0.7804764689076272,0.7716474679637165
CASTELNUOVO DI FARFA,0.358,8.164,10.344,1.6,13.5,15.066666666666668,,,,,,
CASTELNUOVO DI PORTO,5.876558640994582,6.084324256979395,5.876408354821525,8.924750298303449,9.124361127435455,8.89980292715963,3.0983158020969728,1.08722532929778,3.0708848810043254,3.6523036689118675,2.10268079707585,3.584147194398008
CASTELNUOVO PARANO,15.99840220734832,2.6302271340815144,3.207777019965722,18.46569850906611,4.662212704300871,5.963449502624544,2.069636798134029,1.7250652575648096,0.4402192094638219,3.1696247670696245,2.8408350735908474,1.4153915830374764
CASTIGLIONE IN TEVERINA,3.5324119280413635,3.5324119280413635,3.5324119280413635,6.088985759520581,6.088985759520581,6.088985759520581,5.026837077129116,5.026837077129116,5.026837077129116,6.550176701037524,6.550176701037524,6.550176701037524
CASTRO DEI VOLSCI,3.266186499540952,3.843864973597471,3.266186499540952,5.075077051071984,5.729921792634966,5.075077051071984,1.6924665514502135,1.8569167844694723,1.6924665514502135,2.208198807922113,2.4933909554640894,2.208198807922113
CASTROCIELO,7.452188925196276,8.43308595511451,2.586274558276224,10.516683329808231,12.622609187810507,4.267744593077814,0.47692353112994373,2.2601891996427685,2.074040952519326,1.0867341724709696,2.3756498313539645,2.3981274260378975
CAVE,3.4696592274920532,3.645293606952655,3.9393709669346024,5.509758863849149,6.044035660739642,7.097920270149951,2.554022888829829,2.5194919296027387,2.524977359634471,3.3235237602859384,3.28737765579981,3.312584729873727
CECCANO,4.343618213814177,4.588661365001663,4.59568427868541,7.463694606390271,7.5355724262966355,7.757951161613483,1.1332985276917185,1.1801817473637826,1.0271820293274219,1.8995477497938213,2.046596412207759,1.5773764251869535
CELLENO,0.7301957422513068,0.7301957422513068,0.9712656782388501,1.6880361161098192,1.6880361161098192,1.9739754611569083,0.5487148622007609,0.5487148622007609,1.1349063838044087,0.6599663291074442,0.6599663291074442,1.9445436482630059
CELLERE,0.5,6.732000000000001,6.507999999999999,1.55,7.8,7.0666666666666655,,,,,,
CEPRANO,2.530985534082992,2.6023122754241714,1.9349945486367295,4.772247154983879,5.030319745993385,3.984760866539852,0.9016690311121187,1.1746503735154559,0.6039588838102585,1.3666222045613046,1.982988999054299,1.0502534967365773
CERRETO LAZIALE,0.4073147757075907,7.550913787066373,7.550913787066373,0.9143404291269387,9.952228562058222,9.952228562058222,1.8731258633631644,1.5351288219559942,1.5351288219559942,3.005203820042827,1.1902964149973552,1.1902964149973552
CERVARA DI ROMA,9.863597553812095,10.593820189620084,13.921150486077789,16.09803724601829,17.088855078256312,19.944799221523954,5.8583195187129675,5.574935956283863,3.2651757864878674,10.056620953381906,9.95281925441787,7.686977925662959
CERVARO,6.096697186722615,4.3129745125948835,4.277021420117392,9.9252707263441,7.090703304330477,7.336991553666571,0.8280116971432594,1.4031431119428244,2.509398640686407,1.3762818634555818,1.8607814171013488,3.332359390543599
CERVETERI,8.610818581945866,10.29094587507383,8.67514363810412,11.374224859035124,12.960284172823219,11.41699058295078,3.8404303347879716,2.7780714171317142,3.6454967308876136,4.518154673500146,3.1620516112885455,4.189754310140063
CIAMPINO,3.573938769037474,3.479045758452369,4.73512061858962,9.95020039873652,9.77584749470716,12.996343647124814,1.1346773793030513,1.203494661206925,1.3698189313781235,2.745758230909384,2.9844230532295764,3.6399259397082306
CICILIANO,0.5984862290287948,8.900257362542376,8.900257362542376,1.877413364807191,11.136943426027099,11.136943426027099,0.8428712831743647,1.0924799769332152,1.0924799769332152,2.0506096654409878,1.4495689014324216,1.4495689014324216
CINETO ROMANO,8.686032816247218,8.686032816247218,11.230032816247219,13.058343439771527,13.058343439771527,18.71863656659131,0.6074047250392444,0.6074047250392444,0.6074047250392444,1.8031222920256966,1.8031222920256966,1.6263455967290572
CISTERNA DI LATINA,8.917248858401372,8.966195314212086,9.490762968024688,11.46989200971987,11.472354899691709,13.210522390824833,2.8829726907964743,2.747367500850212,3.948716271409341,2.8325417084804183,2.6631001089428077,4.132943047954809
CITTADUCALE,9.817455740254918,9.76703683635628,7.89472251939186,13.102748369207303,12.955175959377316,11.064266046136924,3.7301615799246113,3.7366009973745187,4.727039981731579,4.92381881973203,4.953664901197978,6.205913398615156
CITTAREALE,5.545831837550076,5.545831837550076,19.482765243849112,8.427497848511104,8.427497848511104,20.447556209921178,3.2615297484462715,3.2615297484462715,1.3174553123351092,4.3252071241348276,4.3252071241348276,1.4365951258289718
CIVITA CASTELLANA,4.356947079613512,4.158327364725447,3.7995203884415316,6.387460229673935,6.010733741106177,5.93340755267226,2.2777940372211005,2.276426512925467,2.3982873403048823,2.2416432464699736,2.3458646632997646,2.6629735711682794
CIVITELLA D'AGLIANO,4.2201186077478114,4.2201186077478114,8.580277342724388,5.943860723049413,5.943860723049413,11.66882131966295,4.016173386031369,4.016173386031369,2.3912894987154245,5.192509740713772,5.192509740713772,2.0395714873109623
CIVITELLA SAN PAOLO,0.8222858885202055,0.8222858885202055,0.9372858885202056,1.7485207356367076,1.7485207356367076,2.127958836851096,1.359766340221731,1.359766340221731,1.3597663402217308,2.4866588471726923,2.4866588471726923,2.262741699796952
COLFELICE,0.9996856342972738,0.836348754003372,1.2550105481984162,2.075164487638651,1.4453871619960343,2.5131538374419424,0.5158343968755863,0.01555634918610406,1.181575431362721,1.1078006238589242,0.5774705379690138,2.0152543263816605
COLLALTO SABINO,29.510190853204875,3.3431395332688916,28.999190853204873,44.53655827972509,6.03414145228605,44.13161870041107,7.394215610867728,7.599276577411826,7.394215610867728,12.374368670764582,12.84577319155561,12.3625835577448
COLLE DI TORA,3.898,0.6580000000000001,12.609000000000002,6.883333333333334,1.9666666666666663,20.03333333333333,,,,,,
COLLE SAN MAGNO,0.086,0.086,8.366,0.1666666666666666,0.1666666666666666,13.916666666666666,,,,,,
COLLEFERRO,2.763101506078463,2.6213995677806006,2.14390418021682,6.12178653998193,6.028285581623535,4.977318118219759,1.381652566071997,1.5088073999023204,1.6290097388188527,1.7632259471606981,2.000857917846095,2.583185479639862
COLLEGIOVE,25.481,10.5,35.952,38.7,17.85,55.5,,,,,,
COLLEPARDO,2.3874484236565072,2.3874484236565072,18.72342427217591,4.453300849667959,4.453300849667959,29.052375978467833,8.017883791874263,8.017883791874263,7.119858179767348,14.578184805462655,14.578184805462655,11.76154279373624
COLLEVECCHIO,2.6786149213536024,2.6786149213536024,8.14775627077636,3.9470088265204084,3.9470088265204084,11.517774513184959,1.5193166866866317,1.5193166866866317,2.8197754835762687,1.9467387258352535,1.9467387258352535,3.4475780996355136
COLLI SUL VELINO,0.175,0.175,14.728,0.2666666666666666,0.2666666666666666,18.23333333333333,,,,,,
COLONNA,1.4430042092274769,1.4430042092274769,1.4430042092274769,3.8259582331144557,3.8259582331144557,3.8259582331144557,0.5981290273288309,0.5981290273288309,0.5981290273288309,0.9141379262169074,0.9141379262169074,0.9141379262169074
CONCERVIANO,10.385143120200638,10.385143120200638,19.92314312020064,19.333552998402325,19.333552998402325,32.050219665069,5.038842922735338,5.038842922735338,5.038842922735337,9.21595838146467,9.21595838146467,9.21595838146467
CONFIGNI,3.343556844385933,9.60571389315375,8.714035950559412,5.861742163625948,14.889529348618588,12.900802382143087,2.2995997622774853,2.2389237295331585,2.239175800750505,3.520570503010366,2.8810041973563987,2.870257763621524
CONTIGLIANO,4.757885545153176,4.757885545153176,5.035200734561454,6.694143546637819,6.694143546637819,6.293927788774208,2.7368382812613863,2.7368382812613863,3.5211760819362614,3.273788768572977,3.273788768572977,3.267773102493917
CORCHIANO,0.9757123053627246,0.9757123053627246,1.2542842816780442,1.7602003788068759,1.7602003788068759,2.91856804531194,0.852720743659181,0.852720743659181,0.7438263686282348,1.504591737414604,1.504591737414604,1.104818989699218
CORENO AUSONIO,2.014735602260777,2.1243650796719624,2.1243650796719624,3.3699596249740202,3.5636183199824947,3.5636183199824947,4.273046278710306,4.521947865687972,4.521947865687972,6.375746143698702,6.564307952015116,6.564307952015116
CORI,5.213708187563836,4.448971982982145,4.287340382443773,8.243932802659655,7.211248231197077,8.131568591059871,0.24090281581307157,0.29658848454831593,2.615305973176625,0.7240694858716056,0.4196766281581835,2.5392110177361378
COTTANELLO,3.180518587977153,3.180518587977153,2.2945242059450797,5.924897046613242,5.924897046613242,4.015374863721128,1.4828758545475076,1.4828758545475076,1.4768673151866647,2.506002054328028,2.506002054328028,2.438457314384255
ESPERIA,1.8384002171125569,1.8384002171125569,1.9623648888447414,2.5144322954343377,2.5144322954343377,2.9099569465149524,3.3987087437731405,3.3987087437731405,3.38138462763407,4.325136478257716,4.325136478257716,4.549053625633456
FABRICA DI ROMA,3.6882099128210526,6.361086111079787,3.8572685038979753,5.497416765313307,8.521157681017398,5.7031988217964065,0.94490374289307,2.6309649845636485,3.3666340757498427,1.045902498819577,2.991891046986343,3.803324569081342
FALERIA,1.016358175330283,0.9102877755018574,1.103287775501857,2.5021233052270913,2.3465707192011935,2.6021592227990906,1.0549118446581212,1.0421281111264584,1.0421281111264584,1.2606582642648478,1.232920351276834,1.4239030865898141
FALVATERRA,4.6993501897125,4.6993501897125,4.6993501897125,6.727429448326163,6.727429448326163,6.727429448326163,1.0323842792293962,1.0323842792293962,1.0323842792293962,1.458528558361322,1.458528558361322,1.458528558361322
FARA IN SABINA,7.670908007232146,8.589339268077325,6.508200742119423,12.000146291508155,12.896967323391966,9.03587256051575,3.409566343351108,1.8311188324213903,3.460800651666419,4.244651628686909,1.9485513006171156,4.145899357374884
FARNESE,0.722,4.435,3.810000000000001,2.2,7.166666666666667,5.2,,,,,,
FERENTINO,5.48541483785794,5.852540240870335,4.722477322152884,8.413201432449792,8.818404386801907,8.495670226449144,2.598503962279547,2.5339606973311657,2.6684393432438047,3.0755060605280353,2.952442661925489,3.1716466689391156
FIAMIGNANO,5.739906992705355,5.739906992705355,5.739906992705355,8.892561382251973,8.892561382251973,8.892561382251973,2.9264674810396265,2.9264674810396265,2.9264674810396265,3.733530582505065,3.733530582505065,3.733530582505065
FIANO ROMANO,1.7254999999999998,1.742333333333333,0.181,4.0,4.038888888888889,0.3833333333333333,,,,,,
FILACCIANO,0.596,3.791,6.142999999999999,2.2,6.516666666666667,8.966666666666667,,,,,,
FILETTINO,12.343,0.095,12.343,20.716666666666665,0.2333333333333333,20.716666666666665,,,,,,
FIUGGI,2.7013122953833566,2.7013122953833566,2.7013122953833566,4.168940257659248,4.168940257659248,4.168940257659248,3.1890515831513295,3.1890515831513295,3.1890515831513295,4.5372685126136805,4.5372685126136805,4.5372685126136805
FONDI,7.507084736115081,8.102309229599193,6.9111900957480925,11.069979287819717,11.516637574195128,10.872352045644261,3.3092640573635475,2.6496893766894973,4.93039796912855,3.172554200107371,2.5112042972471817,4.941689490995724
FONTANA LIRI,1.957665615716877,2.4300675185587655,2.16989385934308,3.334702431758026,4.622575084498561,3.761691503639549,1.8562392985101175,1.6808320360266022,1.24134456672325,2.9610433596585137,2.368074698521518,1.6072751268321595
FONTE NUOVA,3.579281873504013,4.072940063594655,4.042892733376165,6.752075697648724,7.7631980748999245,7.064586838485056,1.5490876060155896,1.8442603546016916,1.3519214751604476,2.56771683662479,3.1317731537293296,2.2024717806238616
FONTECHIARI,1.9645701444642338,2.1055447886759664,5.266719103017865,3.1063121872390944,3.421630898339891,7.2337628396522,2.2142258993457133,2.2032140915792393,2.051315756614114,3.3596599254708526,3.33042929053587,2.501906680321438
FORANO,3.6645348971050957,4.532079572065702,3.9375871760290164,5.07567402571423,6.445653435735937,5.480557531950736,1.2248328797567987,3.5659594781769464,3.276770564646437,1.1922881052522187,4.015882818859985,3.6260758301400604
FORMELLO,5.199280465409696,5.34066158706768,4.454112357712856,7.770761052310263,8.173331463007212,7.210332560651243,1.8722859849723303,1.886936377532942,2.8164460973090923,1.9210784283944073,1.9662412103692921,3.3691390418915463
FORMIA,5.958223771587949,5.251320741123112,5.360398003717627,12.748608107774567,10.487499837702043,12.134700397827904,1.6303839796157389,1.5533262775233168,2.2476785958270122,2.6772254950164327,2.111404226727316,3.5394641571940975
FRASCATI,3.7235,3.829,3.161,10.608333333333334,10.7,11.275,,,,,,
FRASSO SABINO,2.2547030514588173,1.0254709075552373,8.21509143174678,3.4898110215626468,2.111200278607461,11.037636800920179,0.5790724623625843,0.9369526402118732,0.9575282415330282,0.6179978125335852,1.5746251758575576,1.5427848797499872
FROSINONE,5.102228617269517,5.0322075690022725,4.840569227312576,10.19307652138659,10.330728188393476,10.062287447242662,0.9420200976674541,0.9500463831878595,1.0408791859274396,1.336884668312027,1.5963921133757633,1.5593328237483024
FUMONE,3.7118454106979484,3.8572950482162924,3.7118454106979484,7.107335238267246,6.890823241511944,7.107335238267246,1.0808909288175195,2.2789534220777745,1.0808909288175195,1.7662971311632583,3.4890304288345395,1.7662971311632583
GAETA,2.260529912674408,2.260529912674408,2.17965669293343,5.085960613651055,5.085960613651055,4.3711187279098125,5.392926643414502,5.392926643414502,5.240368355373504,5.518379171510015,5.518379171510015,5.332763641448546
GALLESE,6.839673506277481,1.3434842047674893,1.6923009074930662,7.1370699472359656,1.8576462182826725,2.645188470005965,2.2711686419110317,1.8347122390173343,1.2824616953344063,2.2290381582896046,2.629797203841645,1.7190921376638824
GALLICANO NEL LAZIO,3.354036955506152,2.450209048169088,2.1605958070594853,7.378974800005084,6.734081043847619,5.8622087191225765,1.0865322514004514,1.2251651589343644,1.2256309939510068,2.692152518930751,1.9981704594916787,2.039902866242337
GALLINARO,0.8903456562045584,0.8903456562045584,6.542499162447998,1.5617948840000375,1.5617948840000375,8.993114350106406,1.8761722557732627,1.8761722557732627,1.843258618136189,3.058639857482044,3.058639857482044,2.6511178634541936
GAVIGNANO,2.4562218879304116,2.4653381259555758,2.3128899490251107,4.176603857500061,4.162752394484019,3.954672125057253,1.9587752854903036,1.9325193154951659,1.9500048473688225,2.8117384330468966,2.750343893841556,3.0378846894250913
GENAZZANO,13.729813512485649,2.57051943146685,2.85981873507124,17.450987047586256,4.588909932412662,4.869838050245377,4.077207325486405,3.116744134509601,3.1082761621194477,2.4538476023493305,4.02259935309938,3.904207132483282
GENZANO DI ROMA,4.983696571010203,4.999771726557286,5.404020321370601,8.791192176660061,8.692954838916108,10.497528764637458,1.7733533625793334,1.7443031715518131,3.2483267773853313,2.5064163692158203,2.4477131779657717,4.6422179237929075
GERANO,0.7783717981485228,6.598330643100121,6.598330643100121,2.5978232829564885,10.36443547700041,10.36443547700041,0.21920310216782976,0.13788582233137697,0.13788582233137697,0.8720983634634085,0.4596194077712549,0.4596194077712549
GIULIANO DI ROMA,3.0835733049045877,3.1925733049045872,3.0835733049045877,4.417991881991924,4.737538802683251,4.417991881991924,1.7371748616647662,1.7371748616647662,1.7371748616647662,1.8266012762018484,1.8554499304601146,1.8266012762018484
GORGA,3.0475302780161164,3.0475302780161164,11.632786873283207,5.182712283700317,5.182712283700317,18.869502586435267,5.043085563422457,5.043085563422457,5.009851544706689,8.072802418546418,8.072802418546418,7.766389480032246
GRADOLI,0.7942799224286384,0.7942799224286384,0.7942799224286384,2.703407252706686,2.703407252706686,2.703407252706686,0.3309259735953043,0.3309259735953043,0.3309259735953043,0.6599663291074445,0.6599663291074445,0.6599663291074445
GRAFFIGNANO,4.0682279813362126,3.2660600159002766,4.870395946772146,6.3912065876251845,5.260925258196817,7.521487917053552,0.8247903774091129,3.1982266440430185,2.940379850744911,1.2418810404054486,3.6242080871908087,3.744659777850566
GRECCIO,2.3959553694036857,2.3959553694036857,2.227648257003686,4.79490777639983,4.79490777639983,4.079872604741201,1.7151242812111314,1.7151242812111314,1.7068440760655321,3.414458636120488,3.414458636120488,3.4281392750133257
GROTTAFERRATA,3.7774769488381454,3.718547809018484,3.999654035965098,11.04146465488535,11.258973207980272,11.213509912978967,1.0032324650689162,1.005313604036232,1.0350816888915442,3.4931010363412307,3.362784494235948,2.876500428003026
GROTTE DI CASTRO,1.873,2.129,1.873,4.15,4.15,4.15,,,,,,
GUARCINO,1.2685465715239732,1.9230818752323056,1.9230818752323056,2.1986953335706327,3.8352305821749013,3.8352305821749013,1.1280911606189754,1.5853120355311758,1.5853120355311758,1.6155709345133829,2.215538560059633,2.215538560059633
ISCHIA DI CASTRO,0.383,0.975,0.35,0.4833333333333333,2.5166666666666666,0.5,,,,,,
ISOLA DEL LIRI,3.9673840804829195,4.065901324593396,3.534798845620815,8.827880197655542,9.298851835425939,8.041903821193062,0.540219895703857,0.38328100703940804,0.9204304117406936,2.688669560122132,2.423654204374245,3.186049701183693
ITRI,1.9582628740965582,1.7920424743331524,2.066124877806095,4.451337491563294,3.9547264361050725,4.921054086930369,2.0955487049935155,2.190359605179022,1.9311177592265054,3.104491593732468,3.2956115601744624,2.5841127856362793
JENNE,12.723,15.297,12.723,22.466666666666665,23.98333333333333,22.466666666666665,,,,,,
LABICO,3.5480869129533086,3.4035869129533083,3.518586912953309,5.758328365065569,5.198595045370967,5.138473858047445,3.4747227227506943,3.4747227227506943,3.4747227227506943,5.1913422852112365,5.256160406820004,5.374011537017761
LABRO,6.861711089885077,6.861711089885077,18.97355309383433,9.965846042039999,9.965846042039999,24.09437295573739,3.000961179355708,3.000961179355708,0.8435783899555522,4.607979190732335,4.607979190732335,2.1566756826189706
LADISPOLI,3.3004049167768685,3.2795143405982863,3.264201678395148,6.047904092746818,6.157751392215068,6.742706231847937,1.5349933999858112,1.732263568831495,1.8471702293643646,1.869787718194531,2.2552519054475484,2.143736030080818
LANUVIO,8.123410074997482,5.486917789775698,5.1392192086679245,12.79886445438283,9.326028973449842,8.885219171409844,0.8024786552074091,1.5968194671641145,2.1151415986034734,1.1439316831730795,2.1390634511198274,2.672225419098507
LARIANO,1.6049999999999998,1.74825,1.436,3.95,3.3125,3.783333333333333,,,,,,
LATERA,4.056,4.056,4.056,5.883333333333334,5.883333333333334,5.883333333333334,,,,,,
LENOLA,3.017015603730661,3.157837640022854,4.781166389929579,4.902592025538195,5.308039771581161,7.764404480494039,1.3270059568531745,1.643846809569959,2.4062815712214563,1.4998765381289318,1.8998398707237238,2.8299886888176737
LEONESSA,5.435778862748214,5.435778862748214,5.435778862748214,7.420209042919735,7.420209042919735,7.420209042919735,3.4750513495994473,3.4750513495994473,3.4750513495994473,3.416902457457094,3.416902457457094,3.416902457457094
LICENZA,0.7297678867764428,0.7747079160643129,21.270353641523645,2.6488386389998637,2.165505305666531,26.222938550803736,2.526492529179534,2.3475945135393377,3.589981128084103,3.80659150538758,3.8065915053875803,5.150094389642022
LONGONE SABINO,8.080215459543817,8.080215459543817,13.90965066377967,12.48107632390851,12.48107632390851,19.655154046828994,5.3367361748544395,5.3367361748544395,2.9148791856038683,8.072041081549463,8.072041081549463,4.110338703715214
LUBRIANO,0.429,0.429,3.708,1.4833333333333334,1.4833333333333334,6.466666666666667,,,,,,
MAENZA,1.2735152641174992,1.3655152641174992,1.3655152641174992,2.377516959325662,2.5721021947141214,2.5721021947141214,2.3235064737016193,2.3235064737016193,2.3235064737016193,3.220866573064069,3.2113225612810354,3.2113225612810354
MAGLIANO ROMANO,0.14,0.457,0.457,0.2333333333333333,0.55,0.55,,,,,,
MAGLIANO SABINA,4.300619739403302,4.333545539519333,4.743483293532785,6.49132204828451,6.5507149790115875,7.663780147336207,2.999602284748207,3.068382375128628,2.7879070584699677,4.131675294688674,4.1906697511212885,3.756886269830969
MANDELA,0.7592623057515461,0.7592623057515461,4.3216039757073785,1.5464305600698316,1.5464305600698316,7.79152032256075,0.7155920625607861,0.7155920625607861,0.40375797205751845,1.4495689014324225,1.4495689014324225,0.8485281374238566
MANZIANA,1.1358156341864583,1.304815634186458,1.6938792207806008,2.784813173809402,3.0144151857677763,4.173594212862608,1.2473851316520759,1.247385131652076,1.1847286609177647,1.2849917134766682,1.521048310528947,1.5246963875060748
MARANO EQUO,0.9030000000000001,1.146,5.444,3.1,3.816666666666667,9.983333333333333,,,,,,
MARCELLINA,1.7475781308342213,1.9153321374909187,1.5335615908910776,4.105087821604994,3.7428557303993406,2.6710034741798343,2.279788659795757,2.622873487862755,2.7421532293679967,2.065882467704872,3.2336053722901466,3.9671685023358823
MARCETELLI,23.203,20.556,23.421,40.4,38.06666666666667,39.03333333333333,,,,,,
MARINO,5.491648152029762,3.6563275572174945,3.9042175452111936,12.087608907176131,8.399295665641022,9.135193905967265,0.9128748545118331,0.7551900423072331,0.7203061077686975,2.3216672648958308,1.803122292025698,0.6167542480349328
MARTA,0.705,0.705,0.705,2.4333333333333336,2.4333333333333336,2.4333333333333336,,,,,,
MAZZANO ROMANO,0.526,0.526,0.526,2.1,2.1,2.1,,,,,,
MENTANA,4.150919701087746,3.5667958514011886,3.553590114996172,8.817101736301547,6.4932974414911335,6.146894932842987,2.8912860925114274,3.126585592410141,3.339037323840511,3.537910508179776,4.298077017618777,4.389051245238923
MICIGLIANO,8.754,8.826,9.294,14.516666666666667,14.733333333333333,15.183333333333334,,,,,,
MINTURNO,4.816475955619348,5.210335542911488,5.05055447618581,8.821071294284746,9.424006444143687,8.580556460433801,1.1163094207342499,1.3514685190861113,1.480280335857797,1.6554538090674364,2.007241170263415,1.519348694192829
MOMPEO,5.97570033998228,5.97570033998228,14.858148634768364,9.570499010366166,9.570499010366166,23.968139419124938,1.359766340221731,1.359766340221731,0.7806458864299491,2.628080203410001,2.628080203410001,0.9074537025227347
MONTALTO DI CASTRO,8.272221611141182,8.034895444915632,7.28649824725776,8.713837716959556,8.070981112515645,8.307092760244018,1.7311973135355934,1.7077905264237934,6.251245920100362,2.39878751614624,2.3854446089026795,4.245552645051615
MONTASOLA,7.7301595638331255,1.5086082472348994,6.838889078120957,13.371560122209502,2.883297996756935,11.504314407169037,1.0371043020513098,1.8251806303304157,1.0375732905840112,1.2473304828045115,3.362084340273324,0.9858724280780169
MONTE COMPATRI,6.57192874261353,4.788033684641804,4.23382115332968,10.732182994031623,7.847020183834078,7.087498561928919,2.882329322918805,2.8714958206666545,3.9373600600433085,3.2690583033073533,3.618336787960887,4.888258108985994
MONTE PORZIO CATONE,2.254906732311623,2.6504503224625413,2.5978247590325965,4.251056406878249,5.545126081858697,5.562328292939325,0.6419239051476429,1.2416634205774124,1.1526322917565686,1.2073271672951325,1.7594250165576506,1.4740627907626973
MONTE ROMANO,0.24400000000000002,0.24400000000000002,0.265,0.65,0.65,0.8166666666666667,,,,,,
MONTE SAN BIAGIO,4.508967358893392,4.8522480415627225,5.678721550050401,6.566335003556005,7.238570074848503,8.5651186001618,2.183204983504756,2.1280680613202,1.348906048536286,3.3690691487430686,3.2203538644605003,1.9138203503289781
MONTE SAN GIOVANNI CAMPANO,4.7830272084948655,5.003663391165735,4.676105147920704,7.274221571298238,7.5658920895466615,7.2992177496303,0.9873966893118208,0.9384787339757481,1.895042092609959,1.334003677972866,1.3602960668044741,2.706351345785984
MONTE SAN GIOVANNI IN SABINA,2.388127911071974,2.388127911071974,24.611595701018036,4.106729730123929,4.106729730123929,32.03628130709001,1.439525952064313,1.439525952064313,4.976223105930842,2.1576993920995267,2.1576993920995267,1.9745815309128725
MONTEBUONO,1.3973585746351096,1.3970981275465177,10.109508995660036,2.5825022001404703,2.6981998943678676,15.312752744768554,1.016402282563356,0.9820205700493243,0.975850893664943,1.8220181118748517,1.7369646790583557,1.7079769275915835
MONTEFIASCONE,3.869645238238564,3.794893089991692,4.183793592295857,6.806700157955029,6.6622706708325765,8.154876916097754,1.7699937535200514,1.6923651201794487,2.54674272355886,2.3302118257312525,2.1114056812032325,4.148851916159725
MONTEFLAVIO,,0.276,0.276,,1.0666666666666669,1.0666666666666669,,,,,,
MONTELANICO,1.4114776074233013,1.2765864965959168,1.2765864965959168,1.9922316597633605,1.7725654040413659,1.7725654040413659,4.980860166678041,4.9172205563712525,4.9172205563712525,6.16361410934274,6.293250352560273,6.293250352560273
MONTELEONE SABINO,4.371008706264599,2.8795043326332883,2.8795043326332883,7.166898178483302,4.931711658551361,4.931711658551361,0.15980613254815973,5.443308001574042,5.443308001574042,0.1885618083164139,8.108157757605746,8.108157757605746
MONTELIBRETTI,4.15509665438952,4.170647405346567,4.169059948621259,7.01490928046149,6.907036615349534,7.617200913866738,1.7355056323734592,2.0536698980118495,4.556446334590148,2.3843281723230407,2.1395466160432735,5.635675055690608
MONTENERO SABINO,6.127517358334877,6.127517358334877,14.34550469595855,11.269433129637909,11.269433129637909,22.411277678812336,0.9424862510049327,0.9424862510049327,0.9548781772212269,2.099889767829977,2.099889767829977,1.8335605919752005
MONTEROSI,0.6127851537351416,0.7096519318747542,0.7096519318747542,1.789856474479354,2.062162834579008,2.062162834579008,0.5062884553295681,0.5437651147324551,0.5437651147324551,1.084230397819373,1.1785113019775793,1.1785113019775793
MONTEROTONDO,3.363024018385488,3.0881961159114075,2.9848358036132434,6.716118915718947,6.30144138518049,6.717284608128805,0.8888858626521838,0.8450213446515223,0.7088774980852945,1.0527212037716207,1.2330064495021469,1.1104668270930353
MONTOPOLI DI SABINA,4.024662057873621,4.301610328227058,3.9110892322066433,6.406516997294994,7.359445550669117,6.114792514602343,2.49883272749498,3.0228991511093746,3.1824099795246017,3.2259054619413003,3.938353082190574,4.30106575939809
MONTORIO ROMANO,0.7965,0.625,0.538,2.216666666666667,1.5666666666666669,1.1,,,,,,
MORICONE,0.437,0.427,0.229,1.75,1.6833333333333331,1.1833333333333331,,,,,,
MORLUPO,3.6277535248175288,3.342040229870715,3.654488772756151,7.102439706512056,6.380585914386046,7.06265246594457,1.3363228371168399,1.3232431917241987,1.9404007633018034,2.154901103399434,2.150043783648356,3.3237436129969877
MOROLO,2.721362515021826,2.2291245384015896,1.7368865617813538,4.011641820204553,3.6711920805436082,3.3307423408826615,1.4969554751042011,1.1009026126320167,0.9735426430196973,1.9859537622208159,1.4223931103931247,1.3528519258711698
MORRO REATINO,7.189495806689607,7.8972130299558065,11.82605152240535,11.125539553481318,13.14954282530205,19.616563476350745,1.8880045903899003,1.0410774867094827,1.579540861558615,3.230239069239991,3.2121874397594166,1.005586248764224
NAZZANO,0.8850366994579761,0.8850366994579761,3.416253355898873,2.1477871462489553,2.1477871462489553,5.039943951942739,1.87779019062301,1.87779019062301,1.9397182785136602,3.037283752399929,3.037283752399929,3.1040743834157354
NEMI,3.3268256574914763,3.3268256574914763,3.280329808255672,6.474127707392816,6.474127707392816,6.283580156556872,1.3736063118666864,1.3736063118666864,1.37369337917892,2.680008291861136,2.680008291861136,2.726729828119309
NEPI,4.008020409815863,4.604934132484103,3.801974798577365,5.94494592173983,7.457678223891143,5.260946728880713,2.6994101881033874,2.9257468199667334,3.0573760080411194,3.0723991217998297,3.564315991161346,3.5501358630994173
NEROLA,5.04813146802343,5.04813146802343,5.04813146802343,8.178782399038004,8.178782399038004,8.178782399038004,4.392168519080296,4.392168519080296,4.392168519080296,6.368830347873931,6.368830347873931,6.368830347873931
NESPOLO,32.361,6.397,31.85,47.78333333333333,11.533333333333331,47.35,,,,,,
NETTUNO,4.159416666666667,4.62388888888889,4.401,7.669444444444444,7.737037037037038,9.1,,,,,,
NORMA,0.876,1.165,0.876,2.4166666666666665,3.5333333333333337,2.4166666666666665,,,,,,
OLEVANO ROMANO,0.9650000000000001,0.9650000000000001,0.9650000000000001,3.2,3.2,3.2,,,,,,
ONANO,0.8039999999999999,8.611,8.426,2.566666666666667,10.65,11.933333333333334,,,,,,
ORIOLO ROMANO,0.8734130898396519,0.7795957512489884,1.957413089839652,1.674919664274933,1.5657865938081077,4.495920978607471,1.1087434329005064,1.109450539681693,1.1087434329005064,1.8384776310850235,1.8031222920256962,1.6617009357883872
ORTE,4.112861412165389,3.7955494868380035,3.5885393400823102,7.120877317760217,6.595576975787589,6.496494243077722,2.1055026814674602,1.6724507092886178,1.9759877192600837,2.2945330558622263,1.8448351326518768,2.063530326263079
ORVINIO,13.367,13.28,12.856,17.483333333333334,17.85,17.1,,,,,,
PAGANICO SABINO,6.902,11.678,21.149999999999995,9.883333333333333,18.133333333333333,29.666666666666668,,,,,,
PALESTRINA,5.737402225896772,5.837351359857873,5.659679013732062,9.72745978926433,9.57726956071378,8.976006936034088,1.2681488057899095,1.2298379417552416,1.412728569899403,1.716747001925522,1.8591678190512029,2.2990138448469573
PALIANO,3.8456796085205087,4.23703264700827,4.906976873062637,7.202375043507535,7.767215707574538,9.266461310068811,1.193728545057759,1.5166387176911973,1.8059795076752279,1.9286774294796232,1.8833013982753881,1.9328765880836527
PALOMBARA SABINA,3.896890995979162,3.718121916614626,3.858337593355023,5.911882431625595,5.489787019626954,6.0137709118436256,4.056019641635545,4.0123991546443225,4.003596276206823,4.553224335770405,4.452199459419471,4.379991483647588
PASTENA,0.536440867662301,0.536440867662301,0.536440867662301,1.3722966013415343,1.3722966013415343,1.3722966013415343,1.813021786962308,1.813021786962308,1.813021786962308,2.569154638311123,2.569154638311123,2.569154638311123
PATRICA,4.293999710307873,5.1571664628155744,5.163666462815575,7.412557296041257,9.308827376837902,9.327782022626366,0.9479288118269571,2.2042335591613997,2.2042335591613997,1.5247949733154782,3.4610106353571863,3.462751528502753
PERCILE,3.837,3.661,13.635000000000002,6.15,5.6,17.583333333333332,,,,,,
PESCOROCCHIANO,10.47754919547244,13.147681326121146,10.557306011864132,16.382052070182855,19.521521067191163,16.604976082584454,6.062353233618664,6.717770429908894,6.044267165049871,9.724506973601779,10.91299811132476,9.648027048362062
PESCOSOLIDO,1.9478418867637028,1.4834175414243886,6.191557071014959,3.6637930753761703,2.537856688729833,9.040914459138696,1.433567199913093,1.659129164150077,2.572140289071859,2.5707894377667984,2.563742923496382,2.7597302605709695
PETRELLA SALTO,8.774627887819747,9.15873740871775,9.731752318896548,12.363814776409187,13.001032680281387,13.194807663372147,4.920506274764823,5.190760362688413,5.86058719480029,5.951675434379001,6.1727238591459646,6.295524676496865
PIANSANO,0.7010117013804903,0.7010117013804903,0.7010117013804903,1.0014491673113761,1.0014491673113761,1.0014491673113761,0.574877813104663,0.574877813104663,0.574877813104663,0.6953216681667718,0.6953216681667718,0.6953216681667718
PICINISCO,3.7513165055060704,3.7513165055060704,6.090466074683987,7.14427444713309,7.14427444713309,9.763919588958963,2.7952380936156405,2.7952380936156405,2.5758421761953247,5.542451907608053,5.542451907608053,4.118667979568871
PICO,1.1197131379655025,1.1197131379655025,1.1197131379655025,1.981983248821523,1.981983248821523,1.981983248821523,1.25459726036457,1.25459726036457,1.25459726036457,1.9596322946304825,1.9596322946304825,1.9596322946304825
PIEDIMONTE SAN GERMANO,2.588785209484211,2.824506092477799,2.2412480473831216,4.6669432434199285,4.984462169316011,4.067006061341383,2.307350100893932,2.530961359792343,2.2674374564798074,2.884600373044646,3.5175171054739147,3.2228639207778924
PIGLIO,3.3198120077525006,3.3198120077525006,2.930466424507642,5.558221470317681,5.558221470317681,5.010621745853447,2.377564270658337,2.377564270658337,2.6362631223001998,3.744217764322298,3.744217764322298,4.197792078382793
PIGNATARO INTERAMNA,1.2028226541718268,1.2028226541718268,1.2028226541718268,1.95354654096336,1.95354654096336,1.95354654096336,1.109053244889532,1.109053244889532,1.109053244889532,1.3581612024542051,1.3581612024542051,1.3581612024542051
PISONIANO,0.145,0.131,0.131,0.65,1.4666666666666666,1.4666666666666666,,,,,,
POFI,2.9950087095079003,3.078915038229499,2.727935067494823,5.27013000271305,5.409932101813599,4.633340259998541,1.1733152488220204,1.1852643224101933,1.0599541763274385,1.6273640097014819,1.6314615124687024,1.4662584964782381
POGGIO BUSTONE,2.0088181899770725,3.006817475033318,3.006817475033318,3.1723389419217476,5.425852703048641,5.425852703048641,1.3580262761326332,1.7935281059037427,1.7935281059037427,2.0920683545238195,2.66048067224842,2.66048067224842
POGGIO CATINO,2.0783567874562157,1.9235028954232771,6.304061481042531,4.133255734958972,3.8695225501570873,10.579733936837068,1.231186148936599,1.2478485485025816,1.3882916360284914,2.1652292240297775,2.37043420776307,2.9886358835502937
POGGIO MIRTETO,5.3087090500002105,5.381900092690759,4.024563841541454,8.779659133776445,8.890698411310613,7.86738404517799,2.3481985350026,2.244468616186829,2.763909360377245,3.5205107837810132,3.3768914942623143,4.422286032880931
POGGIO MOIANO,3.2518721137489184,3.3139289095081566,3.3271182158073027,5.143548378636027,5.532727521625845,5.189745686179428,3.478221576227331,3.5030171281339753,3.697359237798423,4.657321993178929,4.862336353525414,5.1481478150812565
POGGIO NATIVO,3.892771329127685,3.892771329127685,10.326750101203743,6.5201957874521455,6.5201957874521455,14.04103512285377,2.923058317682257,2.923058317682257,2.5061686609529814,3.249452792760798,3.249452792760798,3.3194584744340547
POGGIO SAN LORENZO,3.986,4.31,4.415,6.633333333333334,7.383333333333334,7.716666666666667,,,,,,
POLI,3.211826695426104,2.9163290765457153,3.211826695426104,5.311388465041431,4.732395603180892,5.311388465041431,2.5311244536766657,2.530548622993309,2.5311244536766657,3.6993618068226013,3.721795166214721,3.6993618068226013
PONTECORVO,3.670101307441752,3.8497896467248935,3.8006681300020873,6.4073888655726945,6.801731951317252,6.56285213655067,2.000975251212745,1.9694120941623658,1.763594394269839,2.436979893573909,2.4105914097232444,1.8221121240452223
PONTINIA,5.38706773821,7.017049976583342,5.126432272747902,6.88981932238899,8.452974524488475,6.865835513325993,4.082081383576624,2.918314269823481,3.9794035603879854,3.9466640273076754,2.905305252656097,3.9110076582356332
PONZA,2.21347806226601,2.6021215848587897,,5.276838964717156,5.17043038445229,,2.496086937588513,2.01631498655344,,4.301566252218164,3.6769552621700465,
PONZANO ROMANO,0.214,0.214,8.912,1.4166666666666663,1.4166666666666663,11.066666666666666,,,,,,
POSTA,15.235755583572145,3.6410588156521735,15.77502591542428,16.863185040541232,4.716881410374197,17.584682784875916,3.0717720184501545,1.7831032339315473,3.072006332148732,3.595829079987921,2.3147445491981027,3.5824399033864704
POSTA FIBRENO,0.9523114435987938,2.0332185075406723,5.114071419697508,2.1304542525360466,5.331371857513504,7.980454252536046,0.8527707781109763,0.26445793616376884,0.7063996744053608,0.8956685895029601,0.7542472332656506,0.8956685895029601
POZZAGLIA SABINA,12.715448161747128,12.628448161747126,12.204448161747127,17.971072317100962,18.561992848568664,17.451745231920547,3.357534313550149,3.357534313550149,3.357534313550149,4.936492513245952,5.0074088627271625,4.932232891530601
PRIVERNO,5.563110607198419,5.156351665156881,5.149933895358278,8.173793374957322,8.277602074494194,8.616156549122863,1.71037441193629,2.020825428546527,2.0461414257021335,2.2595129697345975,2.8298120243763267,2.8684550176068986
PROCENO,7.095,7.717,7.349999999999999,11.066666666666666,11.766666666666667,11.933333333333334,,,,,,
PROSSEDI,3.469866380171793,3.469866380171793,3.232872831798993,4.869085614603209,4.869085614603209,5.336527594760237,5.367698637839746,5.367698637839746,4.75514804361196,7.231022416310517,7.231022416310517,7.365535358078943
RIANO,3.5847805272587707,3.686899865508892,4.248279374444951,6.043179246805591,6.391070578311163,7.287958177919098,1.1009777977375887,1.1010223121919214,2.065834482990133,1.6210160089383965,1.5775772564283503,2.650903933881171
RIETI,10.880528031523694,15.028373784408329,17.514291317024703,16.296556394853194,20.143720174605466,22.430624479581876,4.744767843023059,4.930649525316312,5.1947302299828175,5.3286198457048535,5.534454578685325,5.696090119319979
RIGNANO FLAMINIO,2.2931046541338964,2.6471335720109237,2.6677293220290563,3.621010078084923,4.354678080984039,4.45602734990102,2.266715160545678,2.435669908826297,2.435429657996227,2.488356483588714,2.6572552175139843,2.6946178965607737
RIOFREDDO,0.144,0.144,0.144,0.8,0.8,0.8,,,,,,
RIPI,3.730703415432992,3.631087718408539,3.730703415432992,5.556520043053669,5.351832570587141,5.556520043053669,1.8542967231374872,1.7124596811261743,1.8542967231374872,2.126484638657317,1.9606015233426024,2.126484638657317
RIVODUTRI,2.427074533640672,3.0040021257592704,7.685334402942938,4.255705564755487,5.128737153548005,12.884456736871089,1.8911976687332879,1.7815745969350942,1.7702342468975365,3.120090711723413,3.137361968829353,2.1816582491420107
ROCCA CANTERANO,10.988748182900792,4.0607481829007925,12.935748182900792,18.507587650298348,7.457755780231092,19.47442244689776,1.1568266940211913,1.1568266940211915,1.1568266940211924,1.272792206135786,1.2492219800962339,1.2492219800962332
ROCCA D'ARCE,3.8294546691574705,3.8294546691574705,3.804905263163432,6.363571123025981,6.363571123025981,6.7524703831319,2.0606260699117636,2.0606260699117636,0.8078374217625723,3.154436910483743,3.154436910483743,1.518286680585865
ROCCA DI CAVE,5.450400571932551,5.316985982798687,4.574400571932552,11.524068621977754,11.445213585231393,8.846013839826371,3.99373910014162,3.994446206922807,3.993739100141621,7.719249027953144,7.825315045131127,7.624968123794937
ROCCA DI PAPA,5.493787237980596,5.475453904647263,4.29119805384555,10.325615609934086,10.325409085023384,8.369308974684982,5.821897656612839,5.821897656612839,6.084243940978481,6.466986437301912,6.51814024575833,7.791500295312311
ROCCA MASSIMA,4.099960992626319,6.309816415204148,7.729036241330223,7.057460622626288,10.26299791933899,13.684116922287581,3.9661741430922235,3.69612107485672,0.8790758404900759,6.303533694447665,5.389573266966505,1.2619429464123977
ROCCA PRIORA,5.449435629906442,4.373042485017142,3.8657769100525634,9.304380770560348,6.805510869804394,6.628061765083861,1.8102106921571315,1.130388244513067,2.5012385598605613,2.3100976009523766,1.8741850080620235,2.492228662001886
ROCCA SANTO STEFANO,0.046,0.944,0.092,0.23333333333333334,2.5,0.6333333333333333,,,,,,
ROCCA SINIBALDA,5.8555528277726525,5.606987793941197,5.606987793941197,8.554300283203021,8.289010635425296,8.289010635425296,5.760803928685814,5.932484567435229,5.932484567435229,8.037524428690649,8.367025540902597,8.367025540902597
ROCCAGIOVINE,4.022,4.099,7.1579999999999995,8.183333333333334,7.766666666666667,11.333333333333334,,,,,,
ROCCAGORGA,3.186116658155193,3.282343520616011,2.6996162858493213,6.266778531120342,6.14163568780957,6.227739295237766,1.4649810010144615,0.8163634811365177,2.4304709420192623,1.672019182948613,0.5027931243821121,3.433589526579588
ROCCANTICA,0.646645829013297,5.370620622994673,5.370620622994673,1.2251836686045767,8.249036334864682,8.249036334864682,2.2443569234861016,0.526794551983978,0.526794551983978,3.5944594710316164,1.2138666410369068,1.2138666410369068
ROCCASECCA,7.719450234998925,3.0681095625568227,3.268425218741522,13.317877538710418,5.5596022300024455,5.717822707002797,0.9517784668713634,1.0612988504657868,2.3135462678177268,1.7047930796564261,1.8785583518968687,3.6819881907791387
ROCCASECCA DEI VOLSCI,1.6712599915793487,2.3777469133590463,2.3777469133590463,2.7554191916114448,4.61990092003299,4.61990092003299,3.7603798566988766,3.6615503546994956,3.6615503546994956,7.8355788743586965,7.3245528241711835,7.3245528241711835
ROIATE,6.758,0.727,6.758,13.366666666666667,1.9666666666666663,13.366666666666667,,,,,,
RONCIGLIONE,1.9430024500022602,1.9430024500022602,1.9653606640614938,4.131989870076116,4.131989870076116,4.308687369097739,3.085631264425482,3.085631264425482,3.266274590416427,3.8584575213995094,3.8584575213995094,4.157165834769859
ROVIANO,0.344,0.344,0.344,1.3166666666666669,1.3166666666666669,1.3166666666666669,,,,,,
SABAUDIA,10.132520206248083,11.037725222442306,9.806525793897306,10.84228543708221,11.829749012443033,10.93408747434545,2.4551888149593806,2.604497095227334,3.605742059853672,3.1457370567224188,3.4206572831566917,3.3999362559563595
SACROFANO,3.8291345613125745,3.782134561312574,3.6982238793745412,6.311964679446491,6.167196951005897,5.885529792321626,1.6032404742214494,1.6032404742214494,1.6031661684418006,2.0600848271247223,2.039243769517306,2.0538593875527082
SALISANO,2.1588224601454598,2.1588224601454598,10.647345042920277,3.507622119907591,3.507622119907591,15.970851291313304,3.12541197284454,3.12541197284454,3.365828278447966,4.8201112250883,4.8201112250883,5.161879502661794
SAMBUCI,0.376,8.566,8.35,1.2833333333333334,12.0,12.2,,,,,,
SAN BIAGIO SARACINISCO,11.494104758702647,0.45756497525059747,12.410104758702648,19.201261980424004,0.9418445309990479,19.10770214391327,1.4573470760254743,1.1165216074935587,1.4573470760254743,2.3688077169749326,1.9681138743025572,1.8502627441048023
SAN CESAREO,4.422283845513947,4.422283845513947,4.422283845513947,7.788587363820183,7.788587363820183,7.788587363820183,2.3184334574079477,2.3184334574079477,2.3184334574079477,3.4742983475712776,3.4742983475712776,3.4742983475712776
SAN DONATO VAL DI COMINO,1.223099513044102,1.1960995130441021,0.7426303568179138,2.6608976281684287,2.573487085756706,1.4762817336705316,1.306840592166211,1.306840592166211,1.316471166920618,2.271991294975499,2.2998993536755115,1.9151684966003306
SAN FELICE CIRCEO,3.392561546197007,4.167434041617597,6.141230655266618,4.831922162102643,6.295671065802067,9.476991700960552,1.9684921492519765,1.5903186403289686,2.2328258926003763,3.98622163996973,2.9115042496765784,2.3703492475910712
SAN GIORGIO A LIRI,2.115588246576433,2.2291853692133596,2.115588246576433,3.8298834662685355,4.1650809432636615,3.8298834662685355,1.136411057192375,1.1698617089988963,1.136411057192375,1.7304667438339152,1.816823735217174,1.7304667438339152
SAN GIOVANNI INCARICO,1.2920682171298936,1.2920682171298936,1.2920682171298936,2.2726837623179157,2.2726837623179157,2.2726837623179157,0.9953605879278122,0.9953605879278122,0.9953605879278122,1.4915316512453454,1.4915316512453454,1.4915316512453454
SAN GREGORIO DA SASSOLA,9.66,0.23100000000000004,0.23100000000000004,18.966666666666665,0.4833333333333334,0.4833333333333334,,,,,,
SAN LORENZO NUOVO,0.179,0.179,0.156,0.6333333333333333,0.6333333333333333,0.5833333333333334,,,,,,
SAN POLO DEI CAVALIERI,3.728801199390648,3.728801199390648,3.728801199390648,6.504276095673316,6.504276095673316,6.504276095673316,4.252196491226623,4.252196491226623,4.252196491226623,6.454520379806181,6.454520379806181,6.454520379806181
SAN VITO ROMANO,0.6169999999999999,0.622,0.622,1.6,1.6,1.6,,,,,,
SAN VITTORE DEL LAZIO,3.0847569168930473,2.214885565701025,2.267169781930649,4.212342035742767,4.210430365682809,5.091149647813054,0.5150291947342126,1.3257899756461464,1.215633853866643,0.8930859495185852,1.6895287139117452,1.5804610538881183
SANT'AMBROGIO SUL GARIGLIANO,1.3015245153349284,1.3015245153349284,3.6296023901662005,2.3166635779827702,2.3166635779827702,4.840185727048818,0.828421943617301,0.828421943617301,1.2832413062242034,0.9460443964212251,0.9460443964212251,1.6200708717922283
SANT'ANDREA DEL GARIGLIANO,2.0612543333250386,1.8724053281327693,1.8724053281327693,3.8310264826894183,3.5924873924231715,3.5924873924231715,1.2508904694923,1.3569203366447125,1.3569203366447125,1.6895238207082908,1.5672250777869925,1.5672250777869925
SANT'ANGELO ROMANO,3.007688456717952,3.007688456717952,3.2364036537774816,5.40495504512453,5.40495504512453,5.2870653053315655,2.5548296029285398,2.5548296029285398,2.7023078100024063,3.386536524183614,3.386536524183614,3.1879228114638933
SANT'APOLLINARE,2.3028276824706246,2.3028276824706246,2.382361606139969,3.5407030186007264,3.5407030186007264,3.6552754690128166,1.5041246845480154,1.5041246845480154,1.354825302391419,2.07534245277648,2.07534245277648,1.7354287547931675
SANT'ELIA FIUMERAPIDO,4.277865218626151,4.335068458883446,3.400617248903326,7.338103448353421,7.460568986954453,6.384311433382068,2.6541759984346673,3.603811488086838,3.2351317541433557,4.962962227750083,6.480028435008486,6.2319494898823145
SANT'ORESTE,0.9406144831578154,2.847180609264566,1.623398687791504,1.8291952061745032,5.599226234998909,3.79272973796421,1.9014101346106262,1.8971674939235073,1.995455336508437,2.4041630560342617,1.9209734222234542,1.8031222920256964
SANTA MARINELLA,4.45805811560115,4.400003401644725,4.3243626243722675,7.676284216173567,7.479122540548203,7.284943519117507,3.141034659880069,3.1381133663397183,3.5029692761998357,2.8260636586016843,2.8256510472593592,3.750833240761311
SANTI COSMA E DAMIANO,3.4416680633279335,3.3414153585802153,2.9717735158854794,5.902234200251424,5.732628490787042,5.7201081920414225,0.7090742518711747,0.7632907375305952,2.4715536341877486,1.2553147753393106,1.2485352529175047,3.8384555150139152
SANTOPADRE,1.6274900095603264,1.3642698245290175,1.5386809536816333,3.211045340504412,2.314181565730942,2.8721018596852645,1.4328015680244537,1.3386661271579259,1.4332160804754228,2.3833527582735985,2.061036237034752,2.3420669883198855
SARACINESCO,8.694445696015457,8.694445696015457,11.064445696015456,14.47023421263089,14.47023421263089,18.027716836056054,0.20930360723121763,0.20930360723121763,0.20930360723121888,0.24748737341529012,0.24748737341529012,0.27105759945484287
SCANDRIGLIA,3.366764738774861,4.7534059489019675,4.662405948901967,5.314348822007248,7.267464119041454,7.071573537203441,1.5105767772609242,3.236964828353871,3.23696482835387,1.9112968256018101,4.485879078966698,4.550421225923302
SEGNI,5.632225008044818,5.463052338158816,5.153203408221641,9.240106711900811,8.76370064465931,8.859166637769809,1.1621333625625554,0.8391860568999211,2.6572244828732394,1.8204961821455028,1.6143146857914368,3.743571208996216
SELCI,1.4764684902837617,1.8281635696125762,4.121594618091611,3.7466441577601017,3.64121569126728,7.019614177035705,0.4252109280502246,0.3316509208992693,0.9787366005894197,1.1898879499067696,0.3404789654676569,1.7242013717574785
SERMONETA,4.7411342341671965,4.345290337106428,4.5859171904384555,7.319586911730063,6.793963647231637,6.335092149154631,1.615334462632922,1.6225761201608921,2.5204970676111205,1.9769782709941717,2.139462808434506,3.5588886971826432
SERRONE,3.3489356133685932,2.1527182343022004,3.3489356133685932,6.607579213594085,3.8095388689590695,6.607579213594085,1.9925476907717916,1.2388642244679868,1.9925476907717916,3.141932644208138,2.2048599518807097,3.141932644208138
SETTEFRATI,3.349378277055488,1.760374823903441,6.206376001576675,5.7297457261753895,3.1807709671999898,9.517352964666957,3.210971893368113,3.1664241661533596,0.4419417382415922,5.468292441175968,5.456507328156192,1.3081475451951126
SEZZE,9.248848786910306,9.1333383525555,7.7915096754862665,13.18671004357279,12.854499497530782,11.432405788977677,2.748233607511984,2.607781699963911,2.2146678736607432,2.9658390181283525,2.6077875449563814,2.236326507914263
SGURGOLA,1.6609183883076275,2.374927746547882,1.6445196330155665,3.841712765972855,4.628084117696911,4.061919964061766,1.1069241166403416,1.5783659271537764,0.8610894262502587,2.0586088434596723,2.0796856956262872,1.0713439119992134
SONNINO,5.882975289259777,5.882975289259777,7.023034741929499,9.163667230404227,9.163667230404227,14.440262737297457,2.510072959385426,2.510072959385426,2.626132523200565,3.1265822791613873,3.1265822791613873,5.315968121244303
SORA,5.45399418387125,5.438916464002017,8.668919754185831,9.328375766836444,9.270875310059216,13.543330177583467,1.6951903236313421,1.738805343795306,2.2782536185897486,2.1635584008072675,2.3153873782630314,3.0012679647831297
SORIANO NEL CIMINO,4.271956983750127,3.6748524289949906,3.6289927315374153,6.263207985565171,6.024103521723311,5.706598659312971,3.8842839912910594,3.290329573158288,3.5719640535705284,4.221429293234435,3.8562107192308765,4.872442349011884
SPERLONGA,2.368827152491825,2.3378271524918244,1.1668539630647565,4.887434696938211,4.487074280601371,3.075519273193201,1.1265808152695187,1.1265808152695185,1.314405188669004,1.575183704748023,1.5847654342146287,3.18792571594295
SPIGNO SATURNIA,13.29047971666974,3.7981114429025036,3.7981114429025036,21.563388789474452,6.536916671272156,6.536916671272156,2.6231134626804153,1.9443331700586903,1.9443331700586903,3.4160955775137487,3.242722825458772,3.242722825458772
STIMIGLIANO,1.2211246008405987,8.871377260516477,1.548847269259427,17.474140630740997,28.507279887497653,17.769770606534678,0.7725138078593375,0.9357657737560896,2.040975420397479,9.647111446399862,14.009054611611415,15.315732651971524
STRANGOLAGALLI,2.344625858357946,1.849161855112486,1.8900066278519332,3.722637897571422,3.261594402529033,3.360788451388252,1.307306627248198,0.9153997519566809,0.9253910125691683,1.8432609006873943,1.2676441733315995,1.3117095261148743
SUBIACO,3.4513011606027106,6.351476521631246,3.888916208167106,6.055735195468077,10.531226251330528,6.818123989996739,3.5820402197785426,3.8100553179613974,3.9168273215278044,5.1411032016124345,5.282862268208017,5.5603038042054616
SUPINO,2.5441502808734056,2.5441502808734056,2.23107765640863,5.585707564764669,5.585707564764669,4.632744848691674,0.8738666469586001,0.8738666469586001,0.6639329785452746,0.9573787516307609,0.9573787516307609,1.3631390787986926
SUTRI,1.7464943089521876,1.9451957590151052,1.9174290795860747,3.3714058883835882,3.8198814385816444,3.8463273072917175,2.5883222107509467,2.5884325501481906,2.3854410633395804,3.231127540841615,3.2301989389486816,2.847942727264327
TARANO,2.446644975944199,2.5511567390444214,4.379389373625612,3.894526856264023,4.371454642944965,6.933836991165973,1.813245653517471,1.7552835098638626,1.779137656281829,2.3836654780214257,2.791813428978058,2.7366849370076283
TARQUINIA,3.17722672237477,3.0706443534340915,3.4378011368450356,5.28984943388504,5.5377337230948065,6.322056218411151,3.3280314852276667,3.5543801710002825,3.5546590084938767,3.8854488753505643,4.367747957726295,4.363986666985777
TERELLE,10.964,0.176,11.452,19.45,0.4666666666666667,19.516666666666666,,,,,,
TERRACINA,7.600628894455827,8.548499174390157,9.2400273048213,11.304781197176482,12.132535600911666,12.669310574773242,2.9184957358482024,2.330749920106802,1.7224285135899282,2.863034470566677,2.4624180519606305,2.1514625340343567
TESSENNANO,5.343,5.284,5.343,8.45,8.833333333333334,8.45,,,,,,
TOFFIA,0.6548186600513494,0.4886560880925565,12.8293155203759,1.67438579381893,2.0107751350804404,18.070856593698352,1.1554124804588186,1.1462200923033938,1.4566399692442884,1.3788582233137674,0.7542472332656507,3.170195402319684
TOLFA,11.998285700452081,11.998285700452081,12.399762093566313,15.337493866423799,15.337493866423799,16.58547614245163,17.615444132919272,17.615444132919272,18.806919059218604,21.401765243912838,21.401765243912838,24.64267132435118
TORRE CAJETANI,2.738787349999322,2.444583532040717,3.135675809553065,5.724798602177423,4.997683049142416,5.304073918160403,1.7189888597661127,1.7190540421987903,1.2219753270831617,2.7260319147067964,2.693675720811413,2.028840665119971
TORRI IN SABINA,4.713690909920362,6.745024716291325,6.716220891490998,6.853528710892411,10.618361240720978,10.579711484311716,3.9812186953243347,1.0643512108322142,0.9826442387761706,5.0507782678624,2.0140961579163332,1.856804303695525
TORRICE,3.7305416167473604,3.7305416167473604,3.1745929377165525,6.009635707791673,6.009635707791673,5.65989707675206,1.2141941144722483,1.2141941144722483,1.0315673303972248,1.5647586320962017,1.5647586320962017,1.3054120150743707
TORRICELLA IN SABINA,3.3524058205628187,3.0364843434947866,2.9431849248700797,5.849260740013179,5.03339925087283,4.916421015832321,2.7650436285630544,2.756532811859337,2.731252587445652,4.30210358291095,4.215306575304995,4.089220731444585
TORRITA TIBERINA,0.8825307977710289,5.755150807634082,0.7171508076340825,2.7526531871601354,9.125653022775909,1.53031870313722,0.6597306268470489,0.6590235200658626,0.6590235200658622,0.966379267621615,0.9781643806413904,1.0488750587600455
TREVI NEL LAZIO,1.4883828620496662,1.4883828620496662,1.4883828620496662,2.9222917242437467,2.9222917242437467,2.9222917242437467,4.846509878252596,4.846509878252596,4.846509878252596,7.1182082639445765,7.1182082639445765,7.1182082639445765
TREVIGNANO ROMANO,3.071923020667955,3.5331784423001067,2.95853434343088,5.301622598139361,7.383601382701343,5.57269462398118,2.68006287239684,2.798105152499535,2.266717401392987,3.7127875870653657,4.25560088458597,2.9996193174105805
TRIVIGLIANO,2.4532940398732404,1.6886756027348702,1.6886756027348702,4.466591713552664,3.496088110327643,3.496088110327643,1.8598076961521226,0.8823427149734203,0.8823427149734203,3.217846645978804,1.5948412204725955,1.5948412204725955
TURANIA,28.623000000000005,12.722,28.112,37.66666666666666,19.83333333333333,38.61666666666667,,,,,,
TUSCANIA,0.281,0.281,0.281,0.9,0.9,0.9,,,,,,
VACONE,7.220000000000001,7.713000000000001,9.44,10.416666666666666,14.733333333333333,14.083333333333334,,,,,,
VALENTANO,0.9329999999999999,1.013,1.013,2.15,2.1166666666666667,2.1166666666666667,,,,,,
VALLECORSA,0.294,0.294,0.294,1.1,1.1,1.1,,,,,,
VALLEMAIO,2.194939990472547,2.1730603907318664,2.1730603907318664,4.094323930650875,3.966894094835658,3.966894094835658,1.2145110401584116,1.206190642753734,1.206190642753734,1.7032648388054958,1.6428182650104215,1.6428182650104215
VALLEPIETRA,14.686000000000002,14.686000000000002,14.686000000000002,22.716666666666665,22.716666666666665,22.716666666666665,,,,,,
VALLERANO,0.238,0.872,0.872,1.9,3.1,3.1,,,,,,
VALLEROTONDA,6.183349894140184,6.183349894140184,6.183349894140184,10.634914937041758,10.634914937041758,10.634914937041758,4.4574611587923965,4.4574611587923965,4.4574611587923965,5.877526474659,5.877526474659,5.877526474659
VALLINFREDA,20.68813915071182,5.07434960430113,15.544662941737306,30.556775247692226,7.966783453375088,25.317783248233017,0.14637110370561585,0.5062884553295688,0.5069955621107537,0.43604918173170465,0.9781643806413898,0.9428090415820625
VALMONTONE,4.595155144630072,4.367497055180928,4.546293705280859,9.2156494902371,8.924691661267275,9.191872094943283,1.9226305496781109,1.626340569499513,2.282728630389517,3.7114408536142047,3.0193869870849244,3.9862480619137477
VARCO SABINO,16.12323277612097,18.160426769159724,17.82461439401495,27.685170095150053,30.892467123989423,30.068855897796933,2.061557986895672,3.1316591449262163,3.132181720994701,3.332458218459425,5.663757423137769,5.664076205283547
VASANELLO,0.884,0.216,0.484,2.25,0.5333333333333333,1.6333333333333333,,,,,,
VEJANO,0.049,0.339,0.041,0.15,1.1,0.3166666666666666,,,,,,
VENTOTENE,0.271,0.271,0.271,1.05,1.05,1.05,,,,,,
VEROLI,6.448196428352569,6.532575890929312,6.03648754342033,9.647067109680608,9.744689012503654,9.77280996333472,1.5559053796719198,1.3762071764989718,2.013243335536749,2.141490193525462,1.9660498503802941,2.6848174364694013
VETRALLA,4.212529322080972,3.5833600135536914,3.4421466582327866,6.450362188773205,5.870768081905133,5.302157894702195,3.8287041688409404,4.0896829247510125,3.8210820849597043,3.6747654403603325,4.137734551928414,3.6524991444215287
VICALVI,1.3223765829331784,1.3223765829331784,5.489742306973923,2.265739765222832,2.265739765222832,8.584914185770602,1.1504627329905128,1.1504627329905128,0.7891311678041875,1.0488750587600455,1.0488750587600455,0.5421151989096845
VICO NEL LAZIO,2.6219121875893325,2.460950291733946,2.6035799019785664,4.843798366245663,4.401323056801826,4.837326642346214,1.729870074945074,1.6982690907986002,1.7114277526033497,2.7972184785838983,2.396610812427288,2.5215998113232816
VICOVARO,3.471719611266688,3.4862730059061424,3.6907196112666885,5.1088432431162145,5.169708702251565,5.8090933546423305,2.029608398189168,1.6518311808414323,2.029608398189168,2.536438155863162,2.230901453739339,2.575503366837751
VIGNANELLO,1.1400734213751897,1.1400734213751897,0.9861773311206787,2.6296270883444244,2.6296270883444244,1.8528787664490016,1.4697132373357735,1.4697132373357735,2.192802544690242,1.9157969041048633,1.9157969041048633,2.433637728297413
VILLA LATINA,1.776918620886209,1.754719305832812,1.9026942236188942,3.1628414278620496,3.1486601048983607,3.430160525703249,1.440589231298545,1.4584639179630055,1.7649261552068782,2.2820556035683657,2.358985971729127,2.7834830299065554
VILLA SAN GIOVANNI IN TUSCIA,0.187,0.187,6.098000000000001,0.8166666666666667,0.8166666666666667,7.533333333333333,,,,,,
VILLA SANTA LUCIA,3.738769425004838,3.743788668909702,2.7618157507257095,5.925636860216647,5.891203393064208,4.7934850309780055,0.4935210163607458,0.4946925327140857,1.3333401329954822,0.7387258029646805,0.7437195491623626,2.088366569540637
VILLA SANTO STEFANO,2.1238264495083943,2.0984404913163033,2.0984404913163033,4.283417494994162,4.3371419141197505,4.3371419141197505,1.0892484539554987,1.0427265274802935,1.0427265274802935,1.84689011216687,1.8626341197877618,1.8626341197877618
VITICUSO,0.351,0.415,12.985,1.7333333333333334,1.5166666666666666,21.95,,,,,,
VITORCHIANO,3.3788009008851008,1.9234996196031326,1.8764996196031327,5.784419908654768,4.047228809926407,3.9886258863572963,1.4835568745417211,1.0212376478241163,1.021237647824116,2.4934915279583367,1.0716463623443724,1.139728687662762
VIVARO ROMANO,22.979,7.999,16.672,33.666666666666664,12.416666666666666,25.58333333333333,,,,,,
ZAGAROLO,8.585634193868934,8.47755106588765,7.576039204234626,11.450117190381064,11.439164111781643,10.495885890473254,3.4396621775740317,2.9155874638328476,2.6907522337319234,4.235933284063506,3.791154150682704,3.543483194280475
