Comune,Popolazione_totale,SI_mean_km,SP_mean_km,SS_mean_km,IC_mean_km,SI_mean_min,SP_mean_min,SS_mean_min,IC_mean_min,SI_St.Dv_km,SP_St.Dv_km,SS_St.Dv_km,IC_St.Dv_km,SI_St.Dv_min,SP_St.Dv_min,SS_St.Dv_min,IC_St.Dv_min
ACCUMOLI,369.0,6.135867208672087,6.135867208672087,65.9310840108401,65.9310840108401,44.69602529358627,44.69602529358627,157.01287262872626,157.01287262872626,6.6972904869556515,6.6972904869556515,20.779140556497193,20.779140556497193,45.63666289289786,45.63666289289786,74.88058845774236,74.88058845774236
ACQUAFONDATA,249.0,5.129373493975903,17.74484738955823,10.550638554216867,,56.77255689424365,93.88159303882193,31.350468540829986,,3.156524671216748,36.858648076129974,3.6359430688612284,,7.719249027953147,95.82475396379695,0.04714045207910551,
ACQUAPENDENTE,4502.0,2.333693025322079,2.1182461128387384,2.353551088405154,2.1182461128387384,9.183744261809567,6.699278098622835,10.763827187916482,6.699278098622835,11.526206614349174,11.42871090718459,11.186132799140193,11.42871090718459,16.29543789826761,17.122783041143578,16.888684437724482,17.122783041143578
ACUTO,1766.0,1.5618776896942241,1.5618776896942241,1.5618776896942241,12.066115515288788,8.73693846734617,8.73693846734617,8.73693846734617,62.39012835032088,21.360090659919962,21.360090659919962,21.360090659919962,3.16486813838007,41.868220291414,41.868220291414,41.868220291414,20.940897872433833
AFFILE,1325.0,0.16003849056603772,0.4693411320754717,0.4693411320754717,9.335751698113208,2.1795220125786163,6.300176100628931,6.300176100628931,11.50491823899371,1.3732013690642753,1.3498668452851192,1.3498668452851192,2.5682118292695404,23.853068752026207,23.42880468331427,23.42880468331427,14.106780284671622
AGOSTA,1588.0,1.3616933249370278,1.3616933249370278,1.342509445843829,8.970139168765742,9.563539042821157,9.563539042821157,9.343807724601175,25.68037363560034,1.5844434091082795,1.5844434091082795,1.5818953557889557,1.222472085570873,6.313072489624942,6.313072489624942,6.270867017259108,2.6786881808770446
ALATRI,23292.0,8.794936601980654,9.265001049478125,5.45733517946076,5.277887271738508,43.797173087564644,48.37412217515472,28.95891865590474,25.902692149903643,4.37686290914573,4.242997159369194,8.313369080096514,8.488833557234697,27.089322545237128,28.47817863908288,52.01265647765391,52.56485002184378
ALBANO LAZIALE,38363.0,5.278538257348661,5.2259772697651385,5.068699901815116,4.965478160380228,40.600029035500064,41.56451198637576,40.85196543544562,39.050772590487945,0.7387136607101847,1.0691301925263494,1.3754018258456988,1.3742724590366595,8.429029600922487,9.885228518205476,11.978761127250971,11.715849255921567
ALLUMIERE,3642.0,0.8155205930807249,1.1451647446457989,0.7281779242174629,4.7316960461285005,9.504956068094453,11.02107358594179,9.373517298187808,20.84514003294893,1.101672365088641,1.0875302294649098,1.723926332532803,1.096722617620334,5.032243259444263,7.129993376964355,14.24820164090893,4.973317694345385
ALVITO,979.0,1.2050500510725228,1.35855873340143,1.0505188968335037,1.0505188968335037,12.685478379298607,15.068896833503572,11.64077289751447,11.64077289751447,1.9268821102150144,1.8812871923233838,2.0604484948670763,2.0604484948670763,11.711321287382404,11.65052057333189,12.043627483568352,12.043627483568352
AMASENO,2299.0,0.2559556328838625,0.6334984775989561,0.3350356676816007,0.3350356676816007,3.633935044222125,9.316166449180802,4.613208641438306,4.613208641438306,0.5119931640168646,0.5535746712654642,0.5048645858049462,0.5048645858049462,7.057756109153694,8.340891017329202,7.043139228013683,7.043139228013683
AMATRICE,1806.0,11.014126799557031,10.71444130675526,10.71444130675526,10.71444130675526,39.83313953488372,37.78594499815429,37.78594499815429,37.78594499815429,25.82557242375264,25.799888644715313,25.799888644715313,25.799888644715313,61.04773143438685,59.674445944577236,59.674445944577236,59.674445944577236
ANAGNI,14668.0,4.760661344423235,4.768457935642215,3.340983796927552,3.37313693073357,35.72091696209436,35.747368875556774,25.205201799836377,27.65063005635851,5.391313564637672,5.387378852443352,5.476635586034753,5.494291150366897,20.73370554905398,20.720082582418012,20.402142291104546,21.605318910746092
ANGUILLARA SABAZIA,17530.0,7.194953812511884,7.159339741395704,7.541654934398175,7.541654934398175,46.304284718260746,44.13816980414527,47.125379349686256,47.125379349686256,14.275770592160692,13.759309165694756,16.276599499113612,16.276599499113612,51.55328487902766,50.47716769464809,54.982043763065384,54.982043763065384
ANTICOLI CORRADO,794.0,5.061,0.38000000000000006,0.38000000000000006,,39.56666666666667,5.583333333333332,5.583333333333332,,,,,,,,,
ANTRODOCO,2289.0,0.5603529925731761,0.7850537352555701,0.27217737003058107,33.7443377020533,6.776802096985582,9.960382991116935,2.790643658074851,79.63604193971166,3.5752714232628553,3.6233116068039193,3.5330978852370714,12.941372840622433,20.497453969041203,19.178098040328305,23.249931799979624,17.610236790424334
AQUINO,3586.0,0.6275527049637479,0.548606525376464,0.584622699386503,0.584622699386503,6.755344859639339,5.476854433909649,5.9007064510132,5.9007064510132,2.317141924872104,2.753460616509099,2.840869755315556,2.840869755315556,17.088220235979325,17.419212466783996,16.805208903679127,16.805208903679127
ARCE,3260.0,10.780483895705522,3.367069631901841,3.367069631901841,3.367069631901841,50.632361963190185,18.550593047034763,18.550593047034763,18.550593047034763,3.8771995685682072,3.3178478237132394,3.3178478237132394,3.3178478237132394,17.688544707192953,12.79791053420495,12.79791053420495,12.79791053420495
ARCINAZZO ROMANO,1179.0,4.336985581000849,4.454879558948261,2.2460992366412214,39.260738761662424,29.51472999717274,12.707025728018097,6.922137404580154,117.50067854113657,5.283501869025883,0.07672108575874059,5.173900317941968,5.297644004649618,7.1535636030039065,1.0017346066809405,5.197234841721125,9.157032816365822
ARICCIA,17837.0,2.7073309749397327,2.685530974939732,2.0633127207490047,2.0633127207490047,35.007984152791025,34.60464315748164,33.88919661378034,33.88919661378034,0.1633416664540924,0.1633416664540924,0.21142492757477782,0.21142492757477782,1.430712720600771,1.4283556979968233,3.3234018715767704,3.3234018715767704
ARLENA DI CASTRO,799.0,0.675,8.068,8.068,8.572,10.116666666666667,17.983333333333334,17.983333333333334,21.83333333333333,,,,,,,,
ARNARA,1277.0,1.2248747063429914,1.2248747063429914,1.2248747063429914,8.993068911511354,19.396867658574788,19.396867658574788,19.396867658574788,40.0366092404072,0.7967537434978123,0.7967537434978123,0.7967537434978123,2.879102469134744,12.288659079627388,12.288659079627388,12.288659079627388,24.347242187986996
ARPINO,3191.0,7.919212315888436,5.395071137574428,3.845135694139768,3.845135694139768,39.536391413350046,28.03484104599742,25.10448135380758,25.10448135380758,5.305522595359332,6.714539234364822,11.510264249904587,11.510264249904587,18.603354282767807,27.08483138606969,44.68809824774377,44.68809824774377
ARSOLI,1260.0,0.4309999999999999,0.158,0.025,,6.516666666666667,3.0,0.45,,,,,,,,,
ARTENA,12903.0,3.982878369371464,3.1592412810974193,2.179450902890801,2.179450902890801,26.276508047224155,17.43703596062931,13.808321062285257,13.808321062285257,1.0547090821643663,1.3642209612998917,2.928799156651067,2.928799156651067,4.329024396122321,5.093207111492282,11.826790444673575,11.826790444673575
ASCREA,174.0,5.22609195402299,31.253896551724136,61.116908045977006,40.76759770114943,48.970881226053635,149.55536398467433,155.29233716475096,106.30268199233717,2.264155913359325,42.407314988100815,46.00366007721559,12.563873288122577,30.028467974388715,361.7440441420179,104.60466316352993,4.195500235040204
ATINA,2745.0,2.8170459016393443,2.8170459016393443,3.309285974499089,2.8143402550091072,16.48831815421979,16.48831815421979,16.633831208257437,14.39476017000607,2.4288544138412997,2.4288544138412997,2.319947209430735,2.3226966342046165,7.705684966833304,7.705684966833304,15.321204194833967,8.87715971730061
AUSONIA,1745.0,1.8048934097421205,1.822350429799427,2.0274991404011464,55.05101203438396,16.1643553008596,17.841566380133717,20.347965616045848,135.3087965616046,1.376430152109566,1.382627169886767,1.8145816848268614,7.38864170565507,18.006412999009804,17.792333427290497,15.480478746544701,22.962670629180796
BAGNOREGIO,3005.0,2.2524399334442595,2.002630615640599,2.002630615640599,2.887666555740432,10.023521907931226,7.590354963948974,7.590354963948974,18.862401552967274,6.423961135208296,6.585399000819919,6.585399000819919,6.7872018289326475,12.49407544783912,17.562860646092766,17.562860646092766,5.652383961165805
BARBARANO ROMANO,852.0,0.2718532863849765,5.822285211267606,5.5100399061032865,19.891518779342725,3.679244913928013,9.509526604068856,9.49285993740219,57.65980046948357,0.737512372777569,0.6724585489084058,0.6717514421272203,0.30405591591021525,10.029131179829202,2.958063367963724,2.958063367963724,1.6617009357883827
BASSANO IN TEVERINA,1036.0,0.205,0.422,8.695,9.565,2.55,5.416666666666667,77.9,23.48333333333333,,,,,,,,
BASSANO ROMANO,3394.0,0.161,0.331,0.55,0.55,2.283333333333333,4.433333333333334,7.2,7.2,,,,,,,,
BASSIANO,1141.0,0.8613978965819457,0.7952857142857144,0.7952857142857144,10.34665907099036,10.956952965235173,8.950847210049664,8.950847210049664,32.4067046450482,1.6255276835538668,1.6143139925883896,1.6143139925883896,2.0728564028090966,12.329303958906646,11.344140068285865,11.344140068285865,8.421834222226574
BELLEGRA,2058.0,0.5171263362487852,0.5171263362487852,0.9811190476190477,3.9525097181729834,6.268367346938775,6.268367346938775,12.00221088435374,29.727065111758986,1.7533961332226098,1.7533961332226098,1.724745271047293,2.020024649189542,25.238629636450668,25.238629636450668,16.862896894266616,17.922143865641207
BELMONTE CASTELLO,296.0,0.76,0.862,7.622,41.409,12.566666666666666,14.083333333333334,15.083333333333334,151.85,,,,,,,,
BELMONTE IN SABINA,463.0,2.558509719222462,2.558509719222462,23.045833693304534,23.045833693304534,36.48002159827214,36.48002159827214,178.47177825773935,178.47177825773935,1.4101791848319607,1.4101791848319607,2.4572224156555302,2.4572224156555302,18.978128249431023,18.978128249431023,26.695550329734864,26.695550329734864
BLERA,2798.0,1.1163066476054322,1.031986418870622,1.0048395282344533,14.180324160114367,5.946551107934239,5.027090779127948,4.60047057421968,31.345895878008097,4.7095086792573175,4.680579486915412,4.744961573430635,2.433479059563352,4.267154919980187,4.24774449953541,5.033747223601033,4.782675138610348
BOLSENA,3107.0,0.19863694882523333,0.9365178628902479,0.19863694882523333,15.572215642098488,2.2893841862461106,13.2291277759897,2.2893841862461106,25.410572899903443,3.9279781694912717,3.1869302628077696,3.9279781694912717,3.6458425637978396,7.766389480032247,2.133105456579419,7.766389480032247,2.887352689845068
BOMARZO,1584.0,0.29400189393939397,0.720314393939394,0.720314393939394,14.290820075757576,1.1970959595959596,7.101483585858586,7.101483585858586,54.522001262626254,4.226377231151995,3.7830212793480293,3.7830212793480293,3.2081434662433654,15.886332350657769,12.716136948338077,12.716136948338077,5.645069136472605
BORBONA,549.0,20.589958105646627,6.290520947176685,21.035697632058287,52.80044262295082,30.90306618093503,24.9669095324833,36.38724954462659,98.80783242258651,5.869126255244473,1.3565533531711904,5.8447135373201435,6.724398882675931,18.065577560448837,9.41427698291861,19.80536543464927,32.07402895386443
BORGO VELINO,917.0,0.57473173391494,0.7217317339149399,2.190703380588877,12.44773173391494,7.875899672846238,9.975899672846236,30.542093784078514,23.52906215921483,0.8923687578574231,0.8923687578574231,0.8548920984545361,0.8923687578574233,11.37263406408364,11.37263406408364,10.748023074035519,11.396204290123192
BORGOROSE,4115.0,5.936590886998786,5.936590886998786,5.93413560145808,5.936812393681653,13.936132037262048,13.936132037262048,14.034046172539488,13.88308221952207,3.5873966639020876,3.5873966639020876,3.5900939662929696,3.5748753824434214,12.378157658213905,12.378157658213905,12.619767681094066,12.058114013108083
BOVILLE ERNICA,6988.0,6.164919826846022,5.831471284106088,6.505967515741271,6.505967515741271,62.26077382655982,50.20701281562044,46.39844733829422,46.39844733829422,4.206270431714007,3.0182335559546414,7.171793813694998,7.171793813694998,22.2740137051781,31.133030118187683,37.34958300205439,37.34958300205439
BRACCIANO,16521.0,2.1285405847103687,1.945304279401973,1.50389352944737,1.7546951758368134,15.502362313284774,18.273261808203703,12.605164134535842,16.04386134818312,3.005647368488809,2.930594519224915,3.0720440697793814,3.3637377507105923,12.690914629330061,12.411407318906365,11.870101978822857,11.673515978857527
BROCCOSTELLA,1679.0,0.8081899940440739,1.0056664681357952,0.835432400238237,0.835432400238237,8.055807027992854,10.30477466746079,8.465634306134605,8.465634306134605,2.141729130087805,2.242219584845933,2.1475339927460984,2.1475339927460984,15.147737729883406,15.429375392413004,15.160300098417382,15.160300098417382
CALCATA,801.0,0.31474032459425716,2.194283395755306,2.386578027465668,7.40305368289638,4.971514773200166,31.299188514357052,34.697523928422804,22.593945068664166,0.34692410313112193,0.259679289380831,0.2602249027283898,0.3025012396668815,6.14223388003396,5.2585996586895964,5.258511618741984,5.352422435302164
CAMERATA NUOVA,382.0,41.004,0.128,41.004,41.004,89.41666666666669,1.666666666666667,89.41666666666669,89.41666666666669,,,,,,,,
CAMPAGNANO DI ROMA,8623.0,1.912000347906761,1.8930003479067605,1.7823849008465733,1.7823849008465733,9.28906606362828,9.022399396961614,8.616939193629442,8.616939193629442,1.4360132311368166,1.4360132311368166,1.4665344637386921,1.4665344637386921,3.7217080905292814,3.7217080905292814,4.093634964456677,4.093634964456677
CAMPODIMELE,387.0,14.432183462532297,13.9581834625323,24.915183462532298,24.915183462532298,32.4088285960379,26.192161929371228,78.07549526270456,78.07549526270456,3.2385490578343874,3.2385490578343874,3.2385490578343887,3.2385490578343887,5.916126735927445,5.916126735927451,5.916126735927443,5.916126735927443
CAMPOLI APPENNINO,817.0,0.49750917992656063,0.7376780905752753,0.403265605875153,26.678887392900855,5.739636882904936,8.886311709506325,4.324500203998368,119.61160750713996,2.114022134068925,1.1650012875529367,1.8798249918542949,2.3669754786787864,6.877674563935647,8.191847516936624,9.639862262731995,5.961092989513711
CANALE MONTERANO,3134.0,1.1964245373324824,1.3116614550095724,1.107509253350351,4.937848117421825,6.620171240161668,8.96904382046373,4.591714528823654,17.212476068921507,1.3640675310140136,1.188719338896557,1.5202428259985312,1.469282591380342,4.573724776736499,2.6296871733401352,6.257521400209037,4.622196347416894
CANEPINA,2755.0,0.4301778584392015,0.4301778584392015,0.4301778584392015,16.38501161524501,5.553278886872353,5.553278886872353,5.553278886872353,41.17251058681185,1.3152186130069783,1.3152186130069783,1.3152186130069783,1.207031275485437,1.8502627441047996,1.8502627441047996,1.8502627441047996,0.5421151989096908
CANINO,4786.0,0.431,0.614,0.431,0.675,5.5,8.283333333333333,5.5,9.066666666666666,,,,,,,,
CANTALICE,2055.0,2.1026442822384426,2.1026442822384426,2.1026442822384426,15.815683698296837,31.94164639091646,31.94164639091646,31.94164639091646,39.64571776155718,1.1910264328033882,1.1910264328033882,1.1910264328033882,2.323085416971459,13.0079810388496,13.0079810388496,13.0079810388496,12.233552140723393
CANTALUPO IN SABINA,1345.0,0.22770260223048328,0.22770260223048328,5.174333828996283,20.914607434944237,2.8780297397769514,2.8780297397769514,9.919615861214375,91.6972242874845,1.552099384704472,1.552099384704472,1.7267547596575485,9.478059295024483,21.81424419960499,21.81424419960499,18.60869345822598,48.283608042021406
CANTERANO,317.0,8.232,0.047,8.209,10.024,65.55,0.9166666666666666,65.26666666666667,69.06666666666666,,,,,,,,
CAPENA,9992.0,2.7843356685348275,5.960536429143315,2.2158907125700558,2.2158907125700558,15.328636242327196,21.336058847077663,11.528317654123299,11.528317654123299,1.3234473247653533,0.8812098150243437,2.288313841695504,2.288313841695504,12.04091569581196,9.961508094586808,12.086297939551129,12.086297939551129
CAPODIMONTE,1509.0,10.307385685884693,0.8497733598409544,4.002866136514248,9.910385685884693,28.977910315882486,11.642555776452395,11.341970399823282,20.04457698254915,0.5921066908364858,0.25944363549719235,0.9589874868839535,0.5921066908364858,2.267667262808815,3.564225540521209,2.0514448386261637,2.267667262808813
CAPRANICA,5593.0,0.6640237797246558,1.4643143214732703,1.6319047023064543,1.6319047023064543,8.318287740628167,5.870174027057632,9.437454556290602,9.437454556290602,2.5637794204390256,7.7827904325291115,7.812176329295186,7.812176329295186,14.276433410552018,13.495914162222359,15.136718753733572,15.136718753733572
CAPRANICA PRENESTINA,272.0,10.597415441176471,77.97941544117646,75.01541544117647,27.713415441176473,25.18621323529411,216.40287990196077,211.0362132352941,60.886213235294115,5.3183708971827075,5.3183708971827075,5.318370897182704,5.3183708971827075,8.224798770475472,8.22479877047546,8.224798770475486,8.224798770475473
CAPRAROLA,4511.0,1.0025918864996675,1.0025918864996675,1.0025918864996675,9.009091553979165,7.314837803886796,7.314837803886796,7.314837803886796,27.97029483484815,3.0695505371308025,3.0695505371308025,3.0695505371308025,2.216779759019827,5.150094389642022,5.150094389642022,5.150094389642022,1.732411613907041
CARBOGNANO,1773.0,0.723,0.723,0.723,4.164,10.083333333333334,10.083333333333334,10.083333333333334,26.016666666666666,,,,,,,,
CARPINETO ROMANO,3866.0,0.539,0.525,0.025,88.92,8.65,8.466666666666667,0.35,236.03333333333333,,,,,,,,
CASALATTICO,269.0,8.719933085501859,5.976301115241636,5.976301115241636,23.666449814126395,60.188351920693925,31.61672862453532,31.61672862453532,119.86493184634449,2.313653539318279,3.4376229141661248,3.4376229141661248,18.863929924594185,33.853432043311514,15.729199668839552,15.729199668839552,47.42747299239592
CASALVIERI,1053.0,2.3318461538461537,2.413239316239316,2.413239316239316,24.800610636277302,24.4340930674264,19.665115542893318,19.665115542893318,97.859670781893,1.8106019231669408,1.5836505417741438,1.5836505417741438,8.20434391675505,17.264887048177428,20.773961737322427,20.773961737322427,25.627633043198223
CASAPE,622.0,3.3039999999999994,0.302,3.791,51.03,51.4,6.833333333333333,17.566666666666666,120.31666666666663,,,,,,,,
CASAPROTA,555.0,0.8741621621621621,0.8741621621621621,12.712237837837836,62.69632432432432,12.647927927927928,12.647927927927928,38.90882882882883,626.315045045045,1.1737972567696688,1.1737972567696688,1.3307749621930836,39.25149742366525,16.251670854270813,16.251670854270813,26.21009135598137,404.1822361262305
CASPERIA,829.0,1.103325693606755,1.103325693606755,1.103325693606755,27.600872135102534,13.4827100924809,13.4827100924809,13.4827100924809,107.18542420587053,0.98435196957186,0.98435196957186,0.98435196957186,4.655346635858603,8.916967284652085,8.916967284652085,8.916967284652085,16.654352117222828
CASSINO,28516.0,3.9242705016481976,3.0874670068265764,1.917927701407397,1.9730170313741993,23.587449370528816,25.62286240862829,18.817103848132042,18.988861418930504,4.96717503921129,4.301327161042315,4.482530779029262,4.727083875355553,29.79384744402865,27.097731400886342,24.526546938569194,24.266760560961348
CASTEL DI TORA,229.0,0.3410000000000001,3.747,14.81,70.337,5.683333333333334,11.633333333333333,28.28333333333334,326.7,,,,,,,,
CASTEL GANDOLFO,8424.0,1.9918171889838556,4.000057454890789,6.505672839506172,6.505672839506172,28.111119025007913,34.76310937005381,45.22054447610004,45.22054447610004,1.3956526549730535,0.3975881453631802,5.406733117141996,5.406733117141996,18.602720330739363,5.809911311237409,30.633688487845703,30.633688487845703
CASTEL MADAMA,6135.0,0.8639722358054877,0.8755390383048086,0.7053517522412387,0.7053517522412387,8.752557276102511,9.536682966585168,6.304031513175767,6.304031513175767,2.8466834224071014,2.678294513305062,3.0060632561541354,3.0060632561541354,16.632568236195134,17.39197345733775,16.92291236646231,16.92291236646231
CASTEL SAN PIETRO ROMANO,753.0,0.7518499335989376,0.7518499335989376,2.5100318725099604,2.5100318725099604,9.804094732182381,9.804094732182381,37.41478530323152,37.41478530323152,1.1500269562058099,1.1500269562058099,0.7491334438313821,0.7491334438313821,25.40662779888569,25.40662779888569,12.188666373437373,12.188666373437373
CASTEL SANT'ANGELO,1081.0,4.88795282146161,1.6619722479185939,6.877018501387604,10.76650416281221,32.326672833795875,24.785090965155717,34.72022818378045,46.1858926919519,1.9722669456140833,0.8967348177322733,1.6906447347233007,1.7855478951051091,17.04463018048259,12.735074259780207,12.296357592917914,12.93965951483223
CASTEL SANT'ELIA,2181.0,0.7219646950939936,1.4698555708390646,0.7219646950939936,4.299850985786336,5.635824545315605,5.634387895460798,5.635824545315605,10.982874828060522,9.139012578865765,9.208856986618915,9.139012578865765,1.7429848918832698,32.25513166177622,33.153069518802006,32.25513166177622,9.05492499508785
CASTELFORTE,3913.0,2.974653846153846,1.5626870687452084,2.9525831842576027,2.9525831842576027,24.39465669988926,17.213523298407022,24.039871368941135,24.039871368941135,3.689752114528382,2.3312577166985773,3.7267624242318784,3.7267624242318784,28.543626939982392,19.81735607622399,28.804181795164556,28.804181795164556
CASTELLIRI,1987.0,1.2776071967790636,0.9823925515853046,0.9580991444388525,2.7337191746351284,19.432687468545545,16.510526757255494,16.17333501090421,17.736621372252976,0.656705334098432,0.3366966983305103,0.3476128114248188,0.6931567283089735,3.842205915394996,4.594048081787758,4.677257327869733,4.921494804539685
CASTELNUOVO DI FARFA,672.0,0.228,62.256,61.73,26.869999999999997,3.8333333333333335,160.0,153.06666666666666,261.28333333333336,,,,,,,,
CASTELNUOVO DI PORTO,7705.0,8.68342277741726,14.58171713173264,8.651529656067488,8.715315898767033,38.28724962145793,54.401282716850524,37.729543586415744,38.844955656500105,11.16794055438112,2.0005938701628905,11.1856070231432,11.15038792833599,24.085017173518423,13.516586909908941,24.303424759207395,23.88346597732304
CASTELNUOVO PARANO,773.0,15.49775937904269,1.2331009055627427,3.585554980595084,7.258922380336352,17.4871496334627,16.407740405347134,22.971970677015953,36.005304010349285,2.0696367981340296,0.7685071800017783,0.76856455564284,0.7683467099341718,3.1696247670696236,10.279328926277396,10.274408285077326,10.274408285077326
CASTIGLIONE IN TEVERINA,2001.0,0.7458740629685157,0.7458740629685157,0.7458740629685157,47.58346176911544,9.166583374979176,9.166583374979176,9.166583374979176,207.75726303514912,5.443826687175116,5.443826687175116,5.443826687175116,15.299047127190633,186.99450848541971,186.99450848541971,186.99450848541971,10.160849884255256
CASTRO DEI VOLSCI,2033.0,2.2526143630103297,2.7059596655189377,2.2526143630103297,2.7059596655189377,25.225545171339565,31.193802262666008,25.225545171339565,31.193802262666008,2.0189056441547732,2.2218918428022345,2.0189056441547732,2.2218918428022345,12.378955908424429,9.071000802312582,12.378955908424429,9.071000802312582
CASTROCIELO,1459.0,11.385554832076764,16.29622960932145,2.752271418779986,4.474217272104181,36.55720242175005,60.9542152159013,19.686977381768333,29.551759195796205,1.9658614119283924,4.307315818887252,4.024657148582517,3.6601648075164346,24.613526373836713,37.9324324865073,10.940710971671656,23.49422043693712
CAVE,10073.0,1.6464389953340615,1.711320559912638,2.128809987094212,1.711320559912638,14.913302888910948,15.904877725934016,24.26750223369403,15.904877725934016,9.469772630146231,9.430465135223535,5.724861657717153,9.430465135223535,29.558449236999838,28.898388395408002,21.56839895155256,28.898388395408002
CECCANO,20372.0,2.830645032397408,3.167256062242293,2.8305266051443154,2.8305266051443154,30.198220433274432,33.369117129720536,27.539349761110017,27.539349761110017,1.9544878370686192,2.234947208158576,2.344994453331874,2.344994453331874,11.728871384104913,12.97042680838253,17.110616108163953,17.110616108163953
CELLENO,965.0,0.3868093264248705,0.3868093264248705,0.23970051813471505,16.385236269430052,5.188894645941279,5.188894645941279,3.100777202072539,47.4080310880829,0.3302188668141176,0.3302188668141176,0.3443610024378486,0.8690342340782676,4.584408964692782,4.584408964692782,4.772970773009196,7.542472332656505
CELLERE,1036.0,0.417,8.788,8.562,8.849,6.566666666666666,17.416666666666668,13.65,18.2,,,,,,,,
CEPRANO,5674.0,1.5198032692985546,0.9614508283397956,1.1545248501938667,1.1545248501938667,17.073740600399482,12.443985724356718,15.536755375396549,15.536755375396549,1.0672795903409438,1.1896842017947449,1.1335929604580297,1.1335929604580297,4.423038348145613,5.986568202450599,1.5297890801119038,1.5297890801119038
CERRETO LAZIALE,1069.0,0.2268419083255379,8.848572497661367,8.848572497661367,,4.401730589335827,92.35056127221704,92.35056127221704,,0.781352993211135,1.4340125522463187,1.4340125522463187,,15.674200316301803,9.557726659038176,9.557726659038176,
CERVARA DI ROMA,347.0,13.145051873198843,13.403051873198848,28.338175792507204,14.165887608069164,46.972574447646494,49.60634005763689,92.88054755043227,42.31071085494717,5.163502969561136,5.163502969561136,8.789065834888255,5.658851738648045,15.240631609347817,15.856258257417664,38.407704124447626,11.483033982552021
CERVARO,4674.0,9.42989709028669,5.4837601626016275,3.802937312794181,3.141610397946085,67.66496933390385,37.805551989730425,37.01432035372985,30.402948937384103,2.100024777559455,3.448984275770446,6.298075672317888,6.0232909986605705,19.306328762947924,23.762216520546286,45.033345926883676,40.798605800558434
CERVETERI,31366.0,6.329453213670853,9.793828289389786,7.134354173308679,7.13229269485005,35.63549473244206,35.204850461752635,36.0135004640552,35.989174052583486,8.048318080987391,4.931260725502811,10.080481052567363,10.083827401553808,28.37210791952672,19.081545337728436,27.91344655572352,27.955688499716427
CIAMPINO,37832.0,1.8356470599341446,1.664766940024318,2.4881839976739264,2.4881839976739264,18.47376723157015,17.011429257418765,22.70561737858603,22.70561737858603,1.0825898885824816,1.0643474911161477,1.9964376607681324,1.9964376607681324,9.771298312154197,10.186333852901372,13.377914062217798,13.377914062217798
CICILIANO,1113.0,0.4558490566037736,8.829421383647798,8.829421383647798,9.675987421383647,6.692557651991614,27.129350104821803,27.129350104821803,40.41614255765199,1.2346084399517119,0.7389265863399428,0.7389265863399428,0.5904341622907678,3.877302183506236,10.830518865173952,10.830518865173952,8.673843182554979
CINETO ROMANO,566.0,8.403079505300353,8.403079505300353,9.239065371024735,,76.62293875147232,76.62293875147232,81.88189045936396,,0.5607356774809317,0.5607356774809317,0.6300321420372139,,8.237794000823284,8.237794000823284,5.432937102116643,
CISTERNA DI LATINA,31645.0,7.598316781338429,9.032377581152017,2.5853772581239793,2.4403809027229157,35.636128834561454,44.74451016192367,21.99193623707449,19.909622373202723,5.814572086798061,6.175558293440226,7.958176331378376,7.9785524447673835,23.146981889899955,26.26711919032034,27.612425051271703,27.50952004394491
CITTADUCALE,5966.0,19.319701083919988,19.341469270309528,10.870269024472007,10.870269024472007,74.98056207397474,75.4241237382203,22.993217119231204,22.993217119231204,12.43998797511427,12.43762278748249,23.866819999740226,23.866819999740226,42.31956096650586,42.28710648041076,37.94068148740077,37.94068148740077
CITTAREALE,259.0,3.3598069498069494,3.3598069498069494,34.50707722007722,34.50707722007722,8.411325611325614,8.411325611325614,67.33449163449163,67.33449163449163,3.2622742833796177,3.2622742833796177,11.990413704288938,11.990413704288938,2.445432249907752,2.445432249907752,42.05176637854296,42.05176637854296
CIVITA CASTELLANA,13272.0,2.0176408981314045,1.9025751959011452,1.0386159207353827,1.2335607670283304,20.085564094836243,17.566982180530438,8.497090365682137,11.264826953988345,2.3632402527039016,2.280711981304669,2.69179424207473,2.7001957660510474,9.940165752399967,13.249404707976158,15.902059323897038,12.586827789252393
CIVITELLA D'AGLIANO,967.0,1.7823009307135471,1.7823009307135471,16.818867631851088,16.323046535677353,12.968200620475697,12.968200620475697,58.11483971044466,47.88391933815925,4.0755822855963375,4.0755822855963375,39.118911934851496,3.8056868324478135,15.717494381409194,15.717494381409194,150.52981973559136,26.902880370365967
CIVITELLA SAN PAOLO,1472.0,0.6597418478260869,0.6597418478260869,0.774741847826087,0.6597418478260869,6.352400362318841,6.352400362318841,8.635733695652174,6.352400362318841,1.7147339443773777,1.7147339443773777,1.7147339443773777,1.7147339443773777,0.7188918942063233,0.7188918942063233,0.7188918942063239,0.7188918942063233
COLFELICE,854.0,1.0215005854800936,0.8356908665105386,1.228900468384075,5.115094847775175,14.310763075722091,11.678649492583917,18.120784543325527,16.327107728337236,0.5158343968755863,0.015556349186104138,1.076923627747112,1.4389622997146243,7.041605029316034,0.23570226039551626,14.884597743976828,10.170552536066506
COLLALTO SABINO,343.0,45.41910204081633,1.2677959183673468,45.90891836734694,45.90891836734694,291.4772108843537,8.131292517006802,291.5455782312925,291.5455782312925,40.5737871044841,7.690493352184891,39.886479313170774,39.886479313170774,66.79802059608919,38.56088980070639,70.8285292488525,70.8285292488525
COLLE DI TORA,347.0,3.307,0.348,67.058,67.058,47.06666666666667,5.483333333333333,322.6166666666667,322.6166666666667,,,,,,,,
COLLE SAN MAGNO,276.0,0.086,0.086,24.536,24.536,1.05,1.05,61.5,61.5,,,,,,,,
COLLEFERRO,20520.0,1.7989103898635477,1.74741067251462,1.4619200536062378,1.7016416910331384,12.17012833008447,11.404596003898636,8.77377517868746,11.840173001949317,9.5801592587667,9.556277426383142,9.68433370083697,9.974885624866415,24.704550094473895,24.68305092118431,25.70193948493065,25.35138748120549
COLLEGIOVE,114.0,29.053,10.585,96.112,96.112,96.33333333333331,87.11666666666666,231.61666666666667,231.61666666666667,,,,,,,,
COLLEPARDO,579.0,6.304497409326424,6.304497409326424,39.35070466321244,31.66844559585492,30.95785837651123,30.95785837651123,157.28721934369602,78.67322970639033,25.683532506257777,25.683532506257777,24.91349322154563,15.675850232124578,123.20157150873615,123.20157150873615,83.52109597115103,38.50196423560752
COLLEVECCHIO,1202.0,1.937151414309484,1.937151414309484,9.425052412645591,31.46061647254576,21.491056572379364,21.491056572379364,30.473863006100938,81.07156128674431,1.4195289809573377,1.4195289809573377,2.880318187477055,33.624130312173136,14.260970706576295,14.260970706576295,21.52437087737216,61.97019612953741
COLLI SUL VELINO,388.0,0.175,0.175,61.433,61.485,2.0166666666666666,2.0166666666666666,108.66666666666669,109.36666666666666,,,,,,,,
COLONNA,3915.0,0.3863233716475096,0.3863233716475096,0.3863233716475096,13.069708812260535,6.805317156236696,6.805317156236696,6.805317156236696,48.55366113239677,0.7389932340691625,0.7389932340691625,0.7389932340691625,4.749761783500305,12.785846486266383,12.785846486266383,12.785846486266383,7.047858881590557
CONCERVIANO,128.0,25.675007812500002,25.675007812500002,44.21163281249999,20.0026328125,155.51861979166665,155.51861979166665,133.259765625,51.545703125,19.627162925394998,19.627162925394998,6.337798079775031,6.337798079775026,91.67639418083589,91.67639418083589,16.793786053180504,6.187184335382287
CONFIGNI,484.0,5.229192148760331,47.74715289256198,46.8555847107438,34.12345867768595,32.11893939393939,180.85977961432508,170.62644628099173,95.47830578512396,4.0402517578322605,31.989001677138972,31.988454110819422,24.817642375938934,16.751210293477193,124.77795541443771,124.7779554144377,59.54594374654471
CONTIGLIANO,2929.0,1.2631628542164561,1.2631628542164561,1.329211334926596,1.2631628542164561,13.709986343461932,13.709986343461932,13.874763855695912,13.709986343461932,3.154960463742419,3.154960463742419,3.5058285793486506,3.154960463742419,41.356099054581364,41.356099054581364,41.255866960251545,41.356099054581364
CORCHIANO,2893.0,0.0926170065675769,0.0926170065675769,0.4846498444521258,5.637444866920152,1.2631581979490725,1.2631581979490725,6.6883857587279625,20.543910588777504,0.852720743659181,0.852720743659181,0.7438263686282348,0.9901410673905678,11.713422183941773,11.713422183941773,10.205358977118436,15.77896733582985
CORENO AUSONIO,1205.0,0.40611037344398343,0.40286804979253116,0.40286804979253116,32.560928630705405,4.975449515905947,5.992614107883818,5.992614107883818,151.28648686030428,5.04237845664127,4.625892562522394,4.625892562522394,18.48872100768466,43.54599260807156,41.09468909995819,41.09468909995819,62.86179284748407
CORI,8786.0,6.266429831550194,4.560174766674255,4.262558957432279,5.340584224903256,32.263769064420664,14.020364784885047,16.484314060247364,18.050635480688975,0.2520126898259953,0.320230255701529,3.0362891139239903,3.0364414479233197,7.637847403749501,9.148938349156513,9.0271132234036,9.2117012443313
COTTANELLO,391.0,2.2840306905370844,2.2840306905370844,1.7762276214833759,112.02937851662405,30.222378516624044,30.222378516624044,28.053537936913894,274.57847399829495,1.4164379266314495,1.4164379266314495,1.3843681230077496,21.600095624016728,17.082900536523088,17.082900536523088,20.002397078572578,50.29730609088323
ESPERIA,1258.0,1.7957209856915741,1.7957209856915741,1.9824912559618444,1.9824912559618444,6.882352941176472,6.882352941176472,9.146369899311075,9.146369899311075,3.534473245760958,3.534473245760958,3.660691806202756,3.660691806202756,6.10468854424386,6.10468854424386,6.175399222362515,6.175399222362515
FABRICA DI ROMA,6833.0,3.9126783257719886,8.016433191863017,2.1496642763061615,2.1496642763061615,23.1156214937314,36.47628908727255,14.65648324308503,14.65648324308503,0.8258229733625317,3.047055395514386,3.5794589442167566,3.5794589442167566,10.731619730359302,9.53360649375554,18.56876359592855,18.56876359592855
FALERIA,1663.0,0.4898562838244137,0.36912447384245345,0.5621244738424535,5.468619963920627,6.720495089196231,5.3817899378632985,8.7817899378633,17.579144117057528,1.060033175581469,0.9213388808323097,0.9213388808323099,1.0753515704177865,14.758861117358666,12.895922410390614,12.895922410390614,3.2726277809418822
FALVATERRA,291.0,7.199106529209622,7.199106529209622,7.199106529209622,30.368525773195877,58.556529209622,58.556529209622,58.556529209622,75.76380297823599,2.845596686109962,2.845596686109962,2.845596686109962,20.67505318493764,43.09524915811487,43.09524915811487,43.09524915811487,41.23486826838557
FARA IN SABINA,12039.0,10.825337029653625,16.06679445967273,14.501503031813273,13.318922252678792,38.99080073095772,56.46281737132097,47.573191294958036,45.437223468172895,4.72391872211022,7.402571353578943,18.622649657641748,5.2640947324040575,12.92117818875046,24.646196810895173,44.687676554322614,16.607668190336252
FARNESE,1309.0,0.678,4.78,5.581,10.62,10.383333333333333,14.55,15.316666666666666,21.08333333333333,,,,,,,,
FERENTINO,16325.0,5.688231222927149,7.277598529862174,3.7598562327718223,4.354936937212863,33.4765889302122,39.854155997958145,24.062136804492088,25.346429811128125,10.478204666248601,10.183971613256741,12.116293269415205,12.122853791987461,25.952196400350694,24.348412928082237,30.62123966764031,31.607087739467083
FIAMIGNANO,1093.0,7.732383348581884,7.732383348581884,7.732383348581884,18.135967978042085,57.17956694114059,57.17956694114059,57.17956694114059,68.87381823726747,10.31840241196111,10.31840241196111,10.31840241196111,12.24099390873251,28.835146251417896,28.835146251417896,28.835146251417896,19.18561227206388
FIANO ROMANO,13944.0,1.7805000000000002,1.8136666666666668,0.181,2.25,15.725,12.85,2.6166666666666667,12.35,,,,,,,,
FILACCIANO,370.0,0.551,3.9969999999999994,6.389000000000001,45.897,8.0,13.416666666666664,44.13333333333333,209.85,,,,,,,,
FILETTINO,491.0,9.7,0.095,9.7,44.842,17.483333333333334,1.2333333333333334,17.483333333333334,141.48333333333332,,,,,,,,
FIUGGI,9607.0,0.6440686999063183,0.6440686999063183,0.6440686999063183,0.6440686999063183,8.31342076957774,8.31342076957774,8.31342076957774,8.31342076957774,2.011718792475728,2.011718792475728,2.011718792475728,2.011718792475728,29.321361193202172,29.321361193202172,29.321361193202172,29.321361193202172
FONDI,33158.0,6.148329245581761,8.048782477833406,3.150450278464724,3.309163208476587,29.249649028891973,37.19894133140317,18.816786966108396,20.953238367144515,15.190327022863261,13.260971565196163,18.95621961376763,18.96941471984211,27.521601586114734,27.36500467834332,29.474069312213903,29.614650497791636
FONTANA LIRI,2068.0,0.5386731141199227,1.3352272727272727,1.4308544487427466,6.207670212765958,8.46248388136686,17.05685847840103,18.859800128949065,20.118866860090264,1.5548303230041962,1.697002455311522,1.3368785783807495,1.2326022608016471,24.77090774215532,15.802130072076197,9.628752274846951,16.04312763909969
FONTE NUOVA,31026.0,5.363799512237048,6.679575742925289,7.440293834203572,7.506283504157803,26.9630279622109,30.14480865510647,30.921071574378477,33.06974016416339,2.7369456861415586,2.9148502343840734,3.2864921763180877,3.368801003324476,16.15066151227097,16.299823145295207,18.95043296925488,19.93703073289612
FONTECHIARI,249.0,0.7672329317269077,1.0916987951807229,11.857381526104417,11.857381526104417,10.823427041499329,10.061579651941097,70.54437751004016,70.54437751004016,2.007472374239141,2.930581341645374,17.696233846028747,17.696233846028747,28.462145100180056,16.957170994837206,67.34452670988028,67.34452670988028
FORANO,2660.0,3.0734069548872185,2.73456015037594,2.46256015037594,12.06933007518797,24.785692355889722,26.864780701754384,23.464780701754382,54.490300751879694,1.1454358340823811,3.4887056338991975,3.4887056338991975,1.7400092911629323,10.405501794367852,20.46071438961341,20.46071438961341,11.058108303831137
FORMELLO,12094.0,17.296487969240946,17.49664465850835,4.671387712915495,5.0737972548371095,53.11323452400639,54.0263505319442,28.224703709828567,29.410695386141885,7.78236444897479,7.784306244128692,12.101162464821302,12.154966827245088,40.572157207575124,40.22123869708692,51.78687066762167,51.913859385488735
FORMIA,35353.0,4.389891701788628,3.8372435663168614,3.3127853364636666,2.9066908984621773,24.995659281888177,19.887047020997745,22.52053491452871,21.445842565615997,2.0782496686028873,1.7226286873070857,2.8307961293061084,2.651242356116128,17.586040235278546,11.666484285611489,17.55171679746971,16.815602333083913
FRASCATI,22080.0,3.5620000000000003,3.5558000000000005,2.466,2.6325,49.28055555555556,49.21,42.55833333333333,44.675,,,,,,,,
FRASSO SABINO,645.0,2.365922480620155,1.2830759689922482,8.55762480620155,9.156624806201553,33.21335917312661,16.844005167958652,47.274883720930234,48.59155038759689,0.5790724623625843,0.9696467999569053,0.9721743670761951,0.9721743670761951,8.398229255600825,13.349950582513612,31.254607067806226,31.25460706780622
FROSINONE,43296.0,3.050049912232077,2.6835626597530173,2.4980455330746483,2.782082363266815,6.817007592255306,6.086705437248502,6.153391768292683,6.5848065256220725,0.9420200976674545,0.9500463831878599,1.0408791859274398,0.9370232088079233,1.3368846683120275,1.596392113375763,1.5593328237483024,1.3355011181320615
FUMONE,1745.0,2.251864756446991,3.0533868194842406,2.251864756446991,6.533853295128939,37.44117478510029,32.599742120343834,37.44117478510029,18.490630372492834,3.821749102178216,3.7300689403816656,3.821749102178216,2.0938445023449095,20.235312231619037,28.398585645532894,20.235312231619037,15.191236508812134
GAETA,18773.0,2.298296183348426,2.298296183348426,1.3884658552175997,1.3884658552175997,19.06802566629379,19.06802566629379,18.412842024893912,18.412842024893912,6.518994192454079,6.518994192454079,7.723727370900658,7.723727370900658,10.730345404505861,10.730345404505861,10.559461265719108,10.559461265719108
GALLESE,2019.0,29.304617137196626,1.4854873699851412,1.9399063893016344,32.594705794948,224.3641489186066,6.587964338781576,14.97313026250619,120.01570084200098,18.686593973577242,1.8953272364774725,1.4057563800317607,2.325307721571492,153.26327113101098,1.5976545308670458,4.1088094157328365,2.827985148475857
GALLICANO NEL LAZIO,5638.0,3.124593827598439,2.4422965590634975,2.5292965590634977,2.5292965590634977,21.740123566276456,18.140123566276458,18.890123566276454,18.890123566276454,1.2207134525896455,1.2203290198412342,1.220329019841234,1.220329019841234,11.240489807437712,11.240489807437712,11.240489807437708,11.240489807437708
GALLINARO,301.0,0.7571029900332226,0.7571029900332226,7.444548172757476,7.360182724252492,9.086489479512736,9.086489479512736,35.20586932447398,40.48189368770764,2.306361925919983,2.306361925919983,1.9988257386108812,0.1310623261404031,22.627873257293718,22.627873257293718,16.18238354004246,14.410782357254172
GAVIGNANO,1192.0,1.4761937919463088,1.5249093959731543,1.3109572147651005,15.986915268456377,19.281431767337804,19.83596196868009,15.380676733780763,60.16926733780762,2.116413745669108,2.1234572326862673,2.277797599604035,1.8078079201592396,19.923617369858544,19.97988340158022,22.854902337278997,10.613730251013063
GENAZZANO,4478.0,23.967740732469856,0.9237237606074141,1.2248376507369363,1.2248376507369363,91.70792764627066,9.097554711924968,11.769487866607117,11.769487866607117,3.7876043780996986,3.103730126799042,3.0947012295211955,3.0947012295211955,18.4413296399389,10.146396459389466,11.0073838853744,11.0073838853744
GENZANO DI ROMA,21190.0,2.777471939594148,2.829010344502124,1.68542602642756,1.2889438650306746,14.964707251848353,15.689909076608464,16.88789287399717,10.526385480572598,3.4737728150692706,3.469180421017539,4.986615882522077,5.099958294209726,23.521957236212767,23.401468004420252,27.616244931688016,29.194405432064308
GERANO,957.0,0.7888557993730408,7.301047021943574,7.301047021943574,69.17304702194357,11.090438871473355,78.70877742946709,78.70877742946709,231.62544409613375,0.19798989873223333,0.38820162287141546,0.38820162287141546,0.3882016228714092,2.9934187070230505,4.042293765783098,4.042293765783098,4.042293765783098
GIULIANO DI ROMA,1263.0,1.6853032462391133,1.6422383214568488,1.6853032462391133,6.3215684877276335,10.514871997888624,10.169147532330431,10.514871997888624,26.75544998680391,2.1422431467973,2.222245778486259,2.1422431467973,1.9580562300403939,12.314346872201094,13.337533713380282,12.314346872201094,15.780275134906024
GORGA,561.0,1.664,1.664,38.905545454545454,37.377545454545455,6.481818181818181,6.481818181818181,168.3757575757576,86.7590909090909,5.429165865950312,5.429165865950312,4.804790578162597,4.8047905781625895,12.244732427547046,12.244732427547046,8.00209174042778,8.00209174042776
GRADOLI,1202.0,0.6114675540765391,0.6114675540765391,0.6114675540765391,9.663028286189682,10.575374376039932,10.575374376039932,10.575374376039932,24.85307820299501,0.3309259735953043,0.3309259735953043,0.3309259735953043,0.13647160876900466,3.2644763064778948,3.2644763064778948,3.2644763064778948,4.0187235397435455
GRAFFIGNANO,1735.0,36.90145389048991,42.384266282420754,31.418641498559072,47.99224726224784,127.80791066282421,107.32910662824209,148.28671469740635,121.49940441882805,7.918901554719149,44.519903723877626,28.731106178669837,2.9858935011148686,15.632111714885701,101.102172834474,128.31527758986053,5.399046126314733
GRECCIO,1176.0,1.408141156462585,1.408141156462585,1.2591394557823128,7.252732142857143,17.938137755102044,17.938137755102044,16.892587868480724,37.934452947845806,1.5653987670877985,1.5653987670877985,1.5959299796670279,2.2009599496583303,15.865601329781217,15.865601329781217,16.053765567270773,11.153327854152867
GROTTAFERRATA,19997.0,1.9845116767515127,1.9051022986781345,2.453317097564635,1.7891831774766216,25.109396409461414,25.191876281442212,25.732018552782918,23.075363387841513,1.2376942456176003,1.232448511432966,1.11551365290678,1.3543651121993867,12.485504469963903,12.423183279829402,11.650659937708548,12.993666373407187
GROTTE DI CASTRO,2294.0,1.087,1.295,1.087,1.295,16.316666666666666,18.216666666666665,16.316666666666666,18.216666666666665,,,,,,,,
GUARCINO,1118.0,0.38825581395348835,0.6164669051878355,0.6164669051878355,0.6164669051878355,6.322212283840191,10.595736434108527,10.595736434108527,10.595736434108527,1.0706668871938336,1.0977796910127278,1.0977796910127278,1.0977796910127278,17.24138740980014,18.28099790107912,18.28099790107912,18.28099790107912
ISCHIA DI CASTRO,1958.0,0.383,0.961,0.35,23.776,4.883333333333334,13.233333333333333,5.716666666666667,60.36666666666667,,,,,,,,
ISOLA DEL LIRI,8820.0,4.913201606198034,4.620807397959186,5.199396825396827,5.888042176870748,52.58748173343412,48.80205168178382,40.72358654572941,50.06083900226757,0.629000128279527,0.580017787596701,1.1097897698813652,1.2127625096291133,7.67168991847125,7.903558487952549,6.8815161520020105,10.217185180658761
ITRI,8045.0,0.7989320696084525,0.607769422001243,0.7075348663766314,0.607769422001243,10.396385954008702,7.375738553967267,8.736832401077272,7.375738553967267,2.3202794982501573,2.337882546237086,2.3259138634093914,2.337882546237086,15.598748614338692,14.929377266167386,15.24061186435768,14.929377266167386
JENNE,305.0,13.622,40.837,13.622,13.622,30.35,184.4333333333333,30.35,30.35,,,,,,,,
LABICO,6129.0,3.0473534018600095,2.8907353565018763,3.1266085821504324,2.7727353565018764,30.198447272529503,28.60645836732474,29.747748409202156,27.006458367324736,6.852925369869425,6.8193377977630645,6.885098728413412,6.8193377977630645,50.074945221027335,52.05484420834967,48.578235867515815,52.05484420834967
LABRO,115.0,7.255286956521739,7.255286956521739,31.51245217391304,31.564452173913047,48.01173913043477,48.01173913043477,61.852028985507246,62.55202898550725,3.1798591949959047,3.1798591949959047,24.640550004007622,24.640550004007622,34.10611707923113,34.10611707923113,43.062802974260734,43.06280297426075
LADISPOLI,39235.0,2.462390115967886,2.3667156666705287,2.293858442716962,1.8587054734293358,5.039382311711481,4.90230873794656,5.519987893462471,4.506407650482137,1.534993399985811,1.7322635688314945,1.8471702293643646,2.091496424512841,1.8697877181945315,2.255251905447548,2.1437360300808184,2.6225805649101512
LANUVIO,9621.0,10.489465925232999,6.388385822679555,6.597752416588713,6.597752416588713,56.51877374724271,40.312468818210164,39.85036551986973,39.85036551986973,2.574267138352813,5.360192513450426,8.991120969362735,8.991120969362735,12.048321082003985,20.531912338921448,30.715441285017107,30.715441285017107
LARIANO,13106.0,1.6120000000000003,1.83475,1.445,1.445,17.083333333333332,22.3125,12.233333333333333,12.233333333333333,,,,,,,,
LATERA,742.0,3.4240000000000004,3.4240000000000004,3.4240000000000004,9.738,48.0,48.0,48.0,18.183333333333334,,,,,,,,
LENOLA,3624.0,1.8182149558498897,1.872139348785872,2.22635706401766,11.660911975717436,18.667733627667403,16.151522259013976,16.869876747608537,36.61755886681384,1.376233801427096,1.9346305787386067,3.0478979329242324,3.001568137776366,14.2576550495945,16.611611846782,17.560402937368817,14.37483885347909
LEONESSA,1795.0,4.2436367688022285,4.2436367688022285,4.2436367688022285,4.2436367688022285,16.501197771587744,16.501197771587744,16.501197771587744,16.501197771587744,3.7691829665451526,3.7691829665451526,3.7691829665451526,3.7691829665451526,16.889391036781603,16.889391036781603,16.889391036781603,16.889391036781603
LICENZA,809.0,0.45748949320148335,0.33022002472187884,34.8347021013597,60.68070210135971,5.2063452822414495,3.1781623403378654,95.64252163164403,162.10918829831067,2.868025104492637,2.831962658652123,2.744281417784991,2.744281417784986,5.397581763057313,4.949747468305833,3.853731957466666,3.853731957466676
LONGONE SABINO,383.0,19.770289817232374,19.770289817232374,44.48557180156658,21.578005221932116,39.77985204525674,39.77985204525674,139.39604003481287,61.11140121845083,14.091157345418202,14.091157345418202,5.621793100663408,5.89684565396337,29.500647748695155,29.500647748695155,7.317786550590285,9.39896935839244
LUBRIANO,450.0,0.374,0.374,3.064,3.822,5.066666666666666,5.066666666666666,44.833333333333336,53.15,,,,,,,,
MAENZA,1713.0,0.6485796847635725,0.7242661996497373,0.7242661996497373,6.945479859894921,9.706723097878966,6.327602646429266,6.327602646429266,18.294220665499125,2.450414862834455,2.3253470708692063,2.3253470708692063,1.058192799068298,32.753762859883466,19.190921850747074,19.190921850747074,6.885028039965495
MAGLIANO ROMANO,1321.0,0.14,0.457,0.457,57.279,1.7833333333333332,7.1000000000000005,7.1000000000000005,97.53333333333332,,,,,,,,
MAGLIANO SABINA,2486.0,4.6312115848753015,1.7290197103781173,4.8677304907481895,1.7290197103781173,23.674570930544387,19.659801555376774,30.180852775543038,19.659801555376774,13.535378523213403,5.172470876347847,13.589660976884842,5.172470876347847,39.7735646434217,35.95977292084196,34.66619016766539,35.95977292084196
MANDELA,839.0,0.5038688915375447,0.5038688915375447,4.781871275327771,4.781871275327771,8.292451330949543,8.292451330949543,32.80643623361144,32.80643623361144,0.7155920625607861,0.7155920625607861,1.3145115062257917,1.3145115062257917,11.537625646360501,11.537625646360501,16.287026193330146,16.287026193330146
MANZIANA,7105.0,0.43796129486277274,0.6069612948627727,0.5806068965517241,0.6069612948627727,4.863347407928689,7.76118930330753,6.8996106028618325,7.76118930330753,1.4543457578352315,1.4543457578352312,1.2798008634158675,1.4543457578352312,5.833783712772304,5.815950290174235,4.5395586341177045,5.815950290174235
MARANO EQUO,782.0,0.496,0.366,4.184,12.948000000000002,7.25,5.566666666666666,35.61666666666667,46.21666666666667,,,,,,,,
MARCELLINA,6813.0,0.639176280639953,0.6853638632027007,0.29491633641567594,0.2557344782034346,7.406920592984,9.064787905474828,2.779703018738686,2.294204706688194,2.686763914699863,2.9051499674428745,2.938256172176506,2.93437631079133,15.709536499751897,13.55213526977835,15.348868941318695,15.315245974494148
MARCETELLI,69.0,96.164,117.869,26.778,22.992,163.01666666666668,834.5166666666667,221.25,40.05,,,,,,,,
MARINO,45856.0,5.171325021807396,3.391335223307746,3.651465806001396,3.651465806001396,11.27294770586183,7.766589250407073,8.91877798615957,8.91877798615957,0.9128748545118331,0.7551900423072331,0.7203061077686969,0.7203061077686969,2.32166726489583,1.8031222920256962,0.6167542480349341,0.6167542480349341
MARTA,3064.0,0.103,0.103,0.103,10.649,1.4,1.4,1.4,18.6,,,,,,,,
MAZZANO ROMANO,2452.0,0.456,0.456,0.456,21.992,5.816666666666666,5.816666666666666,5.816666666666666,47.13333333333333,,,,,,,,
MENTANA,21103.0,2.6878136165474102,1.4258501160972374,1.3178263517035491,1.3178263517035491,17.165203012209957,9.12030359032681,7.172916567944527,7.172916567944527,3.6767983414582313,3.467680497585285,3.582217651120601,3.582217651120601,4.016219719255077,6.883201729528397,7.174161778369807,7.174161778369807
MICIGLIANO,108.0,9.751,8.927,9.295,24.03,18.9,19.5,24.33333333333333,103.08333333333331,,,,,,,,
MINTURNO,18927.0,4.553998180981062,3.9794299149363344,5.367122840386748,5.367122840386748,24.352421584685025,20.729425629465258,20.59654329793417,20.59654329793417,3.1687240450756273,3.182551719369953,4.4507634922152794,4.4507634922152794,16.355576857808472,16.73752082582907,15.974025475721204,15.974025475721204
MOMPEO,244.0,5.91111475409836,5.91111475409836,47.63657377049181,50.3931393442623,74.30696721311476,74.30696721311476,192.02800546448088,208.03346994535522,0.9036824663564074,0.9036824663564074,23.669692393438492,27.729192424230465,13.376103277445523,13.376103277445523,108.59981647723393,126.98459278808419
MONTALTO DI CASTRO,6323.0,7.874165823185196,7.907299857662501,3.5323993357583423,3.5323993357583423,18.250536401497175,18.862720754915916,12.213208392640624,12.213208392640624,2.3087754136585668,2.2425872484619824,7.023423661475323,7.023423661475323,26.79886185597802,26.552780995056406,26.089939734639916,26.089939734639916
MONTASOLA,231.0,8.740597402597402,0.8513809523809523,8.699800865800865,42.80016883116883,71.39992784992786,13.576767676767679,70.08989898989898,133.02438672438672,1.9351672623660552,1.3770810917783067,0.5355492507697122,23.427280728529578,53.28058850192171,22.742220892232822,62.98765825614246,41.13960311481437
MONTE COMPATRI,10388.0,12.193668399435246,12.523576723142089,6.365635444743936,6.365635444743936,51.92550432122537,45.59133214606598,29.25711076883584,29.25711076883584,6.322555461584724,6.855560993666295,11.099487296376543,11.099487296376543,19.330147400669567,18.22676411295931,29.839279463581622,29.839279463581622
MONTE PORZIO CATONE,8307.0,1.522324304803178,0.8513741422896353,1.0310906464427592,1.0542566510172144,16.853358613217768,7.131105292725011,9.544033144737371,9.824599735163115,0.7806232766193946,1.3396090101219833,1.1969246843473484,1.197359720384814,10.626554788202368,13.43938604335117,12.032484965477598,12.028030918557608
MONTE ROMANO,1896.0,0.244,0.244,0.243,17.243,3.766666666666666,3.766666666666666,3.933333333333333,38.56666666666667,,,,,,,,
MONTE SAN BIAGIO,4663.0,3.8869648295089,4.138551790692686,3.1310107227107014,3.1310107227107014,28.749428122095928,31.854521409679034,30.39789477446565,30.39789477446565,2.180413492895327,2.249216934722937,1.6003335416232591,1.6003335416232591,8.922266003248057,9.427678337064776,11.285377844202637,11.285377844202637
MONTE SAN GIOVANNI CAMPANO,8592.0,13.284580074487897,13.395118036157664,13.503318668528864,13.503318668528864,81.89232490171736,79.53119148303333,68.80652545003103,68.80652545003103,5.9001044683879735,6.149604861069812,8.347708066296638,8.347708066296638,29.055707780399313,28.084337719601034,49.90959184707132,49.90959184707132
MONTE SAN GIOVANNI IN SABINA,472.0,2.3739597457627117,2.3739597457627117,36.65451059322034,19.503510593220337,31.403354519774016,31.403354519774016,116.09943502824858,43.682768361581914,3.666543040340133,3.666543040340133,2.3880032174741013,2.3880032174741017,19.342516257849837,19.342516257849837,7.257683029932007,7.257683029932001
MONTEBUONO,604.0,0.858317880794702,0.8448145695364239,8.748178807947019,8.748178807947019,12.905187637969096,12.810044150110375,69.51255518763796,69.51255518763796,1.009786462575133,0.9480822221727396,1.0085423144320718,1.0085423144320718,15.469578270006325,14.626895571995927,12.898563299266517,12.898563299266517
MONTEFIASCONE,11222.0,2.6003581135269997,2.783837254203054,1.6048732846194977,1.3952060238816608,14.836275470801398,16.594270183567993,10.218737004693162,9.583453632745204,38.72934403007621,38.86736430591723,38.75999426341547,38.5931886283059,107.1847082321888,106.70172820750905,107.98753361692575,107.41761481350359
MONTEFLAVIO,1188.0,4.316666666666666,0.276,0.276,0.197,,4.316666666666666,4.316666666666666,2.75,,,,,,,,
MONTELANICO,1735.0,2.456265129682997,2.3624985590778094,2.3624985590778094,18.564322766570605,9.25057636887608,7.718011527377522,7.718011527377522,53.145677233429396,12.50376921172172,12.841766253128888,12.841766253128888,1.588161830544985,28.248915908402573,33.19866337670841,33.19866337670841,19.186163996194995
MONTELEONE SABINO,985.0,4.3029,3.0695573604060913,3.0695573604060913,14.095827411167512,27.271895093062604,23.389526226734347,23.389526226734347,119.05412859560066,0.06965001794687527,5.646954754555769,5.646954754555769,5.543717164502533,6.7292995342919815,39.527269068328,39.527269068328,37.95984903669784
MONTELIBRETTI,4390.0,10.435239635535307,8.902346469248291,3.0258059225512532,2.568805922551253,30.91572892938496,28.591598329536826,19.389468488990133,13.072892938496581,0.7344439563370373,0.36516869389365786,7.135205371956718,7.135205371956718,7.801552552038742,7.6302568400050905,20.53697681419217,20.537569232993473
MONTENERO SABINO,141.0,38.36239007092198,38.36239007092198,78.41192907801417,78.41192907801417,114.16300236406619,114.16300236406619,784.984988179669,784.984988179669,28.25360364626077,28.25360364626077,1.149923620651973,1.149923620651973,33.13665867507085,33.13665867507085,2.6128599344467154,2.6128599344467154
MONTEROSI,3102.0,0.26832978723404255,0.18432978723404256,0.18432978723404256,7.441329787234043,3.2975177304964536,2.2975177304964536,2.2975177304964536,14.647695035460996,0.5536646096690666,0.5536646096690667,0.5536646096690667,0.5536646096690664,7.58961278473561,7.5896127847356105,7.5896127847356105,7.601397897755382
MONTEROTONDO,39773.0,2.384520299575089,2.183048999949715,2.2171680599904455,2.2171680599904455,5.565522255466439,4.977659100813786,5.526658579103076,5.526658579103076,0.8888858626521834,0.845021344651522,0.7088774980852945,0.7088774980852945,1.0527212037716205,1.2330064495021462,1.110466827093036,1.110466827093036
MONTOPOLI DI SABINA,2685.0,3.703174301675978,3.4350808193668527,2.8910130353817505,5.53034748603352,17.602625698324022,20.935698324022347,13.528175046554935,36.080310366232155,2.718272097205216,3.207848803239399,3.219973619629688,4.207233942205311,10.242732669110534,10.330422977249718,11.053260509968748,8.912331500666802
MONTORIO ROMANO,1871.0,0.7185,0.415,0.538,6.058,9.241666666666667,5.5,6.633333333333334,11.65,,,,,,,,
MORICONE,2188.0,0.437,0.427,0.229,5.788,6.9,6.716666666666667,3.8,12.433333333333334,,,,,,,,
MORLUPO,7760.0,1.859617203608247,2.005722744845361,1.7310289948453608,1.7310289948453608,24.07075816151203,26.60256872852234,21.896174828178697,21.896174828178697,1.4270044664338728,1.3764584436960756,2.0972005255684167,2.0972005255684167,12.089591642410708,12.39231591863121,18.364063554859353,18.364063554859353
MOROLO,2422.0,4.953563996696945,3.228124277456647,1.5026845582163504,36.87025268373245,26.382390586292317,26.159224470134877,25.936058353977426,141.89265070189927,24.073251686836528,12.408309976192479,0.9361115199471577,12.135027493902836,77.15745645379812,44.06445250030045,14.481539973359187,36.804766448563875
MORRO REATINO,270.0,9.49378888888889,33.937788888888896,38.63978888888889,21.13678888888889,52.17555555555556,124.35277777777777,112.01944444444445,76.83611111111111,0.9656930154039641,2.6934722942699816,2.693472294269981,2.6934722942699816,17.548617651583886,9.787071025555065,9.787071025555045,9.787071025555052
NAZZANO,1038.0,0.6558824662813103,0.6558824662813103,3.5913516377649324,7.55390655105973,7.744749518304432,7.744749518304432,46.1143063583815,30.011384071933207,1.9442778436564392,1.9442778436564392,1.930782311223441,1.0505114627329553,9.792953816109032,9.792953816109032,12.218303664766417,2.52126144206809
NEMI,1757.0,2.7864598747865683,2.7864598747865683,2.739784291405805,4.7217142857142855,27.445332953898692,27.445332953898692,26.689926010244736,36.85695313982166,1.409016926796836,1.409016926796836,1.409223296713477,2.1375439644601464,11.45494434731134,11.45494434731134,11.46088153483647,13.795960560170421
NEPI,7988.0,2.212949924887331,2.400713570355533,2.2009046069103655,2.1154744616925387,10.899563929227174,12.108669253880823,8.157809631113336,11.567774578534468,4.978429571662132,5.022637881722023,4.831737769449753,4.88493399787923,9.483157584780388,9.193279000872256,9.076897914903295,8.929502514223016
NEROLA,1635.0,2.378944342507645,2.378944342507645,2.378944342507645,24.882724159021407,11.681284403669725,11.681284403669725,11.681284403669725,70.08330275229359,2.555640330719485,2.555640330719485,2.555640330719485,2.767756311527443,10.537522900990009,10.537522900990009,10.537522900990009,12.003948424488405
NESPOLO,186.0,91.98199999999999,6.705000000000001,91.599,91.599,212.5166666666667,53.13333333333333,207.46666666666667,207.46666666666667,,,,,,,,
NETTUNO,47297.0,4.159416666666667,4.623888888888889,4.401,4.48075,7.669444444444444,7.7370370370370365,9.1,9.3875,,,,,,,,
NORMA,3417.0,0.013,0.428,0.013,12.436,0.1666666666666666,6.033333333333332,0.1666666666666666,41.73333333333334,,,,,,,,
OLEVANO ROMANO,5239.0,0.975,0.975,0.975,0.975,9.25,9.25,9.25,9.25,,,,,,,,
ONANO,796.0,0.804,8.638,22.040999999999997,8.638,11.333333333333334,22.78333333333333,45.96666666666667,22.78333333333333,,,,,,,,
ORIOLO ROMANO,3094.0,0.5798949579831932,0.48689495798319327,1.1290129282482224,9.283173561732387,8.592167636285284,7.142167636285283,15.847716009480717,25.108683473389355,1.1490485194281395,1.1490485194281395,1.0366185412194784,1.5619988796410837,15.556349186104045,15.556349186104043,13.765012007098127,14.40140811016602
ORTE,7889.0,3.0669326277094684,2.620082646723286,2.485133730510838,2.595687539612118,24.325761608991424,12.550436261461106,17.129762961085056,18.606504837960028,2.60779374184386,1.8847074684594072,2.37043807484327,2.3220140108678646,13.226257204123533,20.885580762724704,15.44554832186164,15.568503341564218
ORVINIO,355.0,29.288,29.659999999999997,29.878,29.878,40.6,42.45,41.18333333333333,41.18333333333333,,,,,,,,
PAGANICO SABINO,122.0,7.126,30.072,83.637,39.108,37.25,180.71666666666667,205.1833333333333,154.55,,,,,,,,
PALESTRINA,19853.0,6.369664111217449,5.720750025185111,7.481081415067413,4.153003055793415,35.8699044644806,26.96945360902634,35.73144500971027,25.781887428152476,3.3024482029196207,3.07005524954088,3.4982394588357315,5.226860595284678,15.545728409916078,15.425731136310642,22.433637372067402,19.179731297920366
PALIANO,6076.0,2.3019229756418698,2.134156435154707,2.1999119486504277,2.26402896642528,28.403214834320824,26.556256857581744,26.585322032038615,27.51865536537196,8.259210087402858,6.878018581152467,10.786808372134125,10.786889601171282,37.38422870082457,39.72145020201042,42.30915501654796,42.30915501654796
PALOMBARA SABINA,7947.0,2.8250180571284766,2.751136907008934,2.7842793506983763,2.8222901723920972,11.260207206073572,10.029683108929996,10.907598255106748,11.395071515456568,4.993033271469358,4.989808971436538,5.000139193300617,4.999989861894485,11.509030989278346,11.435656203481845,11.606932110418887,11.611264144203034
PASTENA,430.0,0.46403255813953487,0.46403255813953487,0.46403255813953487,13.42006046511628,6.113953488372093,6.113953488372093,6.113953488372093,41.08674418604651,1.813021786962308,1.813021786962308,1.813021786962308,2.127684304590323,26.280802034100013,26.280802034100013,26.280802034100013,4.442987608455478
PATRICA,2529.0,4.356245551601424,6.078831356267299,6.076904310003954,9.712282720442863,38.18461183603532,50.728239093185714,50.71925662317121,47.79556478186372,7.61875926134247,15.887361009620195,15.88188915242768,2.1715297680053416,17.72380284280572,33.04805962656535,32.97715251447527,14.549856655778562
PERCILE,198.0,3.907,3.781,20.875,20.875,16.416666666666668,14.483333333333333,64.05,64.05,,,,,,,,
PESCOROCCHIANO,1818.0,9.18075687568757,14.284193894389439,9.183332233223322,13.81131408140814,81.83210487715438,105.66643289328934,83.06200036670334,50.19656215621563,9.154306199816565,7.150345098606547,9.168286404775976,8.133333903346974,84.6771586278557,60.02699490867591,82.78238757904387,62.323071644931446
PESCOSOLIDO,781.0,2.2052343149807934,1.0679154929577466,8.038284250960308,9.548691421254802,28.565877080665814,12.441890738369613,75.08894579598805,40.50556978233035,1.433567199913093,3.266909344727317,7.736443902078008,4.060141746294087,18.960089662235248,18.570598526424224,32.22921487822294,22.2930731643511
PETRELLA SALTO,886.0,10.977799097065462,11.114977426636568,10.967076749435666,10.967076749435666,27.451053423626785,47.957298720842736,44.91772009029345,44.91772009029345,20.211623554193483,20.415686601501168,20.572913926099876,20.572913926099876,67.26070159585512,62.916695324812146,63.60596859628371,63.60596859628371
PIANSANO,1762.0,0.5658183881952327,0.5658183881952327,0.5658183881952327,73.11494438138479,6.792640938327657,6.792640938327657,6.792640938327657,148.3890087022323,0.5854844148224614,0.5854844148224614,0.5854844148224614,56.245394695921554,2.1802459086585224,2.1802459086585224,2.1802459086585224,96.16652224137046
PICINISCO,266.0,5.670864661654136,5.670864661654136,11.854906015037596,11.897323308270677,30.396115288220553,30.396115288220553,52.02988721804512,64.7734962406015,11.250006651849883,11.250006651849883,6.3634545387443975,2.011959306248514,59.2456390018771,59.2456390018771,13.866513086756354,44.35435383030288
PICO,839.0,0.5186865315852206,0.5186865315852206,0.5186865315852206,43.28647914183552,4.151013110846245,4.151013110846245,4.151013110846245,107.43528009535159,1.153251841326867,1.153251841326867,1.153251841326867,18.476904149569563,10.305771614557958,10.305771614557958,10.305771614557958,42.84744131816073
PIEDIMONTE SAN GERMANO,5593.0,0.7321260504201681,1.1323285356695871,0.557153942428035,0.557153942428035,7.882786518862862,15.27839412360689,5.545694022289767,5.545694022289767,2.731977602222906,3.2391419645743635,2.8473344761456487,2.8473344761456487,18.270910684710746,22.712586976010837,18.22890822946057,18.22890822946057
PIGLIO,3909.0,3.030429777436684,3.030429777436684,2.502051931440266,3.8635671527244813,22.735921378016542,22.735921378016542,14.226102157414514,34.210573889315256,9.493531659035593,9.493531659035593,9.47133273943594,9.45072931048181,30.261743715722158,30.261743715722158,31.96266062740579,29.960367339388736
PIGNATARO INTERAMNA,932.0,0.991381974248927,0.991381974248927,0.991381974248927,4.439118025751073,14.092060085836911,14.092060085836911,14.092060085836911,16.11314377682403,0.8494635169721338,0.8494635169721338,0.8494635169721338,1.2933600813385264,12.168330555935704,12.168330555935704,12.168330555935704,7.4154624490542265
PISONIANO,710.0,0.145,0.131,0.131,13.24,2.3666666666666667,2.65,2.65,38.65,,,,,,,,
POFI,2364.0,4.082615905245346,4.019860829103214,3.5767474619289343,28.713294416243656,35.26705442752397,34.53888888888889,33.456401579244215,124.90124083474338,11.257105192645202,11.231068210381261,10.190816488546234,13.890959600843205,40.17756823461708,39.77128439872183,36.16611132982954,51.299357722567144
POGGIO BUSTONE,1828.0,2.1295530634573305,2.313504923413567,2.313504923413567,28.82000875273523,29.553601385849742,11.261551787016778,11.261551787016778,74.5339350838804,1.0669924085953004,2.038969584536922,2.038969584536922,1.702203591426909,14.372673402702114,16.30423485092367,16.30423485092367,9.824593573725528
POGGIO CATINO,805.0,2.1165093167701863,2.1407888198757767,10.278701863354037,10.278701863354037,29.057660455486545,30.36231884057971,63.11521739130435,63.11521739130435,0.5776910939247721,0.7745129114482211,2.1527141589165986,2.1527141589165986,10.45006202356217,14.116705201311694,11.923905144242337,11.923905144242337
POGGIO MIRTETO,4972.0,10.843712322338428,12.867771520514882,2.410811142397426,2.410811142397426,56.34176164297846,44.561718959506564,17.887969294717085,17.887969294717085,8.71476895849798,7.457415200737484,3.208313546011956,3.208313546011956,43.88442767494453,34.68863519997634,18.786870978532356,18.786870978532356
POGGIO MOIANO,2622.0,1.3961163234172387,1.4485511060259342,1.4561517925247902,1.4561517925247902,7.359293160437325,8.076646325959826,7.345239003305365,7.345239003305365,3.5105924001512903,3.72964506801027,3.873203110260722,3.873203110260722,7.414475331703819,8.190057205968529,7.839766861612942,7.839766861612942
POGGIO NATIVO,2226.0,2.7419730458221023,2.7419730458221023,11.987183288409703,12.586183288409702,33.55419661575322,33.55419661575322,90.51266846361186,91.82933513027852,2.5871390258905134,2.5871390258905134,4.116862076526593,4.116862076526593,13.772641126566484,13.772641126566484,24.888034891368346,24.88803489136835
POGGIO SAN LORENZO,353.0,3.6260000000000003,8.728,8.62,8.62,57.26666666666666,45.35,43.68333333333333,43.68333333333333,,,,,,,,
POLI,1849.0,0.8712179556517037,0.6372590589507842,0.8712179556517037,25.17502866414278,10.931629709753016,7.614277988101676,10.931629709753016,79.49541193437896,2.9441482639296543,2.9447244919233673,2.9441482639296543,2.2128109574324992,9.924002888619759,9.91465432430049,9.924002888619759,2.8632893542088858
PONTECORVO,8694.0,2.713827639751552,2.930653899240856,2.6784436392914657,2.6784436392914657,16.24565121539759,19.417396416430236,19.801641936968025,19.801641936968025,8.408054492337536,10.460695623062081,10.761237459381565,10.761237459381565,21.78876413497244,22.377400407746308,17.858758116881276,17.858758116881276
PONTINIA,8094.0,1.8095401779095626,10.853674419322955,1.6555435507783542,1.6618190017296761,11.952830903549957,32.38543571369738,9.974927930154024,9.968789638415286,9.101004541375797,5.423678852359051,9.13676606589318,9.078447167998657,21.88821861837355,14.023572266618213,22.11151167181246,21.95605976189392
PONZA,3099.0,2.371839625685705,2.547045014520813,,2.37751080993869,12.453506507475531,24.967424975798647,,5.428218780251694,2.496086937588513,2.2645094667499186,,4.082127447789939,3.724095714249151,5.356333867488099,,7.00035713374682
PONZANO ROMANO,969.0,0.214,0.214,14.989,15.145,4.133333333333334,4.133333333333334,68.88333333333334,36.53333333333333,,,,,,,,
POSTA,539.0,19.646510204081636,2.6144192949907232,20.085510204081636,87.07651020408163,30.859956709956702,22.32121212121212,36.676623376623375,219.27925170068028,7.485215993957054,1.76236228100916,7.485215993957053,7.485215993957054,25.938961471543568,17.956412908770634,25.93896147154359,25.879863880966496
POSTA FIBRENO,687.0,0.7440596797671033,1.677858806404658,5.682014556040757,5.682014556040757,11.03163512857836,29.241606016496846,28.01419213973799,28.01419213973799,0.847113923861484,0.021920310216782913,1.2848130214159577,1.2848130214159577,12.032600393191084,0.7188918942063227,17.995867581197636,17.995867581197636
POZZAGLIA SABINA,302.0,22.717364238410596,23.089493377483443,23.30649337748344,23.30649337748344,32.83664459161148,34.686644591611476,33.41997792494481,33.41997792494481,3.6456144429528856,3.6452328114950348,3.6452328114950348,3.6452328114950348,6.827889091398926,6.827889091398925,6.827889091398924,6.827889091398924
PRIVERNO,11827.0,3.755210112454553,1.7289316183309376,1.6983646317747523,1.6493105605817195,22.527506975564382,13.657424043854459,13.072421154984358,12.44898748626025,2.440498680781745,2.6913315903408606,2.7052436925159693,2.7051386659325023,11.198605907033246,12.484042939889305,12.546133635313977,12.506520058812583
PROCENO,296.0,8.618,8.659,8.442,8.659,28.483333333333338,29.15,31.483333333333338,29.15,,,,,,,,
PROSSEDI,728.0,2.443510989010989,2.443510989010989,2.565456043956044,30.64216208791209,7.270535714285714,7.270535714285714,8.973489010989011,108.3877976190476,6.585612246911191,6.585612246911191,6.5784672670260615,9.78601764423779,15.487117555735967,15.487117555735967,14.258638544691008,10.218528922175308
RIANO,9520.0,5.487986764705881,5.589988760504202,2.032183718487395,1.8242807773109242,37.777531512605044,39.41086484593838,25.649914215686277,21.955987394957983,6.977966824226094,6.977954456914847,3.127881391613179,3.155873730046879,18.147048743154347,18.147048743154347,30.26408890352548,29.85447665316824
RIETI,42476.0,6.110110943322615,10.589089295131368,13.003934457105194,15.51217954609662,10.270257153619525,14.769757470885517,17.330628108197793,20.037940013183913,4.744767843023059,4.930649525316312,5.1947302299828175,5.16303783750056,5.328619845704854,5.534454578685326,5.696090119319979,5.565234401907741
RIGNANO FLAMINIO,8819.0,1.3522856332917566,1.7154371243905204,1.6710627055221678,1.6710627055221678,9.607374229882451,13.953140945685451,13.17636731299845,13.17636731299845,2.3137638785568173,2.6108873332004707,2.6379068361468865,2.6379068361468865,9.063790685320441,8.615443866445478,8.837957010926457,8.837957010926457
RIOFREDDO,698.0,0.144,0.144,0.144,,1.8166666666666669,1.8166666666666669,1.8166666666666669,,,,,,,,,
RIPI,3948.0,2.751664387031408,2.936514944275583,2.751664387031408,2.751664387031408,26.71582657885849,26.404983535967578,26.71582657885849,26.71582657885849,3.6674298560120375,3.682465836627821,3.6674298560120375,3.6674298560120375,15.916864204106098,14.9940420513447,15.916864204106098,15.916864204106098
RIVODUTRI,1043.0,1.896856184084372,1.654633748801534,16.437745925215722,21.716241610738255,23.403131991051453,21.461601150527326,60.203962927452864,84.88774368807927,2.001326007648151,1.679454160665833,13.410274472706861,6.50003422555092,14.78033906375311,16.40218519016127,37.28495310973398,27.415007210839292
ROCCA CANTERANO,180.0,80.91,3.8089999999999993,15.828333333333335,15.881999999999998,211.37222222222223,50.25555555555555,53.705555555555556,42.30555555555556,1.086116015902538,0.7297341981845175,1.0868231226837242,1.0861160159025367,2.6045099773704727,8.461711148199015,2.604509977370448,2.604509977370448
ROCCA D'ARCE,521.0,3.057094049904031,3.057094049904031,3.1207850287907872,3.1207850287907872,29.846065259117086,29.846065259117086,40.090115163147786,40.090115163147786,2.466195288293285,2.466195288293285,0.7403757829642996,0.7403757829642996,18.950830383448167,18.950830383448167,17.352531835761347,17.352531835761347
ROCCA DI CAVE,231.0,6.239428571428571,6.175324675324674,5.953571428571429,6.175324675324674,28.381168831168832,27.596103896103898,27.056493506493503,27.596103896103898,3.95909086786348,3.9909106730168737,4.480228565597965,3.9909106730168737,2.250956586777179,2.7812866726670897,11.39620429012319,2.7812866726670897
ROCCA DI PAPA,17111.0,1.4525768024467693,1.4505935752829564,0.6464599964934837,0.6464599964934837,21.531006694848664,21.46305625361204,9.206971149163307,9.206971149163307,7.023622719213487,7.0262492094789595,7.9097271075977496,7.9097271075977496,35.29355359568547,35.300303831798445,41.567430715601084,41.567430715601084
ROCCA MASSIMA,740.0,5.613097297297298,6.074410810810811,14.995143243243241,16.073143243243244,81.87126126126125,30.631666666666664,51.436081081081085,53.28608108108108,5.924491876946073,3.978035863756552,3.6102156445287314,3.6102156445287306,84.35754318727278,4.1059690063956245,6.977669408217217,6.977669408217216
ROCCA PRIORA,11798.0,17.456321325648414,17.321553992202066,4.972000423800644,4.972000423800644,89.36239970051422,78.51150548115498,42.35269113409053,42.35269113409053,4.830317562024261,4.824045043667538,9.100555422610205,9.100555422610205,31.49640668805347,25.939802552862293,10.70073984981101,10.70073984981101
ROCCA SANTO STEFANO,820.0,0.046,0.242,0.092,75.037,0.55,3.4833333333333334,1.2166666666666666,216.1166666666667,,,,,,,,
ROCCA SINIBALDA,494.0,7.635006072874495,7.374477732793522,7.374477732793522,15.801645748987854,27.95445344129554,25.18768556005398,25.18768556005398,60.517543859649116,20.713178147072966,20.700357370966195,20.700357370966195,22.24410663417124,40.85106838700535,40.575573880934776,40.575573880934776,64.95952993287844
ROCCAGIOVINE,235.0,3.7159999999999997,3.5909999999999997,11.412,11.412,52.083333333333336,50.083333333333336,74.9,74.9,,,,,,,,
ROCCAGORGA,2822.0,2.615183557760454,2.520619064493267,2.013214741318214,2.013214741318214,24.895848098275458,25.744005433498703,13.910051972596266,13.910051972596266,2.1020140342062414,1.5945645434830578,2.750134057338539,2.750134057338539,4.130207151113742,2.4763090440172166,4.8700425886038,4.8700425886038
ROCCANTICA,279.0,0.44390681003584226,6.051960573476703,6.051960573476703,73.78870967741935,4.4574671445639185,24.724074074074075,24.724074074074075,172.70065710872163,2.4741666273717295,1.6765501781933045,1.6765501781933045,0.5854844148224634,16.357736871448797,0.36533850361304887,0.36533850361304887,1.6499158227685975
ROCCASECCA,3810.0,9.009981102362204,4.1412234908136485,1.1540102362204725,1.1540102362204725,63.03458442694664,22.140667104111987,14.203250218722657,14.203250218722657,1.4961087304515444,1.6281124295739935,2.9557612104724114,2.9557612104724114,8.303096533043378,7.860088763517263,12.22027383459931,12.22027383459931
ROCCASECCA DEI VOLSCI,796.0,0.8213467336683418,0.9878517587939698,0.9878517587939698,10.711821608040202,6.546775544388609,9.3321608040201,9.3321608040201,30.74941373534339,3.766528640538924,3.885662320205742,3.885662320205742,4.438040211249405,24.119555612883147,38.5174539560867,38.5174539560867,14.041389710423964
ROIATE,627.0,26.189,0.165,26.189,8.216,93.53333333333332,2.55,93.53333333333332,26.699999999999996,,,,,,,,
RONCIGLIONE,7871.0,0.6305784525473256,0.6305784525473256,0.7383333756828865,0.6305784525473256,7.580809299961886,7.580809299961886,8.561584720281202,7.580809299961886,4.284446557024605,4.284446557024605,4.337853293969265,4.284446557024605,17.391442659474166,17.391442659474166,17.918901411017856,17.391442659474166
ROVIANO,1238.0,0.344,0.344,0.344,12.191,5.183333333333334,5.183333333333334,5.183333333333334,53.05,,,,,,,,
SABAUDIA,14078.0,11.705464909788319,14.044682956859402,7.419770457451342,4.334986787896008,34.76653791968556,38.75043685182553,26.24162641473695,14.880132712980064,6.395562950674785,6.991388678455492,4.135624351424934,5.450797329517263,21.365266466567267,24.194343098327167,22.67532290843576,17.27446532880873
SACROFANO,6251.0,2.578943049112142,2.531943049112142,2.4479430491121423,11.85517037274036,13.85258092038607,13.135914253719404,11.869247587052737,25.376750386604808,2.0930165355729557,2.0930165355729557,2.093016535572956,8.54753036634772,18.91705152458592,18.917051524585915,18.91705152458592,26.98289066962413
SALISANO,321.0,0.7895420560747664,0.7895420560747664,27.312909657320876,27.696654205607476,6.965576323987539,6.965576323987539,131.5210280373832,131.5739875389408,5.960910165402596,5.960910165402596,5.664632424085434,25.564031460237253,37.971634149717595,37.971634149717595,33.48150608918302,76.3321770290878
SAMBUCI,811.0,0.376,43.35,43.528,43.528,6.583333333333333,94.28333333333332,97.68333333333334,97.68333333333334,,,,,,,,
SAN BIAGIO SARACINISCO,157.0,30.68641401273885,0.46335668789808915,12.370414012738854,19.932414012738853,125.98874734607216,6.311146496815287,26.30541401273885,112.17208067940554,1.4665394641808982,1.1490485194281397,1.4665394641808995,1.4665394641808982,3.4648232278140867,13.010764773832474,3.4648232278140867,3.4648232278140867
SAN CESAREO,13382.0,0.842618891047676,0.842618891047676,0.842618891047676,0.9082303093707966,6.310012205450107,6.310012205450107,6.310012205450107,7.65498306182434,2.336841519169472,2.336841519169472,2.336841519169472,2.372812552797689,10.85455796296784,10.85455796296784,10.85455796296784,11.417632692880069
SAN DONATO VAL DI COMINO,979.0,0.5677477017364657,0.544949948927477,0.28500715015321754,8.362114402451482,7.779673135852911,7.488917262512768,2.131511746680286,16.06983316309159,1.966888490314927,1.998606514549575,1.8302689237741359,2.4907019760166675,3.3739333019379507,3.672684455696012,5.615982483881094,2.6480775696370396
SAN FELICE CIRCEO,8279.0,2.3970414301244105,3.2243727905946775,4.145937552844547,4.145937552844547,29.16383218585175,39.262623639462625,42.5962636389258,42.5962636389258,2.8060319254539263,2.0379874249966425,6.774834246434865,6.774834246434865,12.405396077991702,11.0871406251927,21.452548842779773,21.452548842779773
SAN GIORGIO A LIRI,2706.0,1.176220620842572,1.2175886917960088,1.176220620842572,1.176220620842572,15.904711751662973,16.230974377925595,15.904711751662973,15.904711751662973,1.5317148203595508,1.5373331690714516,1.5317148203595508,1.5317148203595508,17.341967983344727,17.280566097395784,17.341967983344727,17.341967983344727
SAN GIOVANNI INCARICO,1594.0,0.8249479297365119,0.8249479297365119,0.8249479297365119,22.25289585947302,9.045618987871181,9.045618987871181,9.045618987871181,52.97406942701799,1.0025829475243764,1.0025829475243764,1.0025829475243764,31.485699594683723,12.211136386587935,12.211136386587935,12.211136386587935,71.21761674743958
SAN GREGORIO DA SASSOLA,1096.0,14.446,0.231,0.231,14.921,28.433333333333334,4.366666666666666,4.366666666666666,34.56666666666667,,,,,,,,
SAN LORENZO NUOVO,1741.0,0.179,0.179,0.156,22.291,2.4166666666666665,2.4166666666666665,2.05,58.166666666666664,,,,,,,,
SAN POLO DEI CAVALIERI,2268.0,3.236873015873016,3.236873015873016,3.236873015873016,19.31535008818342,14.382319223985892,14.382319223985892,14.382319223985892,62.08712522045855,12.323259525520564,12.323259525520564,12.323259525520564,10.61922840888169,29.7889070205921,29.7889070205921,29.7889070205921,32.34042877472922
SAN VITO ROMANO,3023.0,0.617,0.622,0.622,9.104,8.583333333333334,8.633333333333333,8.633333333333333,32.11666666666667,,,,,,,,
SAN VITTORE DEL LAZIO,1216.0,3.8527101151315786,1.7378774671052633,1.8278700657894738,8.095887335526314,32.90438596491228,16.672992050438598,18.298012609649124,39.28751370614035,0.8472115255634917,2.2849907132248504,2.292447579501417,6.338380306100439,10.324900072540002,15.87671208948776,15.816018937344982,46.10742560333634
SANT'AMBROGIO SUL GARIGLIANO,698.0,0.6876303724928367,0.6876303724928367,3.7416404011461317,,8.52531041069723,8.52531041069723,50.69271728748806,,1.126343161148798,1.126343161148798,1.203061199607069,,8.001578258670573,8.001578258670573,15.17473152486896,
SANT'ANDREA DEL GARIGLIANO,791.0,2.070308470290771,1.580771175726928,1.580771175726928,20.24911630847029,24.493889591234726,20.06510745891277,20.06510745891277,44.34458491361146,2.062473337201397,1.7495658890136148,1.7495658890136148,0.7978747813201431,14.427514865186767,19.845720688088644,19.845720688088644,7.437079897877084
SANT'ANGELO ROMANO,3031.0,2.347879247773012,2.347879247773012,2.389294952161003,7.956754206532498,28.11148135928736,28.11148135928736,28.980957879687676,40.44298911250412,3.06032632246955,3.06032632246955,3.062641566796001,2.002118319846923,29.7387278676339,29.7387278676339,29.648281600319635,39.238639426897485
SANT'APOLLINARE,1204.0,0.562626245847176,0.562626245847176,0.739389534883721,64.20286544850497,6.412195459579181,6.412195459579181,8.859952934662237,188.31214008859357,1.5096879699681873,1.5096879699681873,1.4850296181109206,30.005881227963737,21.462278709573393,21.462278709573393,21.021749759783628,85.7696300822409
SANT'ELIA FIUMERAPIDO,4475.0,3.953084335195531,3.046438659217877,1.895066592178771,1.895066592178771,34.10622495344507,38.55251955307263,20.46054748603352,20.46054748603352,4.623126069663254,5.058818110487864,3.3135109878596554,3.3135109878596554,48.70703984785711,101.31252989123784,20.179155224031444,20.179155224031444
SANT'ORESTE,2711.0,0.4951966064182959,2.4819129472519363,1.1560084839542604,5.548613795647363,6.94028033935817,42.59277019549982,17.873072666912577,19.190550842247635,1.8900964261116415,2.644579361637688,1.9841416280094524,2.1411193334328655,27.22361107568208,34.436100243784864,28.496403281817866,5.362226423997987
SANTA MARINELLA,17791.0,2.453891799224327,2.3912660708597984,1.8115997414423024,1.8115997414423024,19.283397348222262,18.342005945577974,17.2096546943211,17.2096546943211,4.553798550064321,4.551568018717544,4.684860682145319,4.684860682145319,10.8420499120921,10.796599084122034,14.350267236295162,14.350267236295162
SANTI COSMA E DAMIANO,5993.0,2.92962112464542,2.925452611379943,5.055978975471382,5.055978975471382,28.321404972467874,27.169578397018743,22.996587685633237,22.996587685633237,0.8783109191320956,0.9123110272361434,3.0870112244693897,3.0870112244693897,5.824286985450572,7.244526509845338,14.715499827908843,14.715499827908843
SANTOPADRE,347.0,0.7606253602305476,0.5614726224783863,0.6717175792507205,8.941481268011529,12.60566762728146,8.596926032660903,10.373871277617676,24.037367915465893,1.4044929096771308,1.3137466777630051,1.4049455505463548,2.1315902514320144,22.986463407840706,21.755484621380216,22.994349144791915,15.070289018831426
SARACINESCO,109.0,11.796431192660549,11.796431192660549,16.89443119266055,16.89443119266055,40.6282874617737,40.6282874617737,53.1782874617737,53.1782874617737,0.3691097397793767,0.3691097397793767,0.3691097397793792,0.3691097397793792,1.119585736878697,1.119585736878697,1.119585736878712,1.119585736878712
SCANDRIGLIA,2659.0,3.479309514855209,3.223661150808575,3.037165475742761,35.67831966904851,31.077641970665663,17.974407672057165,16.36819606368309,145.52157452676443,1.5028197496705984,3.417509429394453,3.3148064347711164,21.853726508309745,17.443537485269438,20.679692131815372,20.702075177785115,120.11982131281343
SEGNI,7301.0,4.584792676802264,5.48130194493905,1.6787407204492535,1.6787407204492535,34.537389855270966,38.99742158608409,10.893996256220609,10.893996256220609,2.8177197176808426,2.0779164616096986,4.773458110566525,4.773458110566525,9.884844604305313,9.20912641129761,22.41414365927987,22.41414365927987
SELCI,799.0,1.3694643304130163,1.5972240300375466,4.514579474342929,4.514579474342929,18.927617855652898,21.223279098873594,58.38792240300375,58.38792240300375,0.4252109280502246,0.3316509208992693,1.3253849755196914,1.3253849755196914,6.886426531254824,7.10791811995608,13.948440109255282,13.948440109255282
SERMONETA,7443.0,6.439851101706302,5.5375188432083835,4.561274620448743,4.066871960231089,35.25003358860675,31.002154709122664,38.567419051457755,28.260846880738054,7.926779555006534,9.274890991068242,16.253914654342296,10.493165034094742,42.069201703729966,40.232418493895366,52.14822514994923,37.9406617089921
SERRONE,2519.0,2.008226677252878,1.0515831679237795,2.008226677252878,6.333129813418023,39.98567553261876,14.34591107582374,39.98567553261876,28.196599179568608,1.8084389308645916,0.8662294538207914,1.8084389308645916,0.9429103881069507,23.54369617603892,13.968358754567276,23.54369617603892,11.92228538866978
SETTEFRATI,252.0,2.4481626984126983,2.649087301587302,7.071420634920635,8.904916666666665,7.1457671957671955,5.303373015873016,21.12361111111111,25.780820105820105,3.2109718933681126,3.1664241661533596,0.7905453813665597,3.5489689347752824,1.791337179005921,4.490128060534578,13.61180553784104,13.600020424821265
SEZZE,20564.0,4.607231867584128,5.019863771639759,5.573600272320561,5.573600272320561,36.83950319733515,39.33906098035402,33.63137116643973,33.63137116643973,4.381378661441498,4.179305453541294,3.228348899302088,3.228348899302088,20.790139424258143,21.557500233011623,17.419509860633916,17.419509860633916
SGURGOLA,1888.0,1.0248257415254238,0.8459014830508476,0.8398373940677966,16.229075741525424,19.302180437853107,15.285663841807906,14.631364759887006,78.57521186440677,1.2945440638824675,1.3350780251855445,1.2657015182630273,1.8023613215261072,22.549999999999997,22.325377936330668,21.37758647985557,32.30415063344257
SONNINO,5105.0,19.515458472086188,19.515458472086188,6.1190718903036245,6.1190718903036245,48.99154750244858,48.99154750244858,28.169575579497224,28.169575579497224,7.97817639838772,7.97817639838772,5.279590998778134,5.279590998778134,19.716463263250617,19.716463263250617,27.678224299969443,27.678224299969443
SORA,20772.0,3.4232191832755627,3.4215942073464283,6.422865652480905,6.456939742602221,25.652016636979265,25.13377383015598,27.724200312386333,30.44847979117187,2.3979591541269234,2.5928698561913657,3.353138714071112,2.7844079282876484,19.666477169716376,20.90974477378023,21.88150600095168,20.88077108648004
SORIANO NEL CIMINO,6005.0,3.2514599500416326,1.306287926727727,1.0184571190674436,1.306287926727727,14.468025256730503,9.423122398001667,5.66023313905079,9.423122398001667,7.705295078710484,7.46763354751691,7.717144692177283,7.46763354751691,34.44976344459987,22.283223011444683,25.218756798154118,22.283223011444683
SPERLONGA,2678.0,1.082587378640777,0.8203409260642269,0.2768629574309186,48.971400298730394,17.433594722429675,12.770973363206375,3.6337752053771473,100.44393203883494,0.4227414497459805,0.4967014529204977,1.1651825321954208,0.8215073544000262,4.82027930649175,5.466217800000017,14.669725059909386,5.617457906681041
SPIGNO SATURNIA,1681.0,12.680334919690662,2.694552052349792,2.694552052349792,15.911190362879237,32.01222486615111,23.400178465199286,23.400178465199286,61.57673012095974,2.255139421304993,1.9502079986748178,1.9502079986748178,5.335346719665707,7.243441660560753,20.929003507828263,20.929003507828263,7.7778319159113565
STIMIGLIANO,2077.0,0.9033201733269137,8.529570534424654,0.8714270582571016,,13.625164500080242,27.806202856684315,15.609813834055528,,0.7725138078593375,0.93576577375609,2.040975420397479,,9.642138421187145,14.039019697759313,15.30568461328932,
STRANGOLAGALLI,1726.0,3.226055040556199,1.360090961761298,1.3742694090382388,22.92571205098494,34.04259366550792,20.35535921205099,20.624719969100035,67.2014291232136,11.035891425654002,0.8240681110405783,0.8329448996676507,5.5540532334738595,54.31657844935047,12.1015918696956,12.213142832339972,18.67110399426238
SUBIACO,6811.0,1.4160430920569664,5.228806734204472,1.8927252973131694,1.8927252973131694,15.614455782312925,30.401804270869025,21.453066118533737,21.453066118533737,3.9404659344493207,4.208007287846338,4.418034139247404,4.418034139247404,12.681044501952265,21.6006242289011,15.541485303280982,15.541485303280982
SUPINO,4547.0,2.1512896415218825,2.1512896415218825,1.6264895535517923,1.9591403122938205,34.71968697309582,34.71968697309582,25.34821127483322,29.46555604427828,0.6859497066112062,0.6859497066112062,0.670883683410669,0.5035037239187016,4.648603434246557,4.648603434246557,5.9747849798595745,6.802741481687119
SUTRI,5547.0,0.8884005768884082,1.0297620335316386,2.1284865693167476,0.9060248783126013,11.574589868397329,13.09246139054143,16.893197524187247,11.772390481341265,2.704627620702463,2.2130272177871344,8.317682874454881,2.7493731467372706,31.03828534902351,16.634982383185406,41.515318011905315,31.34214666240026
TARANO,786.0,2.6512213740458015,5.181582697201018,3.5524211195928754,3.5524211195928754,20.932400339270572,26.72996183206107,43.448727735368955,43.448727735368955,1.8185009760789244,6.5373274967680794,2.146341957843624,2.146341957843624,24.21426806198729,18.926396176298915,24.774871341744642,24.774871341744642
TARQUINIA,13530.0,1.697912564671101,1.4586441980783442,1.3801844789356987,1.3801844789356987,14.73270756343927,11.571861295885684,9.92430401576743,9.92430401576743,9.910295683866686,10.066469940682614,9.923846250320487,9.923846250320487,34.64306675330684,34.02860724612618,32.14383760997272,32.14383760997272
TERELLE,163.0,31.972000000000005,0.364,59.727000000000004,39.744,151.38333333333333,4.983333333333333,154.3,159.38333333333333,,,,,,,,
TERRACINA,38678.0,5.609087508833618,7.10346629867108,8.270751219470153,5.46465747108606,8.74256051387237,10.108393732296854,11.285273281969076,8.80027219033502,2.9184957358482024,2.330749920106802,1.7224285135899284,2.736489405384722,2.8630344705666766,2.46241805196063,2.1514625340343567,2.7773796431851645
TESSENNANO,279.0,5.343,5.284,5.343,5.345,8.45,8.833333333333334,8.45,8.95,,,,,,,,
TOFFIA,809.0,0.4415735475896168,0.27710754017305317,14.130406674907295,8.293573547589617,7.005274000824063,5.132632880098888,117.91407086938608,53.27253811289658,1.1554124804588186,1.1462200923033936,1.4516902217759826,1.1554124804588202,12.268302653586597,12.15045152338884,4.32513647825771,12.280087766606375
TOLFA,4645.0,5.548304090419806,5.548304090419806,5.282844994617869,5.616777179763186,18.354834947972734,18.354834947972734,16.76216361679225,19.254825977753857,28.830864789319094,28.830864789319094,28.759447004419265,28.860563274128936,54.22330500398843,54.22330500398843,60.587266034667344,54.6711392987399
TORRE CAJETANI,1162.0,1.506713425129088,1.0994406196213427,3.7731660929432023,7.300522375215147,22.478944348823862,18.35519219736087,45.395395869191056,52.34401893287435,1.7435074419112753,1.4396627382828244,1.377530870797457,1.6260814247755246,22.99681318501906,23.42530564249791,15.688852199359049,18.972365136927156
TORRI IN SABINA,605.0,2.484214876033058,6.557033057851241,6.615451239669421,6.615451239669421,28.692920110192837,32.77325068870523,33.730991735537195,33.730991735537195,6.611886213479479,2.2102966542977893,2.2206186750543195,2.2206186750543195,130.28493048357936,18.617869253906463,18.829614677122017,18.829614677122017
TORRICE,4108.0,2.2923629503407983,2.2923629503407983,2.106317429406037,5.226643622200584,29.36386725089257,29.36386725089257,30.759254300551763,54.72738153197014,1.637947187938668,1.637947187938668,1.2182625586895306,2.5182500452648044,16.480148511877708,16.480148511877708,17.15512850031832,16.86622568279782
TORRICELLA IN SABINA,1030.0,4.3381563106796115,4.088428155339806,4.069399029126213,4.069399029126213,33.91715210355987,30.183300970873788,29.8015857605178,29.8015857605178,6.607049698184939,6.582016408366057,6.562916359581092,6.562916359581092,30.50881727546348,30.666227918057064,30.091185164482546,30.091185164482546
TORRITA TIBERINA,800.0,0.63695375,4.00670875,0.4718275,11.370697499999999,9.532270833333333,53.49858333333333,6.515604166666667,70.48397916666667,0.6102331521639907,0.7544829355260463,0.6095260453828041,3.364414064885594,7.648538349834488,3.9126575225655666,7.6485383498344905,25.114075845142192
TREVI NEL LAZIO,1666.0,2.9798403361344534,2.9798403361344534,2.9798403361344534,37.81049219687875,10.509483793517406,10.509483793517406,10.509483793517406,124.90144057623048,4.84580277147141,4.84580277147141,4.84580277147141,6.0054578926173505,7.931381062309108,7.931381062309108,7.931381062309108,23.275598214057194
TREVIGNANO ROMANO,5356.0,1.861280433159074,1.5925276325616133,1.7547242345033605,1.7547242345033605,20.188794498381878,13.679499626587006,16.269034727408517,16.269034727408517,2.730736978261444,2.4134844681036953,2.2738231632600145,2.2738231632600145,15.802577829246175,18.642421837714878,16.255673036334038,16.255673036334038
TRIVIGLIANO,1562.0,1.6330390524967995,0.8046184379001281,0.8046184379001281,6.812516645326505,29.15234741784038,11.011555697823303,11.011555697823303,23.128947930004266,1.2099959710676726,0.6203646776963799,0.6203646776963799,0.8182987942473495,20.308794391337695,8.127951031038693,8.127951031038693,7.962462570410311
TURANIA,213.0,96.958,17.572,100.302,100.302,194.41666666666663,111.48333333333332,196.09999999999997,196.09999999999997,,,,,,,,
TUSCANIA,7413.0,0.213,0.213,0.213,0.213,2.7333333333333334,2.7333333333333334,2.7333333333333334,2.7333333333333334,,,,,,,,
VACONE,151.0,7.233,50.921,62.326,12.692,17.25,191.7,249.5666666666666,40.13333333333333,,,,,,,,
VALENTANO,2640.0,0.865,1.013,1.013,1.013,11.716666666666669,14.766666666666667,14.766666666666667,14.766666666666667,,,,,,,,
VALLECORSA,1895.0,0.29,0.29,0.29,10.442,4.633333333333334,4.633333333333334,4.633333333333334,32.25,,,,,,,,
VALLEMAIO,607.0,1.4739703459637563,1.3402932454695224,1.3402932454695224,7.681401976935751,21.385694673256456,20.074025260845687,20.074025260845687,33.724464579901145,1.4425471107269485,1.1577677516093918,1.1577677516093918,2.0070624720388417,21.010548717427806,18.631717282335757,18.631717282335757,10.911872569039787
VALLEPIETRA,239.0,54.921,54.921,54.921,27.707,215.0,215.0,215.0,60.91666666666666,,,,,,,,
VALLERANO,2356.0,0.238,0.873,0.873,2.131,3.6666666666666665,13.366666666666667,13.366666666666667,20.78333333333333,,,,,,,,
VALLEROTONDA,1299.0,9.430240954580446,9.430240954580446,9.430240954580446,18.214451116243264,34.15368231973313,34.15368231973313,34.15368231973313,40.42141390813447,26.864888028534835,26.864888028534835,26.864888028534835,19.023009874791857,59.49956832576503,59.49956832576503,59.49956832576503,49.30393222791587
VALLINFREDA,292.0,27.994897260273973,4.739917808219177,13.112897260273972,121.96089726027398,177.94326484018262,42.56678082191781,100.07659817351599,265.4432648401826,0.5876057351660207,1.0069200564096439,0.5876057351660207,0.5876057351660332,3.0759144981614774,27.49466867513692,3.075914498161498,3.075914498161498
VALMONTONE,14761.0,1.681308255989883,1.6881544339814378,0.8162391775624956,0.905529977643791,18.131000986081943,23.600484836167382,11.5582458279701,12.805141363502925,2.712340578008431,2.3086241894253816,2.9015563065362002,2.88374306241038,9.920416035680544,6.247963490432524,8.815883708146085,8.596009248482694
VARCO SABINO,116.0,78.37754310344828,52.479724137931036,52.520275862068964,52.520275862068964,182.0433908045977,133.93117816091953,133.72399425287355,133.72399425287355,16.546566119087473,31.73109097294534,32.11158380294148,32.11158380294148,72.97424456868579,62.99806066973924,64.63002469899413,64.63002469899413
VASANELLO,3720.0,0.593,0.216,0.484,9.876,8.983333333333333,2.9,7.05,25.666666666666668,,,,,,,,
VEJANO,1874.0,0.048,0.329,0.041,35.386,0.6833333333333333,4.033333333333333,0.6166666666666667,101.18333333333334,,,,,,,,
VENTOTENE,540.0,0.271,0.271,0.271,,3.95,3.95,3.95,,,,,,,,,
VEROLI,17238.0,9.457866614456433,9.320383960684866,9.15357655567158,7.249367502030397,56.441339772595434,53.20487475068923,55.336005079217756,40.340175291023705,8.5245594237925,8.686303429167626,8.659765364343576,11.322849032220182,32.19576005561152,32.085577422185196,35.238648856704245,39.92099407365752
VETRALLA,12077.0,3.2688394054814935,2.473035066655627,2.643669040324584,2.703537467914217,35.09108705252408,24.114023212166376,19.831108719052747,20.46915141729458,8.832420234921457,5.658674387610582,3.693899457213204,3.673775214272098,44.26114796014672,19.682985461221744,16.064356680413802,15.542904776420938
VICALVI,497.0,0.5580845070422535,0.5580845070422535,5.774020120724346,5.774020120724346,6.239067739771965,6.239067739771965,15.91861167002012,15.91861167002012,1.2968338366961283,1.2968338366961283,1.2961267299149417,1.2961267299149417,6.835365551469958,6.835365551469958,6.976786907707269,6.976786907707269
VICO NEL LAZIO,1738.0,1.5953918296892982,1.7700264672036825,1.6830615650172613,8.527899884925201,28.661929420790184,30.571787495205218,29.516302263137707,36.91756808592252,1.264104482571414,1.3666977232243664,1.25466489549999,2.7547997939527122,20.760248951010595,22.105663163889563,20.506304360330716,13.57885211892835
VICOVARO,3381.0,1.2102505175983438,1.3012505175983438,1.4782682638272702,1.4782682638272702,11.102109829439023,11.335443162772355,14.735443162772354,14.735443162772354,2.222531345860691,2.222531345860691,2.2230467643904093,2.2230467643904093,6.499636741986262,6.4996367419862615,6.499636741986261,6.499636741986261
VIGNANELLO,4028.0,0.7911717974180735,0.7911717974180735,0.530682224428997,0.519682224428997,11.916542535584242,11.916542535584242,6.792212843429328,6.641708043694142,2.0986560779063668,2.0986560779063668,2.2277004586194553,2.227700458619456,1.6193562964384394,1.6193562964384394,4.595418410805525,4.586130459613266
VILLA LATINA,760.0,1.470392105263158,1.4235842105263161,1.2380118421052633,7.1837684210526325,19.768552631578945,19.178508771929824,16.35997807017544,50.759868421052644,1.4405892312985458,1.458463917963006,1.7649261552068782,2.853770371514382,18.466689229829775,18.729665516777665,22.784902002406316,41.36282661915075
VILLA SAN GIOVANNI IN TUSCIA,1111.0,0.187,0.187,6.7,8.14,2.8833333333333333,2.8833333333333333,21.616666666666667,25.166666666666668,,,,,,,,
VILLA SANTA LUCIA,1509.0,6.495309145129226,6.420482438701128,3.2013273691186215,3.726282306163022,32.12922465208747,30.459669759222447,42.20842721449083,31.692853987187984,1.3440624055452188,1.3430362188922569,1.6132322865156183,1.6480327588852637,13.8697874952653,13.505202549556904,14.582686676749612,11.474057819664448
VILLA SANTO STEFANO,1136.0,1.4304735915492957,1.4753459507042253,1.4753459507042253,34.33513028169014,20.517282863849765,21.090038145539907,21.090038145539907,116.76803110328639,1.0691534553613486,1.0878554719160896,1.0878554719160896,14.590142406585496,14.152036563296777,14.257646854483406,14.257646854483406,66.40314154307853
VITICUSO,233.0,0.375,0.415,13.531,41.90200000000001,5.866666666666666,6.433333333333334,36.16666666666666,150.68333333333334,,,,,,,,
VITORCHIANO,4250.0,1.5222715294117648,1.6883136470588234,1.6653112941176471,7.810666588235294,16.929870588235293,15.60662745098039,15.37316862745098,23.88474901960784,1.1128797479212809,1.1175832556607737,1.1319162218703878,1.1595440195755118,6.221088686431376,16.5227116418583,16.045009031309856,4.074957395823639
VIVARO ROMANO,165.0,31.06,11.901,18.311,151.362,184.76666666666668,58.266666666666666,67.46666666666667,317.3,,,,,,,,
ZAGAROLO,18191.0,9.362267646088725,10.897438073772745,13.431973420922434,13.431973420922434,49.35491680867829,54.47997849974651,66.25807450570795,66.25807450570795,2.894598529301315,3.116056381128295,5.356726386827437,5.356726386827437,21.154566888298174,22.807846233132985,30.492447076345048,30.492447076345048
