Comune,Nucleo_ID,Popolazione,mean_km,St.Dv_km,mean_min,St.Dv_min
POZZAGLIA SABINA,5705810001,48.0,48.49699999999999,,56.416666666666664,
POZZAGLIA SABINA,5705810002,39.0,46.738,,53.833333333333336,
POZZAGLIA SABINA,5705820001,79.0,44.175,,50.45,
POZZAGLIA SABINA,5705810003,136.0,45.779,,52.083333333333336,
RIVODUTRI,5706010001,78.0,18.414,,23.066666666666666,
RIVODUTRI,5706010004,194.0,16.442,,20.4,
RIVODUTRI,5706010002,358.0,18.539,,22.166666666666668,
RIVODUTRI,5706020001,116.0,15.852,,19.65,
RIVODUTRI,5706020002,31.0,20.504,,30.666666666666668,
RIVODUTRI,5706010003,158.0,17.024,,23.516666666666666,
RIVODUTRI,5706026603,27.0,17.022,,21.15,
RIVODUTRI,5706026604,28.0,18.568,,22.05,
RIVODUTRI,5706026606,22.0,14.368,,17.316666666666666,
RIVODUTRI,5706026610,31.0,19.277,,23.7,
ROCCANTICA,5706110001,257.0,40.975,,50.81666666666667,
ROCCANTICA,5706120001,22.0,40.23,,49.58333333333334,
ROCCA SINIBALDA,5706210001,65.0,24.606,,29.983333333333334,
ROCCA SINIBALDA,5706210004,36.0,37.367,,44.96666666666667,
ROCCA SINIBALDA,5706210002,108.0,27.372,,28.95,
ROCCA SINIBALDA,5706220002,32.0,21.384,,25.466666666666665,
ROCCA SINIBALDA,5706210003,177.0,23.598,,23.8,
ROCCA SINIBALDA,5706220004,27.0,25.706,,31.716666666666665,
ROCCA SINIBALDA,5706220003,49.0,23.558000000000003,,23.133333333333333,
SALISANO,5706310001,296.0,37.522,,44.31666666666667,
SALISANO,5706326605,25.0,40.413,,48.25,
SCANDRIGLIA,5706410001,504.0,35.429,,39.083333333333336,
SCANDRIGLIA,5706410002,1394.0,39.459,,43.75,
SCANDRIGLIA,5706410003,299.0,30.756,,32.63333333333333,
SCANDRIGLIA,5706420004,145.0,38.006,,43.06666666666667,
SCANDRIGLIA,5706420003,317.0,37.642,,41.016666666666666,
SELCI,5706510001,700.0,21.824,,27.68333333333333,
SELCI,5706520001,66.0,20.264,,24.633333333333333,
SELCI,5706520002,33.0,22.068,,28.366666666666667,
STIMIGLIANO,5706610001,1085.0,17.226,,23.233333333333334,
STIMIGLIANO,5706610002,918.0,26.135,,23.45,
STIMIGLIANO,5706620002,47.0,26.449,,23.766666666666666,
STIMIGLIANO,5706626603,27.0,16.605,,20.116666666666667,
TARANO,5706710001,264.0,15.952000000000002,,18.55,
TARANO,5706710004,205.0,18.023,,22.533333333333335,
TARANO,5706710002,88.0,17.632,,21.816666666666666,
TARANO,5706710003,198.0,16.417,,21.033333333333335,
TARANO,5706720003,31.0,16.408,,22.45,
TOFFIA,5706810001,780.0,36.991,,42.483333333333334,
TOFFIA,5706826601,29.0,34.931,,37.916666666666664,
TORRICELLA IN SABINA,5706910001,146.0,29.245000000000005,,31.216666666666665,
TORRICELLA IN SABINA,5706910004,470.0,24.407000000000004,,29.2,
TORRICELLA IN SABINA,5706910002,109.0,21.224,,24.366666666666667,
TORRICELLA IN SABINA,5706920001,28.0,22.65,,27.1,
TORRICELLA IN SABINA,5706920002,54.0,24.895,,30.016666666666666,
TORRICELLA IN SABINA,5706910003,163.0,19.596,,23.316666666666666,
TORRICELLA IN SABINA,5706920004,32.0,23.646,,29.233333333333334,
TORRICELLA IN SABINA,5706926603,28.0,20.264,,23.5,
TORRI IN SABINA,5707010001,57.0,18.499,,22.816666666666666,
TORRI IN SABINA,5707010002,465.0,23.06,,27.9,
TORRI IN SABINA,5707026603,30.0,17.082,,20.4,
TORRI IN SABINA,5707026601,28.0,25.142,,30.45,
TORRI IN SABINA,5707026604,25.0,25.215999999999998,,31.283333333333335,
TURANIA,5707110001,213.0,53.428,,61.7,
VACONE,5707210001,151.0,23.067,,28.866666666666667,
VARCO SABINO,5707310001,26.0,31.052,,35.61666666666667,
VARCO SABINO,5707310002,25.0,37.294,,45.46666666666667,
VARCO SABINO,5707310003,65.0,33.715,,39.583333333333336,
AFFILE,5800110001,1297.0,12.538,,19.066666666666666,
AFFILE,5800126701,28.0,10.040000000000001,,14.316666666666666,
AGOSTA,5800210001,1010.0,10.384,,13.383333333333333,
AGOSTA,5800210002,389.0,7.759,,10.316666666666666,
AGOSTA,5800220002,142.0,9.014,,11.816666666666666,
AGOSTA,5800220003,47.0,8.096,,10.616666666666667,
ALBANO LAZIALE,5800310001,27443.0,3.1785,0.9256027765731908,8.0,3.2998316455372216
ALBANO LAZIALE,5800310002,9433.0,4.680499999999999,0.7261986642785844,9.691666666666666,2.580939751330899
ALBANO LAZIALE,5800320002,1096.0,5.937,0.924895669792004,12.091666666666667,3.3116167585569976
ALBANO LAZIALE,5800320007,38.0,6.685,0.9248956697920047,13.0,3.2998316455372225
ALBANO LAZIALE,5800320008,87.0,2.8505000000000003,0.9256027765731906,7.116666666666666,3.299831645537221
ALBANO LAZIALE,5800320014,134.0,6.273,0.7269057710597705,12.691666666666666,2.5809397513308987
ALBANO LAZIALE,5800320010,81.0,6.9834999999999985,0.7261986642785844,13.858333333333334,2.5809397513308987
ALBANO LAZIALE,5800320011,51.0,7.421499999999999,0.7261986642785838,14.616666666666667,2.5927248643506737
ALLUMIERE,5800410001,3213.0,14.476000000000003,,19.45,
ALLUMIERE,5800410002,429.0,12.868,,16.266666666666666,
ANGUILLARA SABAZIA,5800510001,14440.0,11.304,,14.783333333333333,
ANGUILLARA SABAZIA,5800510002,206.0,8.051,,10.233333333333333,
ANGUILLARA SABAZIA,5800520001,257.0,7.156,,9.283333333333333,
ANGUILLARA SABAZIA,5800520007,172.0,14.65,,19.933333333333334,
ANGUILLARA SABAZIA,5800520008,175.0,14.083,,19.1,
ANGUILLARA SABAZIA,5800520009,58.0,13.525,,18.0,
ANGUILLARA SABAZIA,5800520005,77.0,12.709,,14.75,
ANGUILLARA SABAZIA,5800520006,44.0,11.119,,13.0,
ANGUILLARA SABAZIA,5800520004,1732.0,13.66,,15.033333333333333,
ANGUILLARA SABAZIA,5800520003,343.0,10.144,,11.35,
ANGUILLARA SABAZIA,5800526702,26.0,13.173,,19.1,
ANTICOLI CORRADO,5800610001,794.0,21.371000000000002,,25.6,
ARCINAZZO ROMANO,5800810001,311.0,16.514,,21.0,
ARCINAZZO ROMANO,5800810002,868.0,10.642,,16.716666666666665,
ARICCIA,5800910001,17796.0,2.811,,5.15,
ARICCIA,5800926702,41.0,3.127,,5.933333333333334,
ARSOLI,5801010001,1260.0,18.295,,20.866666666666667,
ARTENA,5801110001,9909.0,8.889,,11.466666666666667,
ARTENA,5801110004,386.0,5.744,,8.016666666666667,
ARTENA,5801110002,907.0,12.818,,17.383333333333333,
ARTENA,5801110005,96.0,12.211999999999998,,16.216666666666665,
ARTENA,5801110003,1605.0,13.674,,17.033333333333335,
BELLEGRA,5801210001,1797.0,15.841,,24.55,
BELLEGRA,5801220004,154.0,14.119,,25.683333333333334,
BELLEGRA,5801220003,81.0,14.555,,23.35,
BELLEGRA,5801226602,26.0,12.675,,23.516666666666666,
BRACCIANO,5801310006,886.0,3.823,,6.066666666666666,
BRACCIANO,5801310001,12279.0,1.145,,3.0,
BRACCIANO,5801310004,373.0,2.975,,5.966666666666667,
BRACCIANO,5801310002,240.0,7.42,,9.466666666666667,
BRACCIANO,5801310005,1465.0,1.972,,3.3,
BRACCIANO,5801310003,280.0,3.725,,9.75,
BRACCIANO,5801320005,143.0,1.988,,4.15,
BRACCIANO,5801320006,762.0,3.873,,7.15,
BRACCIANO,5801320003,52.0,3.687,,6.65,
BRACCIANO,5801326704,41.0,11.291,,13.016666666666667,
CAMERATA NUOVA,5801410001,382.0,32.725,,36.93333333333333,
CAMPAGNANO DI ROMA,5801510001,7052.0,28.513,,33.86666666666667,
CAMPAGNANO DI ROMA,5801520001,253.0,25.489,,30.483333333333334,
CAMPAGNANO DI ROMA,5801520002,1186.0,23.567,,30.05,
CAMPAGNANO DI ROMA,5801520003,132.0,22.902,,28.8,
CANALE MONTERANO,5801610001,2123.0,9.302,,12.466666666666667,
CANALE MONTERANO,5801610002,918.0,9.113,,12.466666666666667,
CANALE MONTERANO,5801620005,47.0,10.59,,15.599999999999998,
CANALE MONTERANO,5801620004,46.0,10.554,,13.85,
CANTERANO,5801710001,317.0,11.011,,16.616666666666667,
CAPENA,5801810001,2055.0,55.723,,51.083333333333336,
CAPENA,5801810002,6065.0,58.448,,55.05,
CAPENA,5801820001,888.0,54.131,,50.13333333333333,
CAPENA,5801810003,100.0,53.938,,48.66666666666666,
CAPENA,5801820005,329.0,56.800000000000004,,52.71666666666667,
CAPENA,5801820004,388.0,56.441,,52.13333333333333,
CAPENA,5801820003,167.0,57.293000000000006,,53.516666666666666,
CAPRANICA PRENESTINA,5801910001,193.0,18.948,,31.983333333333334,
CAPRANICA PRENESTINA,5801910002,46.0,15.026,,28.6,
CAPRANICA PRENESTINA,5801920002,33.0,19.495,,33.75,
CORI,5900610001,6056.0,24.329,,29.616666666666667,
CORI,5900610002,2333.0,31.193,,38.3,
CORI,5900620002,222.0,29.930999999999997,,36.5,
CORI,5900620001,175.0,28.895,,34.95,
FONDI,5900710001,28161.0,0.583,,2.516666666666666,
FONDI,5900710002,652.0,12.297,,14.516666666666667,
FONDI,5900710004,1676.0,4.495,,8.85,
FONDI,5900720001,383.0,7.582,,11.916666666666666,
FONDI,5900720007,153.0,5.534,,9.683333333333334,
FONDI,5900710003,369.0,16.287,,20.0,
FONDI,5900720015,48.0,10.0,,12.966666666666667,
FONDI,5900720008,455.0,4.569,,7.1,
FONDI,5900720014,114.0,15.814,,18.133333333333333,
FONDI,5900720009,239.0,10.855,,12.866666666666669,
FONDI,5900720013,57.0,16.874,,20.283333333333335,
FONDI,5900720020,97.0,4.516,,8.75,
FONDI,5900720010,110.0,9.132,,11.366666666666669,
FONDI,5900720006,138.0,4.133,,7.3,
FONDI,5900720016,84.0,3.56,,6.933333333333333,
FONDI,5900720011,44.0,8.234,,10.466666666666667,
FONDI,5900720012,318.0,10.614,,14.816666666666666,
FONDI,5900720021,60.0,9.917,,12.016666666666667,
FORMIA,5900810001,474.0,9.8315,1.3640089809088491,15.733333333333334,2.3805928299947103
FORMIA,5900810002,29397.0,2.9885,1.36400898090885,6.2666666666666675,2.3805928299947103
FORMIA,5900810004,1957.0,8.1215,1.3640089809088505,11.566666666666666,2.3805928299947103
FORMIA,5900820001,95.0,3.1855000000000007,1.3640089809088503,6.866666666666667,2.3805928299947103
FORMIA,5900810003,3236.0,4.4455,1.3640089809088503,7.783333333333334,2.3805928299947103
FORMIA,5900820004,37.0,4.685499999999999,1.3880506114691926,7.616666666666666,2.3805928299947103
FORMIA,5900820011,53.0,5.441,1.3647160876900366,8.424999999999999,2.368807716974934
FORMIA,5900820012,46.0,6.07,1.3647160876900366,9.9,2.3805928299947103
FORMIA,5900826605,23.0,7.139500000000001,1.3640089809088498,12.133333333333333,2.3805928299947103
FORMIA,5900826610,35.0,3.061,1.3887577182503794,6.933333333333334,2.3805928299947103
GAETA,5900910001,18694.0,2.12,,7.083333333333332,
GAETA,5900920001,79.0,8.992,,13.466666666666669,
ITRI,5901010001,7849.0,9.783,,13.26666666666667,
ITRI,5901020008,37.0,14.52,,19.55,
ITRI,5901020004,72.0,6.859,,10.15,
ITRI,5901020006,59.0,10.51,,15.2,
ITRI,5901026605,28.0,7.836999999999999,,13.133333333333335,
LENOLA,5901210001,2714.0,9.979,,17.283333333333335,
LENOLA,5901210002,583.0,6.797,,9.083333333333334,
LENOLA,5901220003,99.0,13.872,,17.25,
LENOLA,5901220001,45.0,11.889,,19.383333333333333,
LENOLA,5901220005,126.0,9.725,,14.5,
LENOLA,5901226602,34.0,12.932,,15.55,
LENOLA,5901226604,23.0,13.769,,18.166666666666668,
MAENZA,5901310001,1555.0,10.151,,13.433333333333332,
MAENZA,5901320002,43.0,9.626,,13.683333333333334,
MAENZA,5901320001,115.0,11.958,,15.833333333333334,
MINTURNO,5901410001,16857.0,3.358,,7.166666666666667,
MINTURNO,5901410002,199.0,5.306,,8.466666666666667,
MINTURNO,5901410004,792.0,1.846,,3.5833333333333335,
MINTURNO,5901420003,63.0,2.475,,3.55,
MINTURNO,5901420002,72.0,4.235,,8.016666666666667,
MINTURNO,5901420001,74.0,1.728,,2.683333333333333,
MINTURNO,5901410005,170.0,6.3839999999999995,,12.316666666666668,
MINTURNO,5901410003,493.0,3.484,,5.416666666666667,
MINTURNO,5901420005,73.0,6.222,,11.783333333333333,
MINTURNO,5901420004,54.0,3.2170000000000005,,6.566666666666666,
MINTURNO,5901420006,80.0,2.594,,3.6833333333333327,
MONTE SAN BIAGIO,5901510001,3847.0,8.574,,12.55,
MONTE SAN BIAGIO,5901510002,152.0,10.451,,14.733333333333334,
MONTE SAN BIAGIO,5901520003,124.0,10.868999999999998,,14.05,
MONTE SAN BIAGIO,5901520002,141.0,11.769,,16.15,
MONTE SAN BIAGIO,5901510003,72.0,11.277,,14.800000000000002,
MONTE SAN BIAGIO,5901520009,200.0,12.237,,15.833333333333336,
MONTE SAN BIAGIO,5901520010,75.0,13.33,,17.5,
MONTE SAN BIAGIO,5901526607,26.0,10.549,,13.333333333333334,
MONTE SAN BIAGIO,5901526608,26.0,12.595,,18.416666666666668,
NORMA,5901610001,3417.0,21.002000000000002,,33.516666666666666,
PONTINIA,5901710001,116.0,10.879,,13.85,
PONTINIA,5901710002,33.0,15.796000000000001,,18.416666666666668,
PONTINIA,5901710004,322.0,13.186,,16.8,
PONTINIA,5901720003,106.0,14.409,,17.85,
PONTINIA,5901720002,94.0,16.295,,19.516666666666666,
PONTINIA,5901720001,87.0,15.522,,16.9,
PONTINIA,5901710003,7216.0,16.88,,19.983333333333334,
PONTINIA,5901720005,120.0,15.348,,16.783333333333335,
PRIVERNO,5901910001,158.0,5.274,,7.266666666666666,
PRIVERNO,5901910002,10266.0,0.468,,1.25,
PRIVERNO,5901920002,124.0,7.435,,9.7,
PRIVERNO,5901920001,37.0,7.5840000000000005,,11.333333333333334,
PRIVERNO,5901910003,576.0,4.25,,5.933333333333334,
PRIVERNO,5901920014,117.0,5.691,,8.15,
PRIVERNO,5901920004,77.0,5.778,,7.766666666666667,
PRIVERNO,5901920006,240.0,4.876,,7.8,
PRIVERNO,5901920016,61.0,4.924,,7.55,
PRIVERNO,5901920011,39.0,8.574,,11.95,
PRIVERNO,5901926712,67.0,3.287,,4.666666666666667,
PRIVERNO,5901926710,25.0,4.73,,7.466666666666666,
PRIVERNO,5901926608,40.0,4.36,,6.85,
PROSSEDI,5902010001,103.0,16.395,,21.716666666666665,
PROSSEDI,5902010002,550.0,11.257,,13.983333333333333,
PROSSEDI,5902020001,48.0,7.68,,9.933333333333334,
PROSSEDI,5902026602,27.0,13.179,,17.616666666666667,
ROCCAGORGA,5902110001,2156.0,8.586,,13.783333333333333,
ROCCAGORGA,5902110002,234.0,9.690999999999999,,13.5,
ROCCAGORGA,5902110003,432.0,9.026,,12.916666666666666,
ROCCA MASSIMA,5902210001,210.0,31.756,,39.21666666666667,
ROCCA MASSIMA,5902210002,374.0,32.764,,42.7,
ROCCA MASSIMA,5902220001,156.0,32.614,,40.96666666666667,
ROCCASECCA DEI VOLSCI,5902310001,694.0,8.08,,12.016666666666667,
ROCCASECCA DEI VOLSCI,5902320003,35.0,5.169,,8.316666666666666,
ROCCASECCA DEI VOLSCI,5902326601,42.0,4.753,,7.733333333333333,
ROCCASECCA DEI VOLSCI,5902326602,25.0,17.113,,29.91666666666667,
SABAUDIA,5902410006,682.0,13.579,,13.983333333333333,
SABAUDIA,5902410001,1467.0,10.155,,9.933333333333334,
SABAUDIA,5902410004,462.0,7.423,,10.333333333333334,
SABAUDIA,5902420003,58.0,4.006,,6.116666666666666,
SABAUDIA,5902420002,152.0,4.914,,6.433333333333334,
SABAUDIA,5902420001,474.0,17.509,,17.283333333333335,
SABAUDIA,5902420007,227.0,4.732,,5.916666666666667,
SABAUDIA,5902410005,8891.0,0.276,,0.9,
SABAUDIA,5902410003,257.0,9.101,,11.45,
SABAUDIA,5902410002,1064.0,8.856,,9.516666666666667,
SABAUDIA,5902420005,87.0,4.791,,6.2666666666666675,
SABAUDIA,5902420004,83.0,12.531,,16.15,
SABAUDIA,5902420006,149.0,6.329,,7.616666666666666,
SABAUDIA,5902426608,25.0,2.924,,6.35,
SAN FELICE CIRCEO,5902510004,34.0,6.455,,7.433333333333334,
SAN FELICE CIRCEO,5902520001,46.0,15.508,,21.766666666666666,
SAN FELICE CIRCEO,5902510003,598.0,9.532,,10.333333333333334,
SAN FELICE CIRCEO,5902510002,7224.0,11.154,,13.9,
SAN FELICE CIRCEO,5902520005,350.0,10.729,,12.55,
SAN FELICE CIRCEO,5902520006,27.0,6.126,,6.766666666666667,
SANTI COSMA E DAMIANO,5902610006,51.0,6.926,,9.033333333333333,
SANTI COSMA E DAMIANO,5902610001,637.0,4.11,,4.566666666666666,
SANTI COSMA E DAMIANO,5902610004,140.0,8.522,,12.433333333333334,
SANTI COSMA E DAMIANO,5902610003,703.0,7.485999999999999,,10.466666666666667,
SANTI COSMA E DAMIANO,5902610002,3994.0,3.919,,5.133333333333334,
SANTI COSMA E DAMIANO,5902610007,468.0,5.645,,6.9833333333333325,
SERMONETA,5902710006,716.0,12.516,,20.083333333333332,
SERMONETA,5902710001,366.0,10.634,,17.733333333333334,
SERMONETA,5902710004,1190.0,12.165,,19.233333333333334,
SERMONETA,5902720007,102.0,8.957,,14.516666666666667,
SERMONETA,5902710003,247.0,13.811,,18.516666666666666,
SERMONETA,5902710005,753.0,15.58,,25.166666666666668,
SERMONETA,5902710002,3080.0,9.707,,17.266666666666666,
SERMONETA,5902720008,101.0,13.33,,20.850000000000005,
SERMONETA,5902720009,78.0,12.995,,18.133333333333333,
SERMONETA,5902720004,57.0,11.521,,16.266666666666666,
SERMONETA,5902720006,41.0,11.811,,19.433333333333334,
SERMONETA,5902720016,34.0,12.571,,17.183333333333334,
SERMONETA,5902720011,455.0,10.213,,17.433333333333334,
SERMONETA,5902720012,88.0,12.109999999999998,,20.1,
SERMONETA,5902726613,28.0,12.858,,17.466666666666665,
SERMONETA,5902726605,21.0,10.755,,18.566666666666666,
SERMONETA,5902726615,22.0,14.257,,19.866666666666667,
SERMONETA,5902726614,35.0,14.509,,19.516666666666666,
SERMONETA,5902726610,29.0,11.923,,16.9,
SEZZE,5902810001,16315.0,14.459,,18.716666666666665,
SEZZE,5902810003,331.0,6.936999999999999,,9.05,
SEZZE,5902810002,2713.0,14.657999999999998,,15.716666666666667,
SEZZE,5902820017,175.0,14.598999999999998,,15.816666666666666,
SEZZE,5902820004,73.0,13.294,,15.616666666666667,
SEZZE,5902820013,62.0,8.192,,9.55,
SEZZE,5902820023,115.0,13.043999999999999,,14.083333333333334,
SEZZE,5902820006,68.0,19.622,,25.85,
SEZZE,5902820011,275.0,18.131,,19.4,
SEZZE,5902820012,76.0,8.431,,9.7,
SEZZE,5902820018,181.0,18.178,,18.816666666666666,
SEZZE,5902820022,74.0,6.036,,8.066666666666666,
SEZZE,5902826701,33.0,17.468,,17.4,
SEZZE,5902826621,27.0,18.597,,19.0,
SEZZE,5902826714,25.0,11.332,,14.483333333333333,
SEZZE,5902826720,21.0,19.741,,19.85,
SONNINO,5902910001,318.0,10.92,,14.899999999999999,
SONNINO,5902910004,194.0,15.248000000000001,,15.316666666666666,
SONNINO,5902920002,65.0,9.46,,13.4,
SONNINO,5902920001,83.0,8.354,,12.633333333333333,
SONNINO,5902910003,3176.0,10.379,,15.816666666666666,
SONNINO,5902910002,595.0,7.003,,9.583333333333334,
SONNINO,5902920010,73.0,12.821,,13.716666666666667,
SONNINO,5902920012,136.0,10.372,,15.9,
SONNINO,5902920006,34.0,13.788,,20.8,
SONNINO,5902920016,63.0,14.956,,19.016666666666666,
SONNINO,5902926603,30.0,17.652,,20.983333333333334,
SONNINO,5902926623,32.0,19.129,,23.616666666666667,
SONNINO,5902920022,100.0,13.691,,15.066666666666668,
SONNINO,5902920026,73.0,7.546999999999999,,10.383333333333333,
SONNINO,5902926618,42.0,13.460999999999999,,17.033333333333335,
SONNINO,5902926621,28.0,14.83,,18.6,
SONNINO,5902926624,21.0,11.448,,15.5,
SONNINO,5902926614,42.0,7.995,,10.6,
SPERLONGA,5903010001,2559.0,13.548,,18.033333333333335,
SPERLONGA,5903020001,83.0,14.06,,17.733333333333334,
SPIGNO SATURNIA,5903110001,324.0,9.072,,12.216666666666667,
SPIGNO SATURNIA,5903120007,123.0,7.386,,9.833333333333334,
SPIGNO SATURNIA,5903110003,180.0,10.283,,16.4,
SPIGNO SATURNIA,5903110002,945.0,7.322,,10.05,
SPIGNO SATURNIA,5903126601,37.0,10.611,,17.2,
SPIGNO SATURNIA,5903126610,26.0,7.016,,10.566666666666666,
ACQUAFONDATA,6000110001,185.0,24.119999999999997,,33.833333333333336,
ACQUAFONDATA,6000110002,64.0,28.024,,41.5,
ACUTO,6000210001,1582.0,15.125,,15.8,
ACUTO,6000220003,56.0,9.513,,13.6,
ACUTO,6000220001,128.0,16.258,,17.25,
ALATRI,6000310005,1252.0,9.261,,14.366666666666665,
ALATRI,6000310001,9780.0,1.621,,4.716666666666667,
ALATRI,6000320003,43.0,8.353,,13.783333333333331,
ALATRI,6000320002,80.0,11.876,,16.933333333333334,
ALATRI,6000310014,375.0,9.366,,13.683333333333334,
ALATRI,6000310009,331.0,7.0040000000000004,,11.533333333333333,
ALATRI,6000310013,648.0,6.742,,10.466666666666667,
ALATRI,6000310016,183.0,4.379,,8.15,
ALATRI,6000310003,597.0,5.15,,7.533333333333332,
ALATRI,6000310010,137.0,3.8620000000000005,,6.666666666666667,
ALATRI,6000310002,761.0,10.415,,15.583333333333336,
ALATRI,6000310007,116.0,14.333,,19.533333333333335,
ALATRI,6000320004,42.0,8.659,,13.116666666666665,
ALATRI,6000310011,1179.0,3.759,,8.3,
ALATRI,6000310018,100.0,9.974,,15.116666666666667,
ALATRI,6000310019,468.0,4.573,,9.066666666666666,
ALVITO,6000410001,812.0,18.779,,20.1,
ALVITO,6000410002,27.0,17.291,,19.8,
ALVITO,6000420014,48.0,14.073,,16.05,
ALVITO,6000420010,47.0,19.286,,20.8,
AMASENO,6000510001,2105.0,26.936,,31.516666666666666,
AMASENO,6000520002,122.0,28.11,,32.93333333333333,
AMASENO,6000520004,47.0,27.08,,32.016666666666666,
AMASENO,6000526606,25.0,26.84,,31.8,
ANAGNI,6000610001,8330.0,0.624,,1.4833333333333334,
ANAGNI,6000610004,249.0,8.626,,12.416666666666666,
ANAGNI,6000620001,83.0,8.818,,14.116666666666667,
ANAGNI,6000620007,82.0,5.5,,9.0,
ANAGNI,6000610002,1440.0,3.5439999999999996,,6.483333333333333,
ANAGNI,6000620015,47.0,3.9960000000000004,,7.15,
ANAGNI,6000620005,52.0,7.238,,10.933333333333334,
ANAGNI,6000620008,54.0,8.092,,10.433333333333334,
ANAGNI,6000620014,642.0,1.9909999999999999,,4.416666666666667,
ANAGNI,6000620004,171.0,6.891000000000001,,8.833333333333334,
ANAGNI,6000620012,120.0,5.769,,9.8,
ANAGNI,6000620016,252.0,8.657,,12.2,
ANAGNI,6000620019,449.0,4.966,,6.900000000000001,
ANAGNI,6000620021,40.0,5.226,,7.883333333333335,
ANAGNI,6000620026,310.0,4.073,,7.183333333333334,
ANAGNI,6000626606,33.0,5.321,,7.083333333333333,
ANAGNI,6000626703,66.0,8.065,,11.466666666666667,
ANAGNI,6000626717,48.0,7.037,,10.083333333333334,
AQUINO,6000710001,3323.0,12.857999999999999,,19.516666666666666,
AQUINO,6000720002,76.0,11.063,,17.983333333333334,
AQUINO,6000720005,76.0,15.706,,23.45,
AQUINO,6000720004,56.0,14.054999999999998,,21.65,
AQUINO,6000726601,32.0,14.445,,24.3,
AQUINO,6000726609,23.0,11.914999999999997,,17.8,
ARCE,6000810006,303.0,15.432999999999998,,19.05,
ARCE,6000810001,1947.0,15.029,,18.166666666666668,
ARCE,6000810004,67.0,18.678,,22.116666666666667,
ARCE,6000810009,131.0,12.315,,14.866666666666667,
ARCE,6000820007,55.0,17.681,,20.9,
ARCE,6000810002,72.0,14.086,,17.4,
ARCE,6000810008,181.0,16.639,,19.333333333333332,
ARCE,6000820015,57.0,16.974,,20.1,
ARCE,6000820004,44.0,18.061,,21.216666666666665,
ARCE,6000826606,24.0,15.64,,18.583333333333332,
ARNARA,6000910001,557.0,12.06,,17.683333333333334,
ARNARA,6000910002,255.0,10.396,,15.216666666666667,
ARNARA,6000920004,41.0,10.843,,16.316666666666666,
ARNARA,6000920009,78.0,11.373,,17.616666666666667,
ARNARA,6000920017,50.0,13.59,,19.516666666666666,
ARNARA,6000920006,30.0,14.455,,21.05,
ACQUAPENDENTE,5600110001,3833.0,0.958,,3.75,
ACQUAPENDENTE,5600110002,272.0,12.621,,15.516666666666667,
ACQUAPENDENTE,5600120001,277.0,2.208,,4.2,
ACQUAPENDENTE,5600110003,120.0,13.461,,17.65,
ARLENA DI CASTRO,5600210001,799.0,26.324,,30.1,
BAGNOREGIO,5600310001,2366.0,14.909,,17.25,
BAGNOREGIO,5600310004,414.0,14.171,,17.0,
BAGNOREGIO,5600310002,184.0,15.653,,17.7,
BAGNOREGIO,5600310003,41.0,16.365,,21.466666666666665,
BARBARANO ROMANO,5600410001,643.0,13.674999999999999,,17.55,
BARBARANO ROMANO,5600420001,209.0,14.717,,18.766666666666666,
BASSANO ROMANO,5600510001,3394.0,9.71,,12.966666666666667,
BASSANO IN TEVERINA,5600610001,1036.0,20.05,,20.0,
BLERA,5600710001,2243.0,17.63,,22.666666666666668,
BLERA,5600710002,244.0,24.939,,31.25,
BLERA,5600720001,311.0,18.955,,22.766666666666666,
BOLSENA,5600810001,3077.0,15.093,,17.633333333333333,
BOLSENA,5600826601,30.0,9.658,,11.916666666666666,
BOMARZO,5600910001,1509.0,17.57,,17.416666666666668,
BOMARZO,5600910002,75.0,22.804,,24.0,
CALCATA,5601010001,565.0,14.037,,16.816666666666666,
CALCATA,5601010002,156.0,14.244,,17.85,
CALCATA,5601020001,80.0,13.877,,16.616666666666667,
CANEPINA,5601110001,2734.0,15.025,,19.7,
CANEPINA,5601126701,21.0,12.767,,15.583333333333334,
CANINO,5601210001,4786.0,41.817,,36.483333333333334,
CAPODIMONTE,5601310001,1282.0,13.283999999999999,,15.583333333333336,
CAPODIMONTE,5601320001,95.0,14.231,,16.2,
CAPODIMONTE,5601320002,132.0,14.798,,16.8,
CAPRANICA,5601410001,5205.0,0.567,,2.1666666666666665,
CAPRANICA,5601410002,339.0,3.281,,6.016666666666667,
CAPRANICA,5601426601,23.0,5.267,,9.016666666666667,
CAPRANICA,5601426602,26.0,6.224,,10.516666666666667,
CAPRAROLA,5601510001,3996.0,8.623,,10.816666666666666,
CAPRAROLA,5601520001,515.0,5.647,,6.583333333333333,
CARBOGNANO,5601610001,1773.0,10.742,,12.183333333333334,
CASTEL SANT'ELIA,5601710001,2096.0,7.537,,9.033333333333333,
CASTEL SANT'ELIA,5601720004,43.0,6.329,,7.6499999999999995,
CASTEL SANT'ELIA,5601726601,21.0,3.813,,6.266666666666667,
CASTEL SANT'ELIA,5601726602,21.0,4.945,,6.233333333333333,
CASTIGLIONE IN TEVERINA,5601810001,1900.0,30.285,,31.033333333333335,
CASTIGLIONE IN TEVERINA,5601810002,73.0,25.513,,27.333333333333332,
CASTIGLIONE IN TEVERINA,5601820001,28.0,26.808,,29.9,
CELLENO,5601910001,922.0,13.68,,16.55,
CELLENO,5601920002,43.0,12.745999999999999,,13.983333333333333,
CELLERE,5602010001,1036.0,28.966,,27.883333333333333,
CIVITA CASTELLANA,5602110001,281.0,9.6,,11.05,
CIVITA CASTELLANA,5602110002,11776.0,1.365,,3.55,
CIVITA CASTELLANA,5602120002,56.0,5.434,,8.85,
CIVITA CASTELLANA,5602110003,1015.0,5.354,,5.933333333333334,
CIVITA CASTELLANA,5602120004,45.0,5.909,,9.583333333333334,
CIVITA CASTELLANA,5602120003,99.0,5.016,,7.049999999999999,
CIVITELLA D'AGLIANO,5602210001,579.0,21.099,,23.833333333333332,
CIVITELLA D'AGLIANO,5602210002,164.0,19.285,,22.55,
CIVITELLA D'AGLIANO,5602220002,71.0,27.567,,31.166666666666668,
CIVITELLA D'AGLIANO,5602220004,92.0,22.770000000000003,,26.55,
CIVITELLA D'AGLIANO,5602220003,39.0,27.167000000000005,,31.766666666666662,
CIVITELLA D'AGLIANO,5602226605,22.0,28.632,,33.86666666666667,
CORCHIANO,5602310001,2774.0,9.746,,13.8,
CORCHIANO,5602326702,55.0,9.297,,13.0,
CORCHIANO,5602326701,23.0,7.95,,10.95,
CORCHIANO,5602326703,41.0,10.269,,13.649999999999999,
FABRICA DI ROMA,5602410001,5032.0,12.289,,16.233333333333334,
FABRICA DI ROMA,5602410002,484.0,7.27,,10.366666666666667,
FABRICA DI ROMA,5602410003,1317.0,7.913,,10.866666666666667,
FALERIA,5602510001,1558.0,11.493999999999998,,13.5,
FALERIA,5602520002,71.0,13.586,,15.700000000000001,
FALERIA,5602526601,34.0,12.776,,14.8,
FARNESE,5602610001,1309.0,30.827000000000005,,33.833333333333336,
GALLESE,5602710001,1431.0,17.608,,18.2,
GALLESE,5602710002,469.0,13.092,,13.95,
GALLESE,5602720003,119.0,14.927,,15.4,
GRADOLI,5602810001,1152.0,14.32,,20.816666666666666,
GRADOLI,5602820001,50.0,17.901,,22.8,
GRAFFIGNANO,5602910001,809.0,22.267,,25.933333333333334,
GRAFFIGNANO,5602910002,240.0,23.65,,25.883333333333333,
GRAFFIGNANO,5602920002,32.0,26.891,,30.133333333333333,
GRAFFIGNANO,5602910003,654.0,25.835,,28.2,
GROTTE DI CASTRO,5603010001,2294.0,10.267,,12.95,
ISCHIA DI CASTRO,5603110001,1958.0,27.099,,26.783333333333335,
LATERA,5603210001,742.0,17.469,,20.5,
LUBRIANO,5603310001,450.0,19.837,,20.816666666666666,
MARTA,5603410001,3064.0,11.246,,15.533333333333333,
MONTALTO DI CASTRO,5603510001,4423.0,23.329,,20.066666666666666,
MONTALTO DI CASTRO,5603510002,491.0,25.445,,22.4,
MONTALTO DI CASTRO,5603520007,28.0,19.898,,17.533333333333335,
MONTALTO DI CASTRO,5603510003,1071.0,33.731,,26.616666666666667,
MONTALTO DI CASTRO,5603520005,192.0,21.659000000000002,,19.95,
MONTALTO DI CASTRO,5603520006,46.0,24.188,,20.466666666666665,
MONTALTO DI CASTRO,5603526604,43.0,37.039,,29.916666666666668,
MONTALTO DI CASTRO,5603526703,29.0,34.883,,27.666666666666668,
MONTEFIASCONE,5603610001,9253.0,0.396,,1.1833333333333333,
MONTEFIASCONE,5603610002,1596.0,2.9579999999999997,,5.066666666666666,
MONTEFIASCONE,5603620002,197.0,2.761,,5.033333333333333,
MONTEFIASCONE,5603620009,111.0,4.737,,7.766666666666667,
MONTEFIASCONE,5603620004,65.0,6.563,,10.616666666666667,
MONTE ROMANO,5603710001,1896.0,13.957,,14.5,
MONTEROSI,5603810001,3069.0,15.577,,17.866666666666667,
MONTEROSI,5603820002,33.0,16.19,,18.933333333333334,
NEPI,5603910001,5816.0,10.552,,13.849999999999998,
NEPI,5603910002,96.0,20.308,,24.183333333333334,
NEPI,5603920001,762.0,15.331,,20.8,
NEPI,5603920007,65.0,14.941,,21.916666666666668,
NEPI,5603920009,61.0,16.865,,21.9,
NEPI,5603920005,77.0,15.947,,20.383333333333333,
NEPI,5603920011,85.0,19.371,,24.366666666666664,
NEPI,5603920012,128.0,13.635,,19.066666666666666,
NEPI,5603920006,189.0,20.213,,27.18333333333333,
NEPI,5603920003,678.0,14.336999999999998,,19.483333333333334,
NEPI,5603926610,31.0,15.778,,21.95,
ONANO,5604010001,796.0,9.311,,11.783333333333333,
ORIOLO ROMANO,5604110001,2999.0,13.716,,16.05,
ORIOLO ROMANO,5604120006,95.0,13.156000000000002,,15.933333333333334,
ORTE,5604210001,278.0,26.101,,25.85,
ORTE,5604210002,3796.0,29.681,,30.483333333333334,
ORTE,5604210003,3662.0,23.051,,24.316666666666666,
ORTE,5604220005,81.0,31.927,,30.3,
ORTE,5604220003,42.0,31.008999999999997,,30.416666666666668,
ORTE,5604226601,30.0,20.068,,23.416666666666668,
PIANSANO,5604310001,1490.0,21.566,,22.3,
PIANSANO,5604320001,272.0,23.907,,23.866666666666667,
PROCENO,5604410001,296.0,6.78,,10.883333333333333,
RONCIGLIONE,5604510001,300.0,2.302,,3.9833333333333334,
RONCIGLIONE,5604510002,324.0,4.324,,6.6000000000000005,
RONCIGLIONE,5604520007,42.0,9.463,,13.316666666666666,
RONCIGLIONE,5604510003,7175.0,0.858,,3.0,
RONCIGLIONE,5604526604,30.0,1.918,,5.133333333333334,
VILLA SAN GIOVANNI IN TUSCIA,5604610001,1111.0,15.487,,20.966666666666665,
SAN LORENZO NUOVO,5604710001,1741.0,9.004,,11.050000000000002,
SORIANO NEL CIMINO,5604810001,371.0,17.678,,17.783333333333335,
SORIANO NEL CIMINO,5604810002,319.0,24.286,,23.366666666666667,
SORIANO NEL CIMINO,5604810003,5069.0,15.917999999999997,,20.683333333333334,
SORIANO NEL CIMINO,5604820003,208.0,19.024,,20.016666666666666,
SORIANO NEL CIMINO,5604826702,38.0,11.797,,16.516666666666666,
SUTRI,5604910001,4180.0,6.271,,9.033333333333333,
SUTRI,5604920001,725.0,8.204,,12.1,
SUTRI,5604920002,332.0,8.828,,11.183333333333334,
SUTRI,5604920004,60.0,11.994,,15.033333333333333,
SUTRI,5604920003,213.0,7.298,,12.05,
SUTRI,5604926605,37.0,4.468,,7.200000000000001,
TARQUINIA,5605010001,734.0,6.648,,10.533333333333333,
TARQUINIA,5605010004,12091.0,0.706,,2.1,
TARQUINIA,5605020001,221.0,7.594,,10.75,
TARQUINIA,5605015702,322.0,7.801,,12.133333333333333,
TARQUINIA,5605015705,137.0,8.677,,13.233333333333333,
TARQUINIA,5605026703,25.0,11.444,,12.833333333333336,
TESSENNANO,5605110001,279.0,26.148,,28.15,
TUSCANIA,5605210001,7413.0,26.043,,24.4,
VALENTANO,5605310001,2640.0,24.665,,27.033333333333335,
VALLERANO,5605410001,2356.0,17.079,,22.266666666666666,
VASANELLO,5605510001,3720.0,25.069999999999997,,29.566666666666666,
VEJANO,5605610001,1874.0,11.285,,17.233333333333334,
VETRALLA,5605710001,425.0,13.543,,17.65,
VETRALLA,5605710002,11424.0,11.014,,13.933333333333334,
VETRALLA,5605720001,146.0,21.399,,23.95,
VETRALLA,5605720003,59.0,9.566,,13.816666666666666,
VETRALLA,5605726602,23.0,13.108000000000002,,16.15,
VIGNANELLO,5605810001,3906.0,18.74,,22.433333333333334,
VIGNANELLO,5605820003,101.0,20.093,,23.433333333333337,
VIGNANELLO,5605826602,21.0,17.34,,21.183333333333334,
VITORCHIANO,5606010001,2238.0,8.248,,11.966666666666667,
VITORCHIANO,5606020005,1085.0,6.024,,8.516666666666667,
VITORCHIANO,5606020003,927.0,7.745,,12.966666666666667,
ACCUMOLI,5700110001,130.0,14.714,,17.6,
ACCUMOLI,5700110002,124.0,15.069,,16.883333333333333,
ACCUMOLI,5700126606,23.0,8.035,,11.133333333333333,
ACCUMOLI,5700120011,24.0,14.019,,17.683333333333334,
ACCUMOLI,5700120003,39.0,10.529,,12.5,
ACCUMOLI,5700124902,29.0,19.136,,25.833333333333332,
AMATRICE,5700210001,763.0,0.308,,1.0166666666666666,
AMATRICE,5700210004,87.0,4.119,,6.216666666666667,
AMATRICE,5700210002,45.0,7.221,,10.35,
AMATRICE,5700220001,52.0,3.925,,6.65,
AMATRICE,5700210005,44.0,10.778,,12.2,
AMATRICE,5700210003,90.0,12.286,,14.433333333333334,
AMATRICE,5700220015,32.0,7.765,,12.333333333333334,
AMATRICE,5700220040,35.0,8.05,,11.416666666666666,
AMATRICE,5700220036,32.0,6.43,,9.383333333333333,
AMATRICE,5700220030,26.0,1.97,,3.3833333333333333,
AMATRICE,5700220023,50.0,4.442,,6.816666666666666,
AMATRICE,5700220042,46.0,6.824,,9.233333333333333,
AMATRICE,5700220016,35.0,5.301,,7.933333333333334,
AMATRICE,5700220011,138.0,3.25,,5.666666666666667,
AMATRICE,5700220012,24.0,10.406,,15.283333333333333,
AMATRICE,5700226627,33.0,10.18,,14.733333333333333,
AMATRICE,5700226641,25.0,2.425,,4.566666666666666,
AMATRICE,5700226617,24.0,3.1940000000000004,,5.616666666666666,
AMATRICE,5700226602,30.0,10.172,,14.033333333333333,
AMATRICE,5700226638,22.0,6.967,,11.716666666666667,
AMATRICE,5700220025,35.0,5.72,,10.316666666666666,
AMATRICE,5700220043,84.0,5.314,,7.700000000000001,
AMATRICE,5700220045,27.0,5.211,,8.2,
AMATRICE,5700226633,27.0,3.4610000000000003,,6.6,
ANTRODOCO,5700310001,2192.0,21.307,,22.0,
ANTRODOCO,5700320004,46.0,25.266,,28.6,
ANTRODOCO,5700320003,25.0,32.404,,33.516666666666666,
ANTRODOCO,5700326602,26.0,25.610999999999997,,27.866666666666667,
ASCREA,5700410001,134.0,40.277,,46.53333333333333,
ASCREA,5700410002,40.0,32.489,,37.733333333333334,
BELMONTE IN SABINA,5700510001,177.0,23.056,,30.349999999999998,
BELMONTE IN SABINA,5700520001,235.0,15.233,,19.016666666666666,
BELMONTE IN SABINA,5700520002,26.0,17.034,,21.85,
BELMONTE IN SABINA,5700526603,25.0,16.248,,20.233333333333334,
BORBONA,5700610001,483.0,30.504,,27.3,
BORBONA,5700610002,37.0,33.668,,34.38333333333333,
BORBONA,5700610003,29.0,25.102,,24.566666666666666,
BORGOROSE,5700710001,776.0,46.92099999999999,,40.1,
BORGOROSE,5700710004,1514.0,49.89300000000001,,40.9,
BORGOROSE,5700710002,86.0,46.159,,38.93333333333333,
BORGOROSE,5700710009,74.0,52.639,,43.583333333333336,
BORGOROSE,5700710010,658.0,55.368,,45.06666666666667,
BORGOROSE,5700710005,138.0,44.647,,36.43333333333333,
BORGOROSE,5700710003,51.0,42.817,,36.833333333333336,
BORGOROSE,5700710008,237.0,49.367,,40.88333333333333,
BORGOROSE,5700710007,302.0,55.537,,45.333333333333336,
BORGOROSE,5700720009,84.0,52.084,,41.21666666666667,
BORGOROSE,5700720005,40.0,52.834,,46.96666666666667,
BORGOROSE,5700710011,90.0,49.86599999999999,,43.38333333333333,
BORGOROSE,5700726603,33.0,42.126,,36.03333333333333,
BORGOROSE,5700726604,32.0,47.55,,41.13333333333333,
BORGO VELINO,5700810001,830.0,19.412,,21.066666666666666,
BORGO VELINO,5700810002,87.0,21.057,,22.716666666666665,
CANTALICE,5700910001,548.0,6.278,,8.516666666666667,
CANTALICE,5700910004,55.0,10.012000000000002,,14.4,
CANTALICE,5700910002,405.0,11.167,,15.666666666666666,
CANTALICE,5700920002,154.0,7.732,,10.616666666666667,
CANTALICE,5700910005,105.0,5.81,,8.883333333333333,
CANTALICE,5700910003,338.0,10.146,,14.383333333333333,
CANTALICE,5700920008,156.0,5.307,,7.333333333333333,
CANTALICE,5700920009,62.0,11.064,,16.066666666666666,
CANTALICE,5700920005,120.0,9.21,,12.65,
CANTALICE,5700920004,47.0,7.082,,10.95,
CANTALICE,5700920003,65.0,9.041,,13.166666666666666,
CANTALUPO IN SABINA,5701010001,1298.0,23.179,,29.3,
CANTALUPO IN SABINA,5701020002,47.0,21.921,,27.516666666666666,
CASAPROTA,5701110001,351.0,27.56,,35.1,
CASAPROTA,5701110002,204.0,31.836,,36.25,
CASPERIA,5701210001,591.0,28.015000000000004,,35.65,
CASPERIA,5701210002,83.0,29.286000000000005,,37.11666666666667,
CASPERIA,5701220002,28.0,26.012,,32.733333333333334,
CASPERIA,5701220004,50.0,28.726999999999997,,36.016666666666666,
CASPERIA,5701220003,77.0,24.84,,31.0,
CASTEL DI TORA,5701310001,229.0,36.278,,40.86666666666667,
CASTELNUOVO DI FARFA,5701410001,672.0,39.574,,44.45,
CASTEL SANT'ANGELO,5701510001,424.0,16.396,,17.166666666666668,
CASTEL SANT'ANGELO,5701510002,301.0,14.28,,15.033333333333331,
CASTEL SANT'ANGELO,5701520001,32.0,18.034,,20.666666666666668,
CASTEL SANT'ANGELO,5701520002,36.0,14.615,,16.866666666666667,
CASTEL SANT'ANGELO,5701520008,51.0,18.934,,20.233333333333334,
CASTEL SANT'ANGELO,5701520004,74.0,18.398,,20.316666666666666,
CASTEL SANT'ANGELO,5701520006,163.0,12.962,,13.150000000000002,
CITTADUCALE,5701610006,2650.0,3.002,,4.083333333333333,
CITTADUCALE,5701610001,68.0,19.14,,23.816666666666666,
CITTADUCALE,5701610004,539.0,15.092,,16.283333333333335,
CITTADUCALE,5701610002,146.0,10.461,,11.4,
CITTADUCALE,5701620007,42.0,12.187,,12.95,
CITTADUCALE,5701610005,83.0,19.223,,23.466666666666665,
CITTADUCALE,5701610003,2240.0,9.392,,11.783333333333333,
CITTADUCALE,5701620009,105.0,15.14,,16.25,
CITTADUCALE,5701620005,39.0,14.528,,16.966666666666665,
CITTADUCALE,5701620003,54.0,11.276,,12.25,
CITTAREALE,5701710001,131.0,21.427,,20.783333333333335,
CITTAREALE,5701710002,36.0,19.629,,18.216666666666665,
CITTAREALE,5701720008,34.0,18.554,,19.616666666666667,
CITTAREALE,5701720011,27.0,21.048,,21.483333333333334,
CITTAREALE,5701726605,31.0,18.712,,18.133333333333333,
COLLALTO SABINO,5701810001,308.0,51.216,,61.333333333333336,
COLLALTO SABINO,5701820001,35.0,53.839,,73.66666666666667,
COLLE DI TORA,5701910001,347.0,33.0,,36.56666666666667,
COLLEGIOVE,5702010001,114.0,53.516,,74.75,
COLLEVECCHIO,5702110001,50.0,14.226,,20.5,
COLLEVECCHIO,5702110002,584.0,14.287,,18.766666666666666,
COLLEVECCHIO,5702120002,54.0,11.581000000000001,,16.466666666666665,
COLLEVECCHIO,5702110003,214.0,13.002999999999998,,16.366666666666667,
COLLEVECCHIO,5702120005,122.0,11.223,,14.75,
COLLEVECCHIO,5702120004,44.0,14.137,,18.15,
COLLEVECCHIO,5702120006,49.0,12.254000000000001,,15.783333333333333,
COLLEVECCHIO,5702120003,58.0,12.611,,16.05,
COLLEVECCHIO,5702126601,27.0,11.464,,15.683333333333334,
COLLI SUL VELINO,5702210001,388.0,21.367,,25.65,
CONCERVIANO,5702310001,101.0,20.940999999999995,,21.816666666666663,
CONCERVIANO,5702310003,27.0,28.021,,34.36666666666667,
CONFIGNI,5702410001,65.0,28.97,,35.233333333333334,
CONFIGNI,5702410004,63.0,32.281,,39.38333333333333,
CONFIGNI,5702410002,148.0,28.184,,33.96666666666667,
CONFIGNI,5702420002,57.0,32.792,,39.93333333333333,
CONFIGNI,5702410003,89.0,30.529,,36.5,
CONFIGNI,5702420006,62.0,27.098,,32.35,
CONTIGLIANO,5702510001,2368.0,14.513,,14.783333333333333,
CONTIGLIANO,5702510002,104.0,16.376,,18.866666666666667,
CONTIGLIANO,5702520007,38.0,15.947,,16.933333333333334,
CONTIGLIANO,5702520001,164.0,14.015999999999998,,15.699999999999998,
CONTIGLIANO,5702520002,122.0,16.75,,17.633333333333333,
CONTIGLIANO,5702520004,51.0,22.71,,21.06666666666667,
CONTIGLIANO,5702520003,33.0,21.346,,19.05,
CONTIGLIANO,5702526605,23.0,13.683,,17.133333333333333,
CONTIGLIANO,5702526608,26.0,17.706,,20.383333333333333,
COTTANELLO,5702610001,61.0,32.411,,39.18333333333333,
COTTANELLO,5702610002,158.0,28.795000000000005,,34.333333333333336,
COTTANELLO,5702620002,65.0,32.347,,38.56666666666667,
COTTANELLO,5702620005,48.0,30.786,,37.43333333333333,
COTTANELLO,5702620003,36.0,28.236,,33.21666666666667,
COTTANELLO,5702626604,23.0,31.573,,38.5,
FARA IN SABINA,5702710006,51.0,41.49199999999999,,48.516666666666666,
FARA IN SABINA,5702710001,1120.0,43.397,,42.78333333333333,
FARA IN SABINA,5702710004,734.0,42.519,,43.083333333333336,
FARA IN SABINA,5702710002,690.0,40.886,,43.15,
FARA IN SABINA,5702720002,340.0,39.752,,40.5,
FARA IN SABINA,5702720007,70.0,43.367,,50.916666666666664,
FARA IN SABINA,5702710010,440.0,45.79,,49.966666666666676,
FARA IN SABINA,5702710005,357.0,41.898,,48.783333333333324,
FARA IN SABINA,5702710003,758.0,45.661,,50.016666666666666,
FARA IN SABINA,5702710008,4505.0,48.056,,47.733333333333334,
FARA IN SABINA,5702720015,68.0,44.23,,42.71666666666667,
FARA IN SABINA,5702710007,146.0,42.192,,45.31666666666667,
FARA IN SABINA,5702720022,115.0,45.41,,53.53333333333333,
FARA IN SABINA,5702720014,61.0,43.457,,47.36666666666667,
FARA IN SABINA,5702720009,272.0,52.834,,52.55,
FARA IN SABINA,5702720017,241.0,49.155,,49.266666666666666,
FARA IN SABINA,5702720023,90.0,46.404,,51.8,
FARA IN SABINA,5702720020,69.0,52.865,,53.06666666666667,
FARA IN SABINA,5702720006,138.0,53.154,,53.95,
FARA IN SABINA,5702720010,283.0,52.817,,53.233333333333334,
FARA IN SABINA,5702720016,69.0,43.986,,43.416666666666664,
FARA IN SABINA,5702720011,53.0,48.941,,48.766666666666666,
FARA IN SABINA,5702710011,992.0,45.887,,50.583333333333336,
FARA IN SABINA,5702720004,55.0,42.754,,44.35,
FARA IN SABINA,5702720003,34.0,45.582,,50.11666666666667,
FARA IN SABINA,5702726613,27.0,46.845,,46.0,
FARA IN SABINA,5702720025,84.0,43.778,,51.516666666666666,
FARA IN SABINA,5702726608,24.0,46.103,,51.81666666666667,
FARA IN SABINA,5702720018,91.0,49.59300000000001,,49.31666666666666,
FARA IN SABINA,5702720021,62.0,52.311,,52.583333333333336,
FIAMIGNANO,5702810006,135.0,35.515,,33.766666666666666,
FIAMIGNANO,5702810001,38.0,40.192,,35.36666666666667,
FIAMIGNANO,5702810004,184.0,36.359,,31.233333333333334,
FIAMIGNANO,5702810002,49.0,39.896,,36.86666666666667,
FIAMIGNANO,5702810009,156.0,35.308,,29.65,
FIAMIGNANO,5702820001,38.0,39.398,,36.55,
FIAMIGNANO,5702810010,120.0,37.918,,34.18333333333333,
FIAMIGNANO,5702810005,28.0,40.589,,38.4,
FIAMIGNANO,5702810003,66.0,39.958,,34.333333333333336,
FIAMIGNANO,5702810008,127.0,39.285,,33.516666666666666,
FIAMIGNANO,5702810007,30.0,39.482,,37.15,
FIAMIGNANO,5702820008,26.0,38.015,,34.583333333333336,
FIAMIGNANO,5702820006,39.0,34.633,,29.116666666666667,
FIAMIGNANO,5702810011,57.0,39.745,,37.15,
FORANO,5702910001,1626.0,18.139,,23.333333333333332,
FORANO,5702910002,1005.0,29.856,,26.933333333333334,
FORANO,5702920001,29.0,31.611,,28.5,
FRASSO SABINO,5703010001,197.0,33.56,,37.266666666666666,
FRASSO SABINO,5703010002,129.0,31.29,,33.38333333333333,
FRASSO SABINO,5703020001,204.0,32.121,,34.86666666666667,
FRASSO SABINO,5703020002,115.0,32.71,,35.666666666666664,
GRECCIO,5703110001,67.0,20.082,,27.65,
GRECCIO,5703110004,205.0,17.844,,19.0,
GRECCIO,5703110002,831.0,22.066,,21.8,
GRECCIO,5703110003,31.0,20.691,,18.216666666666665,
GRECCIO,5703126603,42.0,19.227,,20.683333333333334,
LABRO,5703210001,89.0,24.716,,32.11666666666667,
LABRO,5703226606,26.0,29.781,,27.683333333333334,
LEONESSA,5703310001,65.0,34.189,,33.8,
LEONESSA,5703310004,282.0,39.322,,43.6,
LEONESSA,5703310002,912.0,43.375,,42.8,
LEONESSA,5703310005,44.0,40.154,,41.06666666666667,
LEONESSA,5703310003,45.0,40.771,,40.5,
LEONESSA,5703320029,29.0,48.202,,48.21666666666667,
LEONESSA,5703320017,31.0,38.84,,40.21666666666667,
LEONESSA,5703320020,49.0,45.387,,43.766666666666666,
LEONESSA,5703320010,61.0,41.106,,41.916666666666664,
LEONESSA,5703320016,40.0,41.256,,41.28333333333333,
LEONESSA,5703320012,26.0,44.542,,45.68333333333333,
LEONESSA,5703320003,32.0,41.856,,41.85,
LEONESSA,5703326602,25.0,42.229,,41.86666666666667,
LEONESSA,5703320018,31.0,45.7,,46.7,
LEONESSA,5703320025,40.0,46.246,,45.18333333333333,
LEONESSA,5703320027,41.0,46.835,,47.88333333333333,
LEONESSA,5703326631,21.0,40.955,,42.416666666666664,
LEONESSA,5703326630,21.0,44.962,,44.666666666666664,
LONGONE SABINO,5703410001,59.0,29.483,,38.28333333333333,
LONGONE SABINO,5703410004,71.0,22.061,,27.066666666666666,
LONGONE SABINO,5703410002,104.0,19.286,,25.333333333333332,
LONGONE SABINO,5703410003,149.0,19.301,,22.666666666666668,
MAGLIANO SABINA,5703510001,219.0,3.473,,4.533333333333333,
MAGLIANO SABINA,5703510002,271.0,2.185,,2.8666666666666667,
MAGLIANO SABINA,5703520002,76.0,6.564,,9.983333333333333,
MAGLIANO SABINA,5703510003,1821.0,1.195,,3.4,
MAGLIANO SABINA,5703520008,34.0,2.194,,3.433333333333333,
MAGLIANO SABINA,5703520005,65.0,8.738,,13.083333333333334,
MARCETELLI,5703610001,69.0,43.531,,55.7,
MICIGLIANO,5703710001,108.0,30.515999999999995,,36.233333333333334,
MOMPEO,5703810001,194.0,38.348,,43.63333333333333,
MOMPEO,5703820002,50.0,36.425,,40.1,
MONTASOLA,5703910001,97.0,26.512999999999998,,36.75,
MONTASOLA,5703920001,108.0,25.799,,35.666666666666664,
MONTASOLA,5703926602,26.0,26.167000000000005,,32.46666666666667,
MONTEBUONO,5704010002,339.0,13.987,,16.033333333333335,
MONTEBUONO,5704020001,68.0,13.158,,15.166666666666666,
MONTEBUONO,5704020002,67.0,12.735,,16.433333333333334,
MONTEBUONO,5704020005,28.0,14.334999999999999,,17.066666666666666,
MONTEBUONO,5704020004,53.0,14.174,,16.366666666666667,
MONTEBUONO,5704020003,49.0,15.213000000000001,,18.366666666666667,
MONTELEONE SABINO,5704110001,349.0,31.153999999999996,,35.21666666666667,
MONTELEONE SABINO,5704110002,636.0,31.639,,35.93333333333333,
MONTENERO SABINO,5704210001,88.0,26.959,,34.5,
MONTENERO SABINO,5704220003,32.0,29.803,,32.333333333333336,
MONTENERO SABINO,5704226601,21.0,28.303000000000004,,37.35,
MONTE SAN GIOVANNI IN SABINA,5704310001,157.0,24.622,,25.766666666666666,
MONTE SAN GIOVANNI IN SABINA,5704310002,92.0,24.539,,25.683333333333334,
MONTE SAN GIOVANNI IN SABINA,5704320002,40.0,21.367,,22.266666666666666,
MONTE SAN GIOVANNI IN SABINA,5704310003,121.0,24.03,,25.7,
MONTE SAN GIOVANNI IN SABINA,5704320004,36.0,23.766,,25.216666666666665,
MONTE SAN GIOVANNI IN SABINA,5704326601,26.0,22.289,,23.916666666666668,
MONTOPOLI DI SABINA,5704410001,183.0,40.95,,40.45,
MONTOPOLI DI SABINA,5704410002,1141.0,39.866,,39.11666666666667,
MONTOPOLI DI SABINA,5704420001,107.0,50.455,,41.416666666666664,
MONTOPOLI DI SABINA,5704420007,42.0,40.82,,39.96666666666667,
MONTOPOLI DI SABINA,5704410003,602.0,38.912,,37.53333333333333,
MONTOPOLI DI SABINA,5704420009,47.0,41.77,,41.96666666666667,
MONTOPOLI DI SABINA,5704420005,242.0,42.14000000000001,,41.016666666666666,
MONTOPOLI DI SABINA,5704420006,249.0,41.745,,40.8,
MONTOPOLI DI SABINA,5704420003,72.0,38.89,,36.81666666666667,
MORRO REATINO,5704510001,174.0,22.902,,28.633333333333333,
MORRO REATINO,5704520002,63.0,19.913,,23.766666666666666,
MORRO REATINO,5704526604,33.0,23.632,,30.15,
NESPOLO,5704610001,186.0,57.165000000000006,,70.91666666666667,
ORVINIO,5704710001,355.0,47.400999999999996,,52.91666666666666,
PAGANICO SABINO,5704810001,122.0,42.689,,49.233333333333334,
PESCOROCCHIANO,5704910006,59.0,42.529,,54.85,
PESCOROCCHIANO,5704910012,103.0,43.234,,36.88333333333333,
PESCOROCCHIANO,5704910001,33.0,55.644,,51.53333333333333,
PESCOROCCHIANO,5704910004,52.0,46.253,,38.93333333333333,
PESCOROCCHIANO,5704910002,88.0,44.112,,56.51666666666666,
PESCOROCCHIANO,5704910014,338.0,41.643,,34.083333333333336,
PESCOROCCHIANO,5704910009,35.0,52.28,,47.7,
PESCOROCCHIANO,5704910013,23.0,55.117000000000004,,51.36666666666667,
PESCOROCCHIANO,5704910005,45.0,54.038000000000004,,49.016666666666666,
PESCOROCCHIANO,5704910003,38.0,53.633,,49.21666666666667,
PESCOROCCHIANO,5704910008,307.0,53.56000000000001,,48.1,
PESCOROCCHIANO,5704910007,67.0,42.566,,36.03333333333333,
PESCOROCCHIANO,5704920005,29.0,44.666,,39.36666666666667,
PESCOROCCHIANO,5704910011,405.0,49.57099999999999,,42.31666666666667,
PESCOROCCHIANO,5704910015,67.0,61.628,,61.150000000000006,
PESCOROCCHIANO,5704910016,129.0,48.763,,65.03333333333333,
PETRELLA SALTO,5705010006,76.0,21.424,,22.316666666666666,
PETRELLA SALTO,5705010001,258.0,29.913,,26.8,
PETRELLA SALTO,5705010004,34.0,25.553,,28.816666666666666,
PETRELLA SALTO,5705010002,194.0,28.76,,27.7,
PETRELLA SALTO,5705010005,172.0,28.421000000000003,,27.483333333333334,
PETRELLA SALTO,5705010003,86.0,40.098,,37.2,
PETRELLA SALTO,5705020009,42.0,30.81,,27.9,
PETRELLA SALTO,5705026602,24.0,19.88,,24.416666666666668,
POGGIO BUSTONE,5705110001,361.0,12.739,,17.65,
POGGIO BUSTONE,5705110002,1084.0,16.656,,23.65,
POGGIO BUSTONE,5705120006,218.0,13.643,,19.300000000000004,
POGGIO BUSTONE,5705120004,54.0,11.787,,16.483333333333334,
POGGIO BUSTONE,5705120003,87.0,13.942,,19.683333333333334,
POGGIO BUSTONE,5705126605,24.0,13.928000000000003,,19.716666666666665,
POGGIO CATINO,5705210001,90.0,37.552,,38.233333333333334,
POGGIO CATINO,5705210002,615.0,40.702,,45.55,
POGGIO CATINO,5705220002,65.0,35.827,,34.85,
POGGIO CATINO,5705220003,35.0,38.451,,38.15,
POGGIO MIRTETO,5705310001,3415.0,40.861000000000004,,42.11666666666667,
POGGIO MIRTETO,5705310002,939.0,34.726,,31.95,
POGGIO MIRTETO,5705310005,80.0,38.479,,36.56666666666667,
POGGIO MIRTETO,5705310003,183.0,44.958,,46.36666666666667,
POGGIO MIRTETO,5705320006,115.0,36.74,,36.88333333333333,
POGGIO MIRTETO,5705320004,85.0,34.376,,32.71666666666667,
POGGIO MIRTETO,5705320003,155.0,37.067,,34.75,
POGGIO MOIANO,5705410001,61.0,31.442,,35.483333333333334,
POGGIO MOIANO,5705410002,356.0,30.504999999999995,,33.583333333333336,
POGGIO MOIANO,5705410003,2205.0,34.634,,38.333333333333336,
POGGIO NATIVO,5705510001,869.0,32.793,,36.71666666666667,
POGGIO NATIVO,5705510002,286.0,36.388,,40.016666666666666,
POGGIO NATIVO,5705520007,39.0,34.011,,37.083333333333336,
POGGIO NATIVO,5705510003,776.0,35.1,,39.733333333333334,
POGGIO NATIVO,5705520008,76.0,32.852,,34.13333333333333,
POGGIO NATIVO,5705520005,36.0,40.876,,46.733333333333334,
POGGIO NATIVO,5705520006,63.0,33.108,,37.36666666666667,
POGGIO NATIVO,5705520004,81.0,34.268,,37.68333333333333,
POGGIO SAN LORENZO,5705610001,353.0,24.865,,27.583333333333332,
POSTA,5705710001,187.0,25.744,,22.316666666666663,
POSTA,5705710002,108.0,30.045,,26.95,
POSTA,5705720001,70.0,23.229,,21.166666666666668,
POSTA,5705720009,24.0,30.434,,29.016666666666666,
POSTA,5705720005,87.0,23.46,,21.533333333333335,
POSTA,5705726602,30.0,26.811,,23.2,
POSTA,5705726604,33.0,23.836,,22.466666666666665,
CARPINETO ROMANO,5802010001,3866.0,19.196,,22.7,
CASAPE,5802110001,622.0,6.71,,10.466666666666667,
CASTEL GANDOLFO,5802210001,3464.0,2.312,,5.05,
CASTEL GANDOLFO,5802210002,4804.0,4.201,,8.0,
CASTEL GANDOLFO,5802220001,156.0,3.86,,8.4,
CASTEL MADAMA,5802310001,5770.0,7.444,,10.666666666666666,
CASTEL MADAMA,5802310002,126.0,2.87,,5.216666666666667,
CASTEL MADAMA,5802320002,53.0,10.451,,13.9,
CASTEL MADAMA,5802320005,115.0,9.777000000000001,,12.516666666666667,
CASTEL MADAMA,5802320004,48.0,9.254,,12.1,
CASTEL MADAMA,5802326603,23.0,5.245,,8.483333333333333,
CASTELNUOVO DI PORTO,5802410001,3937.0,58.36,,53.516666666666666,
CASTELNUOVO DI PORTO,5802410002,1680.0,53.62,,49.06666666666667,
CASTELNUOVO DI PORTO,5802420001,207.0,49.871,,50.63333333333333,
CASTELNUOVO DI PORTO,5802420005,449.0,57.559,,53.61666666666667,
CASTELNUOVO DI PORTO,5802420006,128.0,52.392,,53.266666666666666,
CASTELNUOVO DI PORTO,5802420004,910.0,52.885,,47.483333333333334,
CASTELNUOVO DI PORTO,5802420003,394.0,49.602,,50.56666666666666,
CASTEL SAN PIETRO ROMANO,5802510001,32.0,1.885,,4.8,
CASTEL SAN PIETRO ROMANO,5802510002,386.0,5.8180000000000005,,11.599999999999998,
CASTEL SAN PIETRO ROMANO,5802520002,229.0,4.436,,8.116666666666667,
CASTEL SAN PIETRO ROMANO,5802510003,106.0,2.583,,5.599999999999999,
CAVE,5802610001,8340.0,7.07,,12.266666666666667,
CAVE,5802610002,1586.0,4.513,,7.8,
CAVE,5802620006,81.0,4.115,,7.516666666666667,
CAVE,5802620004,66.0,7.249,,10.866666666666667,
CERRETO LAZIALE,5802710001,1044.0,18.351,,30.6,
CERRETO LAZIALE,5802710002,25.0,16.044,,28.6,
CERVARA DI ROMA,5802810001,184.0,14.16,,22.483333333333334,
CERVARA DI ROMA,5802810002,42.0,8.9,,12.5,
CERVARA DI ROMA,5802820001,82.0,20.448,,33.9,
CERVARA DI ROMA,5802820006,39.0,7.593,,11.616666666666667,
CERVETERI,5802910006,151.0,16.095,,15.45,
CERVETERI,5802910001,81.0,17.155,,18.783333333333335,
CERVETERI,5802910002,16299.0,17.438,,17.866666666666667,
CERVETERI,5802910004,299.0,15.151000000000002,,16.95,
CERVETERI,5802920001,179.0,17.99,,20.15,
CERVETERI,5802910005,3897.0,19.316,,19.3,
CERVETERI,5802910003,9601.0,21.796,,24.333333333333332,
CERVETERI,5802910007,47.0,10.384,,12.566666666666666,
CERVETERI,5802920014,52.0,20.846,,22.216666666666665,
CERVETERI,5802920005,60.0,12.63,,12.233333333333333,
CERVETERI,5802920013,152.0,21.783,,24.166666666666668,
CERVETERI,5802920006,100.0,16.082,,16.733333333333334,
CERVETERI,5802920011,144.0,18.239,,18.483333333333334,
CERVETERI,5802920004,93.0,21.265,,22.7,
CERVETERI,5802920003,42.0,20.217,,22.65,
CERVETERI,5802926612,30.0,18.427,,22.0,
CERVETERI,5802920019,38.0,19.373,,20.033333333333335,
CERVETERI,5802926622,32.0,18.777,,18.35,
CERVETERI,5802926607,32.0,17.612,,17.85,
CERVETERI,5802926615,37.0,10.6,,10.433333333333334,
CICILIANO,5803010001,1057.0,14.491,,17.633333333333333,
CICILIANO,5803020001,56.0,13.373,,17.133333333333333,
CINETO ROMANO,5803110001,491.0,23.092,,24.366666666666667,
CINETO ROMANO,5803120001,75.0,23.949,,27.016666666666666,
CIVITELLA SAN PAOLO,5803310001,1372.0,71.565,,68.1,
CIVITELLA SAN PAOLO,5803320002,100.0,68.812,,63.53333333333333,
COLLEFERRO,5803410001,19545.0,0.382,,1.2,
COLLEFERRO,5803420002,64.0,2.624,,5.133333333333334,
COLLEFERRO,5803420001,38.0,3.601,,6.3,
COLLEFERRO,5803410003,873.0,4.197,,6.066666666666666,
COLONNA,5803510001,3854.0,4.637,,10.0,
COLONNA,5803510002,21.0,5.236,,8.85,
COLONNA,5803526601,40.0,5.212,,8.766666666666667,
FIANO ROMANO,5803610001,13944.0,61.996,,54.78333333333333,
FILACCIANO,5803710001,370.0,75.887,,69.46666666666667,
FORMELLO,5803810001,8039.0,28.7,,32.9,
FORMELLO,5803810002,3217.0,24.966,,28.083333333333332,
FORMELLO,5803820001,144.0,30.811999999999998,,33.15,
FORMELLO,5803820007,159.0,27.802999999999997,,31.850000000000005,
FORMELLO,5803820005,263.0,28.239,,32.5,
FORMELLO,5803820014,198.0,26.737,,29.75,
FORMELLO,5803820013,74.0,26.301,,29.766666666666662,
FRASCATI,5803910001,22080.0,2.566,,6.583333333333333,
GALLICANO NEL LAZIO,5804010001,1575.0,12.721,,19.033333333333335,
GALLICANO NEL LAZIO,5804010002,3962.0,9.193,,12.9,
GALLICANO NEL LAZIO,5804020003,75.0,11.353,,16.916666666666668,
GALLICANO NEL LAZIO,5804026606,26.0,10.888000000000002,,16.166666666666668,
GAVIGNANO,5804110001,754.0,6.831999999999999,,10.05,
GAVIGNANO,5804120005,48.0,5.791,,8.766666666666667,
GAVIGNANO,5804120008,121.0,7.232,,10.616666666666667,
GAVIGNANO,5804120009,65.0,6.492,,7.7,
GAVIGNANO,5804120010,102.0,7.983,,10.066666666666666,
GAVIGNANO,5804120006,65.0,5.217,,7.283333333333333,
GAVIGNANO,5804120011,37.0,7.260999999999999,,9.1,
GENAZZANO,5804210001,4151.0,10.209,,15.1,
GENAZZANO,5804220002,204.0,10.08,,13.183333333333334,
GENAZZANO,5804220003,56.0,8.632,,13.733333333333333,
GENAZZANO,5804226601,39.0,11.901,,16.383333333333333,
GENAZZANO,5804226604,28.0,10.810999999999998,,14.883333333333335,
GENZANO DI ROMA,5804310001,850.0,8.966,,14.016666666666667,
GENZANO DI ROMA,5804310002,19339.0,0.823,,3.866666666666667,
GENZANO DI ROMA,5804320002,141.0,5.397,,8.166666666666666,
GENZANO DI ROMA,5804320001,53.0,9.758,,14.033333333333333,
GENZANO DI ROMA,5804310003,682.0,10.101,,13.433333333333332,
GENZANO DI ROMA,5804320003,47.0,3.2049999999999996,,6.466666666666667,
GENZANO DI ROMA,5804326705,24.0,7.152,,10.9,
GENZANO DI ROMA,5804326704,54.0,8.067,,12.15,
GERANO,5804410001,936.0,20.993000000000002,,29.93333333333333,
GERANO,5804426602,21.0,21.551,,31.916666666666668,
GORGA,5804510001,459.0,18.639,,24.516666666666666,
GORGA,5804510002,102.0,11.83,,14.116666666666667,
GROTTAFERRATA,5804610002,19274.0,1.482,,4.283333333333333,
GROTTAFERRATA,5804610004,157.0,4.655,,11.15,
GROTTAFERRATA,5804620007,66.0,4.089,,7.666666666666667,
GROTTAFERRATA,5804610005,193.0,3.565,,8.166666666666666,
GROTTAFERRATA,5804610003,101.0,4.92,,10.583333333333334,
GROTTAFERRATA,5804620006,86.0,3.816,,7.716666666666667,
GROTTAFERRATA,5804626605,32.0,3.295,,6.3,
GROTTAFERRATA,5804626701,88.0,4.017,,6.466666666666668,
JENNE,5804810001,305.0,12.723,,21.85,
LABICO,5804910001,5017.0,7.111000000000001,,9.816666666666666,
LABICO,5804920001,1112.0,8.483,,13.4,
LANUVIO,5805010001,697.0,11.968,,17.633333333333333,
LANUVIO,5805010002,6056.0,5.73,,10.316666666666666,
LANUVIO,5805010004,1672.0,9.179,,14.416666666666666,
LANUVIO,5805020002,251.0,8.234,,14.05,
LANUVIO,5805020001,112.0,7.394,,13.45,
LANUVIO,5805010003,164.0,5.724,,9.8,
LANUVIO,5805020004,372.0,8.916,,15.533333333333333,
LANUVIO,5805020003,297.0,8.118,,13.516666666666667,
LICENZA,5805110001,36.0,26.644,,31.950000000000003,
LICENZA,5805110002,773.0,21.567,,23.649999999999995,
MAGLIANO ROMANO,5805210001,1321.0,37.468,,45.766666666666666,
MANDELA,5805310001,602.0,17.606,,17.2,
MANDELA,5805320001,237.0,17.62,,17.733333333333334,
MANZIANA,5805410001,6760.0,6.778,,9.3,
MANZIANA,5805420001,184.0,5.211,,7.316666666666666,
MANZIANA,5805420003,93.0,8.134,,12.183333333333334,
MANZIANA,5805426702,68.0,8.673,,11.7,
MARANO EQUO,5805510001,782.0,14.006000000000002,,17.783333333333335,
MARCELLINA,5805610001,6636.0,10.735,,15.916666666666666,
MARCELLINA,5805620002,134.0,13.526,,19.55,
MARCELLINA,5805620001,43.0,6.928,,9.85,
MAZZANO ROMANO,5805810001,2452.0,31.0,,36.21666666666667,
MENTANA,5805910001,1959.0,13.227,,18.983333333333334,
MENTANA,5805910002,118.0,16.998,,24.916666666666668,
MENTANA,5805910004,181.0,12.493,,18.483333333333334,
MENTANA,5805920001,500.0,18.765,,25.133333333333333,
MENTANA,5805910003,18345.0,15.474000000000002,,22.366666666666667,
MONTE COMPATRI,5806010001,97.0,3.182,,5.983333333333333,
MONTE COMPATRI,5806010006,119.0,2.253,,4.666666666666667,
MONTE COMPATRI,5806010002,554.0,5.527,,8.25,
MONTE COMPATRI,5806010004,3074.0,7.675,,11.866666666666665,
MONTE COMPATRI,5806020002,64.0,2.249,,4.9,
MONTE COMPATRI,5806020001,61.0,3.318,,5.983333333333333,
MONTE COMPATRI,5806010005,47.0,15.076,,20.866666666666667,
MONTE COMPATRI,5806010003,5848.0,0.606,,1.833333333333333,
MONTE COMPATRI,5806010008,307.0,4.767,,7.75,
MONTE COMPATRI,5806010007,22.0,1.387,,4.05,
MONTE COMPATRI,5806020005,144.0,2.189,,4.583333333333333,
MONTE COMPATRI,5806020003,51.0,3.7689999999999997,,6.433333333333334,
MONTEFLAVIO,5806110001,1188.0,30.319000000000003,,38.63333333333333,
MONTELANICO,5806210001,215.0,10.888,,13.116666666666667,
MONTELANICO,5806210002,1520.0,11.4,,12.9,
MONTELIBRETTI,5806310001,502.0,17.246,,21.2,
MONTELIBRETTI,5806310002,3702.0,20.77,,27.533333333333335,
MONTELIBRETTI,5806310003,96.0,14.776000000000002,,20.05,
MONTELIBRETTI,5806326603,24.0,19.619,,25.95,
MONTELIBRETTI,5806320004,66.0,18.95,,24.65,
MONTE PORZIO CATONE,5806410001,1011.0,1.282,,3.6166666666666667,
MONTE PORZIO CATONE,5806410002,6928.0,4.694,,9.55,
MONTE PORZIO CATONE,5806420007,55.0,2.52,,5.3,
MONTE PORZIO CATONE,5806420005,209.0,3.9349999999999996,,7.983333333333333,
MONTE PORZIO CATONE,5806420006,104.0,2.343,,5.366666666666666,
MONTORIO ROMANO,5806610001,1871.0,30.965999999999998,,39.28333333333333,
MORICONE,5806710001,2188.0,21.498,,27.05,
MORLUPO,5806810001,200.0,53.106,,54.88333333333333,
MORLUPO,5806810002,6634.0,42.67799999999999,,52.233333333333334,
MORLUPO,5806820002,130.0,39.884,,48.416666666666664,
MORLUPO,5806820015,72.0,42.692,,52.05,
MORLUPO,5806820008,107.0,45.595,,57.46666666666667,
MORLUPO,5806820014,157.0,40.761,,49.71666666666667,
MORLUPO,5806820011,273.0,45.529,,56.666666666666664,
MORLUPO,5806820004,69.0,40.717,,49.86666666666667,
MORLUPO,5806820003,75.0,57.71200000000001,,53.31666666666667,
MORLUPO,5806826713,43.0,59.255,,55.800000000000004,
NAZZANO,5806910001,835.0,72.81,,65.15,
NAZZANO,5806920005,70.0,70.457,,63.21666666666667,
NAZZANO,5806920004,133.0,73.109,,65.15,
NEMI,5807010001,143.0,2.045,,2.7,
NEMI,5807010002,59.0,4.381000000000001,,8.683333333333334,
NEMI,5807010004,53.0,3.684,,4.683333333333334,
NEMI,5807010005,315.0,1.6359999999999997,,2.8666666666666667,
NEMI,5807010003,1187.0,3.518,,7.733333333333333,
NEROLA,5807110001,520.0,25.386,,31.416666666666668,
NEROLA,5807110002,995.0,27.77,,33.5,
NEROLA,5807110003,63.0,21.588,,26.383333333333333,
NEROLA,5807126601,30.0,26.728,,31.516666666666666,
NEROLA,5807126702,27.0,25.94,,30.433333333333334,
OLEVANO ROMANO,5807310001,5239.0,19.665,,26.733333333333338,
PALESTRINA,5807410001,2388.0,9.549,,13.65,
PALESTRINA,5807410006,74.0,5.533,,8.883333333333333,
PALESTRINA,5807410002,522.0,3.541,,7.05,
PALESTRINA,5807410004,501.0,7.155,,9.916666666666666,
PALESTRINA,5807420002,213.0,4.566,,8.366666666666667,
PALESTRINA,5807420003,144.0,5.581,,10.166666666666666,
PALESTRINA,5807410005,140.0,5.223,,9.95,
PALESTRINA,5807410003,15382.0,1.215,,3.3333333333333335,
PALESTRINA,5807420014,152.0,4.69,,7.966666666666667,
PALESTRINA,5807420010,113.0,4.81,,8.05,
PALESTRINA,5807420012,73.0,3.9640000000000004,,7.3,
PALESTRINA,5807420004,105.0,4.011,,7.633333333333334,
PALESTRINA,5807426608,22.0,5.124,,8.166666666666666,
PALESTRINA,5807426715,24.0,3.9919999999999995,,7.900000000000001,
PALOMBARA SABINA,5807510001,1094.0,10.128,,15.516666666666667,
PALOMBARA SABINA,5807510002,5973.0,17.146,,23.1,
PALOMBARA SABINA,5807520003,360.0,10.552,,15.166666666666666,
PALOMBARA SABINA,5807510003,329.0,17.851,,22.133333333333333,
PALOMBARA SABINA,5807520005,45.0,19.636,,25.183333333333334,
PALOMBARA SABINA,5807520006,60.0,13.37,,18.083333333333332,
PALOMBARA SABINA,5807520004,86.0,17.505,,24.349999999999998,
PERCILE,5807610001,198.0,26.631,,30.366666666666667,
PISONIANO,5807710001,710.0,21.086,,24.933333333333334,
POLI,5807810001,1773.0,0.597,,1.2333333333333334,
POLI,5807820001,53.0,4.786,,6.8,
POLI,5807826602,23.0,5.153,,8.133333333333333,
PONZANO ROMANO,5808010001,969.0,79.549,,65.26666666666667,
RIANO,5808110002,7427.0,51.568,,54.333333333333336,
RIANO,5808120002,292.0,47.415,,47.78333333333333,
RIANO,5808120001,207.0,44.61,,46.333333333333336,
RIANO,5808110003,1400.0,47.749,,49.516666666666666,
RIANO,5808120010,45.0,48.998999999999995,,48.93333333333333,
RIANO,5808120006,36.0,50.249,,50.5,
RIANO,5808126607,39.0,47.377,,49.55,
RIANO,5808126609,38.0,49.932,,51.88333333333333,
RIANO,5808126608,36.0,48.765,,48.766666666666666,
RIGNANO FLAMINIO,5808210001,7221.0,43.28399999999999,,53.86666666666667,
RIGNANO FLAMINIO,5808220007,51.0,45.00800000000001,,54.93333333333333,
RIGNANO FLAMINIO,5808210003,1266.0,43.11,,53.31666666666668,
RIGNANO FLAMINIO,5808220005,72.0,41.556,,50.68333333333333,
RIGNANO FLAMINIO,5808220006,106.0,44.14,,54.15,
RIGNANO FLAMINIO,5808220004,64.0,43.291,,52.93333333333333,
RIGNANO FLAMINIO,5808226702,39.0,42.308,,50.6,
RIOFREDDO,5808310001,698.0,22.67,,27.349999999999998,
ROCCA CANTERANO,5808410001,120.0,14.49,,20.566666666666666,
ROCCA CANTERANO,5808410002,60.0,16.126,,22.25,
ROCCA DI CAVE,5808510001,174.0,13.286000000000001,,23.916666666666668,
ROCCA DI CAVE,5808510002,57.0,7.637,,13.266666666666667,
ROCCA DI PAPA,5808610001,183.0,7.378,,14.900000000000002,
ROCCA DI PAPA,5808610002,16679.0,0.594,,2.6666666666666665,
ROCCA DI PAPA,5808620003,107.0,13.891,,16.35,
ROCCA DI PAPA,5808626704,142.0,2.901,,8.016666666666667,
ROCCAGIOVINE,5808710001,235.0,20.154,,24.05,
ROCCA PRIORA,5808810001,1889.0,9.684,,13.216666666666667,
ROCCA PRIORA,5808810002,9857.0,5.65,,8.516666666666667,
ROCCA PRIORA,5808820001,52.0,6.122,,10.583333333333334,
ROCCA SANTO STEFANO,5808910001,820.0,9.277,,17.95,
ROIATE,5809010001,627.0,14.359000000000002,,20.616666666666667,
ROVIANO,5809210001,1238.0,18.16,,22.616666666666667,
SACROFANO,5809310001,57.0,37.107,,44.63333333333333,
SACROFANO,5809310002,1790.0,44.922,,46.11666666666667,
SACROFANO,5809320001,399.0,47.33,,48.73333333333334,
SACROFANO,5809320007,142.0,38.155,,46.85,
SACROFANO,5809310003,3247.0,37.107,,46.68333333333333,
SACROFANO,5809320005,62.0,35.27400000000001,,43.416666666666664,
SACROFANO,5809320008,70.0,38.121,,46.416666666666664,
SACROFANO,5809320009,142.0,35.731,,43.28333333333333,
SACROFANO,5809320004,289.0,46.312,,48.45,
SACROFANO,5809326611,27.0,36.833,,45.13333333333333,
SACROFANO,5809326606,26.0,48.116,,49.7,
SAMBUCI,5809410001,811.0,15.503000000000002,,18.55,
SAN GREGORIO DA SASSOLA,5809510001,1096.0,9.66,,17.15,
SAN POLO DEI CAVALIERI,5809610001,1739.0,12.063999999999998,,16.75,
SAN POLO DEI CAVALIERI,5809610002,211.0,11.749,,15.866666666666667,
SAN POLO DEI CAVALIERI,5809620002,318.0,7.754,,9.233333333333333,
SANTA MARINELLA,5809710001,15776.0,1.809,,3.316666666666667,
SANTA MARINELLA,5809710002,1028.0,9.448,,12.05,
SANTA MARINELLA,5809720003,70.0,4.329,,8.683333333333334,
SANTA MARINELLA,5809710003,22.0,10.891,,13.35,
SANTA MARINELLA,5809720005,36.0,4.106,,8.766666666666667,
SANTA MARINELLA,5809720008,595.0,3.002,,4.8,
SANTA MARINELLA,5809720009,62.0,4.226,,7.983333333333333,
SANTA MARINELLA,5809720006,127.0,2.628,,5.5,
SANTA MARINELLA,5809720004,75.0,10.078,,13.716666666666667,
SANT'ANGELO ROMANO,5809810001,353.0,10.269,,14.133333333333333,
SANT'ANGELO ROMANO,5809810002,1985.0,11.752,,17.466666666666665,
SANT'ANGELO ROMANO,5809820003,150.0,11.566,,17.75,
SANT'ANGELO ROMANO,5809820005,25.0,9.505,,14.866666666666667,
SANT'ANGELO ROMANO,5809820004,235.0,10.215,,15.85,
SANT'ANGELO ROMANO,5809826701,283.0,11.386,,17.083333333333332,
SANT'ORESTE,5809910001,2511.0,47.499,,59.25,
SANT'ORESTE,5809920002,200.0,44.466,,54.36666666666667,
SAN VITO ROMANO,5810010001,3023.0,18.456,,26.28333333333334,
SARACINESCO,5810110001,88.0,23.212,,26.316666666666666,
SARACINESCO,5810126701,21.0,22.917,,25.933333333333334,
SEGNI,5810210001,6141.0,5.366,,8.25,
SEGNI,5810210002,36.0,2.569,,4.966666666666667,
SEGNI,5810220002,183.0,2.423,,3.6499999999999995,
SEGNI,5810220007,30.0,7.211,,8.983333333333333,
SEGNI,5810220005,82.0,5.345,,8.233333333333333,
SEGNI,5810220006,672.0,3.286,,6.15,
SEGNI,5810220004,157.0,6.462,,8.233333333333333,
SUBIACO,5810310002,114.0,15.707,,24.783333333333335,
SUBIACO,5810310004,5818.0,2.869,,5.433333333333334,
SUBIACO,5810320007,72.0,2.665,,4.983333333333333,
SUBIACO,5810310005,177.0,4.453,,7.6000000000000005,
SUBIACO,5810310003,145.0,6.084,,8.766666666666667,
SUBIACO,5810320008,147.0,3.7329999999999997,,6.25,
SUBIACO,5810320009,39.0,3.082,,5.95,
SUBIACO,5810320010,85.0,5.291,,8.383333333333333,
SUBIACO,5810320011,96.0,3.202,,5.266666666666667,
SUBIACO,5810320012,118.0,2.884,,5.483333333333333,
TOLFA,5810510001,550.0,11.887,,14.916666666666666,
TOLFA,5810510002,4095.0,24.705,,27.366666666666667,
TORRITA TIBERINA,5810610002,699.0,76.023,,69.78333333333333,
TORRITA TIBERINA,5810620001,101.0,76.956,,71.08333333333333,
TREVIGNANO ROMANO,5810710001,3657.0,12.641999999999998,,17.15,
TREVIGNANO ROMANO,5810720003,86.0,18.626,,23.566666666666666,
TREVIGNANO ROMANO,5810720002,290.0,13.919,,19.383333333333333,
TREVIGNANO ROMANO,5810720001,585.0,18.141,,23.05,
TREVIGNANO ROMANO,5810720005,143.0,17.484,,25.15,
TREVIGNANO ROMANO,5810720008,58.0,18.642,,23.566666666666666,
TREVIGNANO ROMANO,5810720006,189.0,12.332,,17.383333333333333,
TREVIGNANO ROMANO,5810720004,320.0,14.830000000000002,,21.616666666666667,
TREVIGNANO ROMANO,5810726607,28.0,17.018,,23.25,
VALLEPIETRA,5810810001,239.0,27.023,,41.766666666666666,
VALLINFREDA,5810910001,194.0,27.376,,34.1,
VALLINFREDA,5810920001,98.0,28.092000000000002,,35.416666666666664,
VALMONTONE,5811010001,14200.0,9.139,,13.133333333333331,
VALMONTONE,5811020003,51.0,11.304,,17.516666666666666,
VALMONTONE,5811020005,67.0,15.672000000000002,,23.616666666666667,
VALMONTONE,5811020004,417.0,8.53,,12.51666666666667,
VALMONTONE,5811026601,26.0,9.252,,13.25,
VICOVARO,5811210001,35.0,16.156,,15.766666666666667,
VICOVARO,5811210002,3286.0,14.354,,15.733333333333333,
VICOVARO,5811220004,39.0,8.86,,10.716666666666667,
VICOVARO,5811226605,21.0,10.17,,13.05,
VIVARO ROMANO,5811310001,165.0,29.461999999999996,,35.15,
ZAGAROLO,5811410001,4875.0,15.434,,18.5,
ZAGAROLO,5811410002,13074.0,8.39,,13.566666666666666,
ZAGAROLO,5811420001,242.0,16.876,,22.883333333333333,
LARIANO,5811510001,13106.0,6.179,,9.383333333333333,
CIAMPINO,5811810001,36032.0,7.958999999999999,,14.566666666666666,
CIAMPINO,5811810002,327.0,5.421,,10.216666666666667,
CIAMPINO,5811820001,503.0,7.166,,12.683333333333334,
CIAMPINO,5811810003,118.0,7.634,,13.766666666666667,
CIAMPINO,5811820006,243.0,5.455,,11.0,
CIAMPINO,5811820004,580.0,6.362,,11.216666666666667,
CIAMPINO,5811826702,29.0,6.184,,10.833333333333334,
SAN CESAREO,5811910001,472.0,13.698,,18.683333333333334,
SAN CESAREO,5811910002,11610.0,8.616,,13.9,
SAN CESAREO,5811920003,192.0,14.811,,20.85,
SAN CESAREO,5811920002,80.0,11.591,,18.916666666666668,
SAN CESAREO,5811920001,83.0,13.051,,21.166666666666668,
SAN CESAREO,5811920005,555.0,10.767,,17.433333333333334,
SAN CESAREO,5811920006,184.0,15.937,,22.516666666666666,
SAN CESAREO,5811920004,206.0,16.236,,22.033333333333335,
FONTE NUOVA,5812210001,8570.0,8.57,,13.8,
FONTE NUOVA,5812210002,22121.0,1.5250000000000001,,4.016666666666667,
FONTE NUOVA,5812210003,155.0,8.504,,13.716666666666667,
FONTE NUOVA,5812220004,96.0,4.957,,8.183333333333334,
FONTE NUOVA,5812226701,84.0,5.859,,9.966666666666667,
BASSIANO,5900210001,1000.0,22.103,,32.78333333333333,
BASSIANO,5900210002,66.0,21.342,,31.550000000000004,
BASSIANO,5900220003,51.0,20.965,,32.11666666666667,
BASSIANO,5900226604,24.0,24.337,,32.6,
CAMPODIMELE,5900310001,271.0,16.25,,28.366666666666667,
CAMPODIMELE,5900320001,116.0,14.804,,25.6,
CASTELFORTE,5900410001,2779.0,6.988,,9.083333333333334,
CASTELFORTE,5900420003,104.0,12.736999999999998,,17.1,
CASTELFORTE,5900420002,213.0,10.528,,13.8,
CASTELFORTE,5900410003,695.0,9.246,,12.35,
CASTELFORTE,5900420005,79.0,11.419,,15.599999999999998,
CASTELFORTE,5900426604,43.0,11.324,,14.0,
CISTERNA DI LATINA,5900510006,458.0,11.393,,13.933333333333334,
CISTERNA DI LATINA,5900510001,730.0,16.618,,22.433333333333334,
CISTERNA DI LATINA,5900510002,256.0,10.202,,14.433333333333334,
CISTERNA DI LATINA,5900510004,45.0,15.111,,19.4,
CISTERNA DI LATINA,5900520001,188.0,17.428,,19.183333333333334,
CISTERNA DI LATINA,5900520007,172.0,18.991,,20.9,
CISTERNA DI LATINA,5900510005,299.0,15.869,,17.966666666666665,
CISTERNA DI LATINA,5900510003,28213.0,18.998,,24.616666666666667,
CISTERNA DI LATINA,5900520005,125.0,19.276,,21.9,
CISTERNA DI LATINA,5900520008,58.0,16.807,,20.433333333333334,
CISTERNA DI LATINA,5900520009,58.0,17.857,,19.683333333333334,
CISTERNA DI LATINA,5900520013,67.0,10.714,,14.583333333333334,
CISTERNA DI LATINA,5900520023,36.0,9.571,,12.966666666666667,
CISTERNA DI LATINA,5900520006,107.0,19.776,,22.75,
CISTERNA DI LATINA,5900520016,131.0,10.341,,13.516666666666667,
CISTERNA DI LATINA,5900520012,88.0,10.552,,15.2,
CISTERNA DI LATINA,5900526619,29.0,8.195,,11.683333333333334,
CISTERNA DI LATINA,5900526611,40.0,16.234,,18.15,
CISTERNA DI LATINA,5900520022,53.0,8.97,,12.333333333333334,
CISTERNA DI LATINA,5900520026,99.0,8.976,,12.45,
CISTERNA DI LATINA,5900526724,108.0,9.069,,12.7,
CISTERNA DI LATINA,5900526725,26.0,9.559,,13.316666666666666,
CISTERNA DI LATINA,5900520027,107.0,12.642,,15.55,
CISTERNA DI LATINA,5900526615,31.0,10.101,,13.7,
CISTERNA DI LATINA,5900526621,26.0,7.727,,11.25,
CISTERNA DI LATINA,5900526614,38.0,11.162,,14.533333333333333,
CISTERNA DI LATINA,5900526710,23.0,16.299,,19.733333333333334,
CISTERNA DI LATINA,5900526718,34.0,8.97,,13.533333333333333,
ARPINO,6001010001,1426.0,6.543999999999999,,11.383333333333333,
ARPINO,6001010004,241.0,3.707,,5.133333333333334,
ARPINO,6001020001,96.0,4.083,,7.916666666666667,
ARPINO,6001010002,521.0,4.424,,8.316666666666666,
ARPINO,6001020015,155.0,9.643,,13.533333333333333,
ARPINO,6001020004,62.0,5.7589999999999995,,8.4,
ARPINO,6001020017,53.0,3.999,,6.333333333333333,
ARPINO,6001020023,49.0,5.845,,10.383333333333333,
ARPINO,6001020010,51.0,8.325,,14.45,
ARPINO,6001026639,24.0,8.291,,14.15,
ARPINO,6001026602,21.0,6.988000000000001,,9.966666666666667,
ARPINO,6001026637,34.0,2.64,,5.4,
ARPINO,6001026638,21.0,4.018,,6.433333333333333,
ARPINO,6001026631,21.0,8.659,,13.900000000000002,
ARPINO,6001020019,52.0,3.554,,7.15,
ARPINO,6001020027,62.0,6.629,,8.866666666666667,
ARPINO,6001020035,67.0,5.695,,9.6,
ARPINO,6001026609,39.0,4.313,,7.016666666666666,
ATINA,6001110001,622.0,19.53,,24.116666666666667,
ATINA,6001110003,95.0,22.293,,25.983333333333338,
ATINA,6001110002,1352.0,22.251,,25.36666666666667,
ATINA,6001120014,130.0,24.392,,27.35,
ATINA,6001120004,52.0,22.134999999999998,,25.216666666666665,
ATINA,6001120006,61.0,22.446,,25.25,
ATINA,6001126617,31.0,23.672,,26.083333333333332,
ATINA,6001120018,246.0,23.25,,25.883333333333333,
ATINA,6001126605,24.0,24.55,,27.383333333333336,
AUSONIA,6001210001,817.0,20.292,,24.050000000000004,
AUSONIA,6001220003,67.0,23.655,,30.266666666666666,
AUSONIA,6001220001,56.0,22.48,,28.51666666666667,
AUSONIA,6001220007,165.0,22.069,,26.2,
AUSONIA,6001210002,295.0,21.121,,27.95,
AUSONIA,6001220004,121.0,21.563,,25.733333333333334,
AUSONIA,6001220006,42.0,23.58,,28.65,
AUSONIA,6001226609,26.0,22.121,,28.466666666666665,
AUSONIA,6001226610,24.0,25.486,,28.716666666666665,
BELMONTE CASTELLO,6001310001,296.0,12.099,,12.55,
BOVILLE ERNICA,6001410006,77.0,6.824,,10.216666666666667,
BOVILLE ERNICA,6001410001,600.0,8.037,,12.25,
BOVILLE ERNICA,6001410004,734.0,4.981,,7.666666666666668,
BOVILLE ERNICA,6001410009,184.0,10.953,,14.75,
BOVILLE ERNICA,6001420001,79.0,5.286,,7.316666666666666,
BOVILLE ERNICA,6001420007,147.0,6.394,,9.55,
BOVILLE ERNICA,6001410010,659.0,6.435,,8.9,
BOVILLE ERNICA,6001410008,319.0,6.024,,9.05,
BOVILLE ERNICA,6001410002,690.0,9.978,,14.833333333333334,
BOVILLE ERNICA,6001420014,346.0,8.739,,12.099999999999998,
BOVILLE ERNICA,6001420012,58.0,9.95,,14.183333333333334,
BOVILLE ERNICA,6001426619,28.0,11.712,,14.7,
BOVILLE ERNICA,6001426617,23.0,11.521,,14.816666666666665,
BOVILLE ERNICA,6001426611,28.0,9.026,,12.366666666666665,
BOVILLE ERNICA,6001426615,23.0,9.841,,13.183333333333335,
BOVILLE ERNICA,6001426610,32.0,9.847,,13.516666666666667,
BOVILLE ERNICA,6001426608,35.0,8.311,,12.483333333333333,
BROCCOSTELLA,6001510002,1323.0,4.207,,7.4,
BROCCOSTELLA,6001520009,123.0,5.744,,8.816666666666666,
BROCCOSTELLA,6001520016,180.0,8.972,,13.4,
CAMPOLI APPENNINO,6001610001,729.0,6.166999999999999,,8.65,
CAMPOLI APPENNINO,6001620004,39.0,5.068,,6.65,
CAMPOLI APPENNINO,6001626610,28.0,6.55,,9.266666666666667,
CASALATTICO,6001710001,34.0,22.568,,24.5,
CASALATTICO,6001710005,65.0,20.856,,21.933333333333334,
CASALATTICO,6001710003,22.0,25.865,,30.183333333333334,
CASALATTICO,6001710002,78.0,20.385,,21.616666666666667,
CASALVIERI,6001810001,254.0,17.958,,20.916666666666668,
CASALVIERI,6001820003,64.0,13.775,,18.4,
CASALVIERI,6001810002,82.0,16.591,,21.283333333333335,
CASALVIERI,6001820032,53.0,17.916,,20.71666666666667,
CASALVIERI,6001820014,100.0,14.892000000000001,,16.966666666666665,
CASALVIERI,6001826631,27.0,15.642,,18.0,
CASALVIERI,6001820018,40.0,13.567000000000002,,17.183333333333334,
CASALVIERI,6001820043,53.0,18.807,,22.7,
CASSINO,6001910005,151.0,9.539250000000001,0.7902494859220095,13.833333333333334,0.7266105992641194
CASSINO,6001910001,124.0,9.60325,0.7902494859220095,14.975000000000001,0.730486900027038
CASSINO,6001920002,67.0,4.81075,0.1021285954079465,11.075,0.2362907813126304
CASSINO,6001910009,362.0,7.32125,0.4962696679561761,11.325,0.4500000000000004
CASSINO,6001910003,421.0,4.31,0.7389848893358151,8.200000000000001,0.6563084189165495
CASSINO,6001910002,1546.0,4.526000000000001,0.40763872894185754,7.304166666666665,1.3051447344175198
CASSINO,6001920009,106.0,5.5,0.10191172650877825,11.641666666666666,0.2362907813126304
CASSINO,6001920020,100.0,5.664499999999999,0.49591229063212366,10.408333333333333,0.4500000000000001
CASSINO,6001920016,73.0,2.88825,0.4080256323647653,4.8875,1.3051447344175195
CASSINO,6001910011,120.0,11.098999999999998,0.790494781766458,15.408333333333333,0.730486900027038
CASSINO,6001926601,29.0,8.47325,0.7902494859220093,12.641666666666667,0.7304869000270375
CASSINO,6001920025,149.0,7.51,0.4964802782252954,12.041666666666666,0.4500000000000004
CASSINO,6001920022,100.0,6.929500000000001,0.48569228941789877,11.375,0.5244927002281274
CASSINO,6001920026,88.0,5.980249999999999,0.49626966795617583,9.708333333333334,0.4499999999999994
CASSINO,6001920027,100.0,9.384500000000001,0.49591229063212416,14.125,0.4500000000000001
CASSINO,6001926621,31.0,9.49025,0.790249485922009,13.520833333333332,0.7347681670154601
CASSINO,6001926714,24.0,8.259500000000001,0.7907420565519457,13.441666666666668,0.730486900027038
CASTELLIRI,6002010001,1789.0,3.078,,5.65,
CASTELLIRI,6002026606,82.0,4.867,,7.616666666666666,
CASTELNUOVO PARANO,6002110001,204.0,22.445,,28.35,
CASTELNUOVO PARANO,6002120003,52.0,19.409,,23.9,
CASTELNUOVO PARANO,6002110003,61.0,22.185,,28.2,
CASTELNUOVO PARANO,6002110002,370.0,18.057,,21.466666666666665,
CASTELNUOVO PARANO,6002126605,34.0,18.492,,23.216666666666665,
CASTELNUOVO PARANO,6002126601,21.0,22.277,,28.066666666666666,
CASTROCIELO,6002210001,876.0,15.357,,21.9,
CASTROCIELO,6002220007,209.0,13.062999999999999,,18.683333333333334,
CASTROCIELO,6002220008,46.0,18.815,,20.05,
CASTROCIELO,6002220010,22.0,14.036,,19.433333333333334,
CASTROCIELO,6002220016,81.0,17.451,,19.833333333333332,
CASTROCIELO,6002226620,23.0,15.733000000000002,,22.55,
CASTROCIELO,6002226619,30.0,18.423,,19.883333333333333,
CASTROCIELO,6002220021,29.0,18.343,,19.716666666666665,
CASTRO DEI VOLSCI,6002310001,325.0,22.742,,28.783333333333335,
CASTRO DEI VOLSCI,6002310005,105.0,20.535,,26.083333333333332,
CASTRO DEI VOLSCI,6002320003,81.0,21.007,,28.099999999999998,
CASTRO DEI VOLSCI,6002310002,702.0,20.542,,26.316666666666666,
CASTRO DEI VOLSCI,6002310003,377.0,16.676,,22.183333333333334,
CASTRO DEI VOLSCI,6002320004,136.0,29.498,,27.35,
CASTRO DEI VOLSCI,6002326702,89.0,31.434,,30.4,
CECCANO,6002410006,338.0,10.524,,15.449999999999998,
CECCANO,6002410001,297.0,12.131,,18.166666666666668,
CECCANO,6002410004,774.0,11.585,,17.25,
CECCANO,6002420001,171.0,14.896000000000003,,24.05,
CECCANO,6002410002,14607.0,10.326,,15.716666666666667,
CECCANO,6002410008,184.0,5.442,,9.716666666666667,
CECCANO,6002420015,95.0,13.794,,19.216666666666665,
CECCANO,6002420018,55.0,6.895,,11.35,
CECCANO,6002420041,145.0,6.709,,10.866666666666667,
CECCANO,6002420029,63.0,12.741,,18.933333333333334,
CECCANO,6002420014,61.0,14.019,,20.266666666666666,
CECCANO,6002420012,49.0,12.192,,17.75,
CECCANO,6002420028,72.0,13.257,,19.183333333333334,
CECCANO,6002420025,119.0,12.229,,18.216666666666665,
CECCANO,6002420043,57.0,13.363000000000001,,20.3,
CECCANO,6002420027,48.0,15.171,,24.266666666666666,
CECCANO,6002420034,42.0,14.97,,20.483333333333334,
CECCANO,6002420045,122.0,12.461,,17.7,
CECCANO,6002420047,116.0,5.811,,9.5,
CECCANO,6002420035,124.0,13.979,,21.183333333333334,
CECCANO,6002426621,25.0,13.767000000000001,,20.866666666666664,
CECCANO,6002426646,27.0,14.505000000000003,,22.1,
CECCANO,6002426702,42.0,13.417999999999997,,19.366666666666667,
CECCANO,6002426610,26.0,11.578,,16.666666666666668,
CECCANO,6002426738,38.0,13.999,,23.4,
CECCANO,6002426706,69.0,13.637,,20.05,
CECCANO,6002426708,49.0,12.396,,19.183333333333334,
CEPRANO,6002510001,5471.0,22.303,,26.199999999999996,
CEPRANO,6002520003,83.0,23.555,,26.433333333333334,
CEPRANO,6002520002,53.0,20.472,,23.483333333333334,
CERVARO,6002610006,272.0,4.209,,8.333333333333334,
CERVARO,6002610001,2583.0,7.520999999999999,,12.766666666666667,
CERVARO,6002610004,63.0,7.925,,12.166666666666666,
CERVARO,6002620001,43.0,10.226,,18.1,
CERVARO,6002610002,263.0,3.623,,7.65,
CERVARO,6002610008,167.0,8.595,,13.066666666666666,
CERVARO,6002620016,118.0,3.827,,7.7,
CERVARO,6002626617,21.0,4.561,,9.116666666666667,
CERVARO,6002626713,153.0,7.138,,10.75,
COLFELICE,6002710001,439.0,19.503000000000004,,23.3,
COLFELICE,6002710002,415.0,19.735,,22.516666666666666,
COLLEPARDO,6002810001,99.0,13.973,,17.35,
COLLEPARDO,6002810002,480.0,18.343,,26.316666666666666,
COLLE SAN MAGNO,6002910001,276.0,21.771,,37.65,
CORENO AUSONIO,6003010001,1182.0,23.991,,29.883333333333333,
CORENO AUSONIO,6003026604,23.0,23.563,,27.5,
ESPERIA,6003110001,872.0,21.41,,26.25,
ESPERIA,6003110002,386.0,25.743,,30.883333333333333,
FALVATERRA,6003210001,117.0,27.921,,34.36666666666667,
FALVATERRA,6003220008,35.0,26.701,,31.33333333333333,
FALVATERRA,6003226606,24.0,26.111,,30.766666666666666,
FERENTINO,6003310001,1042.0,11.335,,15.75,
FERENTINO,6003310002,332.0,4.756,,8.5,
FERENTINO,6003310003,11824.0,11.279,,16.016666666666666,
FERENTINO,6003310007,201.0,24.532999999999998,,31.95,
FERENTINO,6003320005,70.0,14.703000000000001,,20.816666666666666,
FERENTINO,6003320029,105.0,11.447,,16.383333333333333,
FERENTINO,6003320009,851.0,9.963,,15.45,
FERENTINO,6003320017,63.0,13.655,,18.7,
FERENTINO,6003320020,66.0,9.875,,14.3,
FERENTINO,6003320028,37.0,5.773,,9.133333333333333,
FERENTINO,6003320016,74.0,15.398,,22.433333333333334,
FERENTINO,6003326603,33.0,13.268,,19.266666666666666,
FERENTINO,6003320025,160.0,12.008,,16.566666666666666,
FERENTINO,6003320022,54.0,11.172,,15.416666666666666,
FERENTINO,6003320027,47.0,14.039,,19.366666666666667,
FERENTINO,6003326608,25.0,15.87,,23.133333333333336,
FILETTINO,6003410001,491.0,43.259,,61.15,
FIUGGI,6003510001,9573.0,18.481,,22.45,
FIUGGI,6003520002,34.0,18.331,,20.866666666666667,
FONTANA LIRI,6003610001,1862.0,9.553,,12.333333333333334,
FONTANA LIRI,6003610004,47.0,7.068,,9.483333333333333,
FONTECHIARI,6003710001,199.0,13.518000000000002,,18.65,
FONTECHIARI,6003726601,28.0,8.886,,15.1,
FUMONE,6003910001,1219.0,7.671,,12.8,
FUMONE,6003910002,429.0,6.235999999999999,,10.6,
FUMONE,6003926606,30.0,7.971,,13.983333333333333,
GALLINARO,6004010001,222.0,21.274999999999995,,25.350000000000005,
GALLINARO,6004020006,50.0,22.893,,27.983333333333334,
GIULIANO DI ROMA,6004110001,881.0,15.964999999999998,,21.183333333333334,
GIULIANO DI ROMA,6004120003,81.0,11.676,,17.033333333333335,
GIULIANO DI ROMA,6004120002,49.0,12.677,,16.933333333333334,
GIULIANO DI ROMA,6004110002,136.0,13.115,,18.216666666666665,
GIULIANO DI ROMA,6004120004,116.0,10.736,,14.866666666666667,
GUARCINO,6004210001,979.0,10.349,,13.366666666666667,
GUARCINO,6004220003,49.0,8.108,,10.766666666666667,
ISOLA DEL LIRI,6004310001,8635.0,5.024,,13.95,
ISOLA DEL LIRI,6004320009,31.0,2.835,,5.216666666666667,
ISOLA DEL LIRI,6004326601,33.0,3.616,,6.916666666666667,
ISOLA DEL LIRI,6004326607,39.0,4.078,,7.366666666666667,
ISOLA DEL LIRI,6004326608,29.0,2.878,,6.366666666666666,
MONTE SAN GIOVANNI CAMPANO,6004410006,184.0,6.385,,10.533333333333333,
MONTE SAN GIOVANNI CAMPANO,6004410001,2201.0,6.697,,10.033333333333333,
MONTE SAN GIOVANNI CAMPANO,6004420003,52.0,10.453,,13.566666666666666,
MONTE SAN GIOVANNI CAMPANO,6004410004,764.0,11.751,,16.65,
MONTE SAN GIOVANNI CAMPANO,6004420007,157.0,9.957,,13.983333333333333,
MONTE SAN GIOVANNI CAMPANO,6004410008,176.0,11.101,,14.8,
MONTE SAN GIOVANNI CAMPANO,6004420015,68.0,6.473,,9.616666666666667,
MONTE SAN GIOVANNI CAMPANO,6004420018,149.0,9.05,,12.6,
MONTE SAN GIOVANNI CAMPANO,6004420005,204.0,13.884,,20.3,
MONTE SAN GIOVANNI CAMPANO,6004420004,222.0,8.377,,11.483333333333333,
MONTE SAN GIOVANNI CAMPANO,6004420014,52.0,12.061,,15.349999999999998,
MONTE SAN GIOVANNI CAMPANO,6004420012,227.0,13.556,,19.649999999999995,
MONTE SAN GIOVANNI CAMPANO,6004420023,180.0,8.93,,11.983333333333333,
MONTE SAN GIOVANNI CAMPANO,6004420010,78.0,8.135,,11.65,
MONTE SAN GIOVANNI CAMPANO,6004420006,199.0,7.35,,10.466666666666667,
MONTE SAN GIOVANNI CAMPANO,6004420016,116.0,7.709,,10.316666666666666,
MONTE SAN GIOVANNI CAMPANO,6004420019,156.0,9.026,,13.066666666666666,
MONTE SAN GIOVANNI CAMPANO,6004420021,115.0,9.482,,13.116666666666667,
MOROLO,6004510001,1099.0,16.953,,21.183333333333334,
MOROLO,6004520002,230.0,15.291000000000002,,19.7,
MOROLO,6004510002,664.0,17.832,,23.2,
MOROLO,6004520006,118.0,13.307,,20.033333333333335,
MOROLO,6004526607,27.0,15.262,,19.366666666666667,
PALIANO,6004620001,147.0,15.334,,19.533333333333335,
PALIANO,6004610002,5365.0,15.208,,21.383333333333333,
PALIANO,6004620008,41.0,16.049,,21.85,
PALIANO,6004620006,97.0,12.823000000000002,,16.833333333333332,
PALIANO,6004626610,21.0,14.071,,22.466666666666665,
PASTENA,6004710001,404.0,32.362,,41.5,
PASTENA,6004726606,26.0,29.288000000000004,,38.05,
PATRICA,6004810001,424.0,14.292,,22.96666666666667,
PATRICA,6004820003,85.0,10.891,,18.066666666666666,
PATRICA,6004820001,233.0,11.22,,18.216666666666665,
PATRICA,6004820007,265.0,8.774,,14.05,
PATRICA,6004810002,604.0,8.093,,13.15,
PATRICA,6004820015,59.0,11.338000000000001,,17.983333333333334,
PATRICA,6004820018,74.0,10.978,,17.7,
PATRICA,6004820014,52.0,11.277,,16.266666666666666,
PATRICA,6004820017,156.0,8.979,,14.083333333333334,
PATRICA,6004826604,22.0,9.212,,13.666666666666664,
PATRICA,6004826609,27.0,6.43,,11.6,
PATRICA,6004826610,33.0,6.757,,12.166666666666666,
PATRICA,6004826608,24.0,7.136,,13.199999999999998,
PESCOSOLIDO,6004910001,174.0,6.593,,10.783333333333333,
PESCOSOLIDO,6004910002,533.0,9.004,,13.85,
PESCOSOLIDO,6004920005,48.0,5.115,,8.95,
PICINISCO,6005010001,163.0,30.316,,36.4,
PICINISCO,6005010002,48.0,29.917999999999996,,38.15,
PICINISCO,6005026606,23.0,25.324,,29.75,
PICO,6005110001,666.0,32.616,,36.43333333333333,
PICO,6005120002,37.0,32.566,,37.483333333333334,
PICO,6005120006,32.0,32.646,,37.416666666666664,
PICO,6005126609,21.0,29.965,,33.36666666666667,
PICO,6005126608,34.0,32.838,,37.6,
PIEDIMONTE SAN GERMANO,6005210001,4369.0,8.723,,15.183333333333334,
PIEDIMONTE SAN GERMANO,6005220003,87.0,10.151,,15.4,
PIEDIMONTE SAN GERMANO,6005210002,858.0,9.576,,16.15,
PIEDIMONTE SAN GERMANO,6005220005,89.0,8.657,,14.416666666666666,
PIEDIMONTE SAN GERMANO,6005226604,42.0,9.951,,16.2,
PIGLIO,6005310001,132.0,22.872,,29.85,
PIGLIO,6005320003,50.0,12.765,,14.75,
PIGLIO,6005320002,57.0,16.746,,19.8,
PIGLIO,6005310002,3017.0,16.034,,18.383333333333333,
PIGLIO,6005320005,59.0,12.644,,14.516666666666667,
PIGLIO,6005320004,38.0,11.648,,13.05,
PIGLIO,6005326601,21.0,11.111,,15.033333333333333,
PIGNATARO INTERAMNA,6005410001,562.0,8.104,,13.366666666666667,
PIGNATARO INTERAMNA,6005420007,48.0,8.326,,15.15,
PIGNATARO INTERAMNA,6005420004,183.0,11.503,,17.9,
PIGNATARO INTERAMNA,6005426609,25.0,10.407,,15.816666666666668,
PIGNATARO INTERAMNA,6005426608,22.0,8.844,,16.05,
POFI,6005510001,859.0,15.217,,21.266666666666666,
POFI,6005520003,54.0,15.828,,21.383333333333333,
POFI,6005510002,40.0,19.505,,25.766666666666662,
POFI,6005520002,138.0,18.05,,24.033333333333335,
POFI,6005520007,55.0,18.515,,24.883333333333333,
POFI,6005520015,49.0,16.325,,21.533333333333335,
POFI,6005520033,42.0,17.527,,23.966666666666665,
POFI,6005520005,67.0,13.006,,20.183333333333334,
POFI,6005520024,108.0,16.02,,21.616666666666667,
POFI,6005520004,42.0,15.495,,21.583333333333332,
POFI,6005520031,58.0,16.607,,22.983333333333334,
POFI,6005520014,77.0,15.848,,20.883333333333333,
POFI,6005520017,64.0,15.003,,20.483333333333334,
POFI,6005520013,41.0,16.84,,22.1,
POFI,6005520022,38.0,16.541,,21.533333333333335,
POFI,6005520011,75.0,17.108,,22.5,
POFI,6005526625,21.0,18.399,,24.6,
POFI,6005526619,29.0,11.483,,18.1,
POFI,6005526628,23.0,16.626,,22.75,
POFI,6005520027,57.0,17.967,,23.866666666666667,
POFI,6005526618,38.0,11.083,,17.333333333333332,
POFI,6005526632,35.0,19.28,,25.266666666666666,
POFI,6005526609,21.0,10.789,,16.833333333333332,
POFI,6005526608,22.0,13.217,,21.133333333333333,
POFI,6005526720,34.0,13.184,,17.866666666666667,
POFI,6005526716,27.0,17.241,,23.583333333333332,
PONTECORVO,6005610001,7731.0,22.082,,24.25,
PONTECORVO,6005620003,51.0,17.749,,24.766666666666666,
PONTECORVO,6005610002,332.0,26.941000000000003,,34.81666666666667,
PONTECORVO,6005620001,77.0,20.312,,21.783333333333335,
PONTECORVO,6005620007,108.0,26.721,,30.183333333333334,
PONTECORVO,6005620010,128.0,28.584,,33.03333333333333,
PONTECORVO,6005620008,61.0,25.675,,29.383333333333333,
PONTECORVO,6005626604,34.0,23.832,,27.15,
PONTECORVO,6005626606,38.0,25.671,,29.900000000000002,
POSTA FIBRENO,6005710001,152.0,8.127,,13.766666666666666,
POSTA FIBRENO,6005710002,535.0,12.305,,13.866666666666667,
RIPI,6005810001,110.0,12.284,,17.033333333333335,
RIPI,6005820003,79.0,13.692000000000002,,18.933333333333334,
RIPI,6005810002,111.0,9.994,,14.016666666666667,
RIPI,6005810004,427.0,10.269,,15.033333333333333,
RIPI,6005820005,204.0,13.627000000000002,,18.75,
RIPI,6005820032,44.0,10.015,,14.216666666666667,
RIPI,6005820028,99.0,11.55,,14.833333333333334,
RIPI,6005820012,412.0,10.563,,14.666666666666666,
RIPI,6005826611,27.0,10.082,,13.766666666666667,
RIPI,6005826602,25.0,9.186,,12.65,
RIPI,6005820025,41.0,9.932,,15.466666666666667,
RIPI,6005820026,206.0,10.326,,14.083333333333334,
RIPI,6005820049,57.0,12.974,,17.533333333333335,
RIPI,6005826646,22.0,11.303,,16.366666666666667,
RIPI,6005820021,78.0,12.523,,17.066666666666666,
RIPI,6005820035,39.0,8.394,,11.666666666666666,
RIPI,6005826648,31.0,12.234,,17.45,
RIPI,6005826651,22.0,9.012,,12.35,
RIPI,6005826630,25.0,10.682,,14.5,
RIPI,6005826652,27.0,11.746,,17.016666666666666,
RIPI,6005826714,62.0,11.736,,16.216666666666665,
RIPI,6005826739,25.0,14.18,,19.05,
RIPI,6005826745,39.0,10.905,,15.633333333333331,
ROCCA D'ARCE,6005910001,92.0,18.986,,22.766666666666666,
ROCCA D'ARCE,6005920003,99.0,17.669,,21.283333333333335,
ROCCA D'ARCE,6005910002,49.0,16.884,,20.466666666666665,
ROCCA D'ARCE,6005910003,225.0,18.7,,25.266666666666666,
ROCCASECCA,6006010001,67.0,19.383,,27.283333333333335,
ROCCASECCA,6006010004,2457.0,18.25,,24.933333333333334,
SAN BIAGIO SARACINISCO,6006110001,136.0,35.079,,44.333333333333336,
SAN DONATO VAL DI COMINO,6006210001,919.0,23.127,,25.716666666666665,
SAN GIORGIO A LIRI,6006310001,2125.0,12.915,,17.25,
SAN GIORGIO A LIRI,6006320003,56.0,14.318,,19.76666666666667,
SAN GIORGIO A LIRI,6006320002,245.0,13.376,,19.433333333333334,
SAN GIORGIO A LIRI,6006320007,46.0,14.234,,19.833333333333332,
SAN GIORGIO A LIRI,6006320014,40.0,12.76,,17.9,
SAN GIORGIO A LIRI,6006326617,27.0,17.949,,23.95,
SAN GIORGIO A LIRI,6006326609,24.0,14.948,,19.566666666666666,
SAN GIOVANNI INCARICO,6006410001,94.0,30.685,,34.63333333333333,
SAN GIOVANNI INCARICO,6006410002,253.0,28.373,,32.2,
SAN GIOVANNI INCARICO,6006420007,66.0,25.833,,29.983333333333334,
SAN GIOVANNI INCARICO,6006420004,50.0,29.018,,32.583333333333336,
SANT'AMBROGIO SUL GARIGLIANO,6006510001,570.0,16.437,,22.3,
SANT'AMBROGIO SUL GARIGLIANO,6006520003,42.0,15.633000000000001,,20.566666666666666,
SANT'AMBROGIO SUL GARIGLIANO,6006520002,57.0,14.205000000000002,,19.116666666666667,
SANT'AMBROGIO SUL GARIGLIANO,6006526601,29.0,17.208,,22.533333333333335,
SANT'ANDREA DEL GARIGLIANO,6006610001,438.0,17.383,,22.983333333333334,
SANT'ANDREA DEL GARIGLIANO,6006620007,76.0,17.6,,23.9,
SANT'ANDREA DEL GARIGLIANO,6006620010,56.0,17.92,,23.933333333333334,
SANT'ANDREA DEL GARIGLIANO,6006620017,61.0,19.947,,26.466666666666665,
SANT'ANDREA DEL GARIGLIANO,6006626613,31.0,17.931,,23.65,
SANT'ANDREA DEL GARIGLIANO,6006620016,129.0,18.843,,25.083333333333332,
SANT'APOLLINARE,6006710001,1020.0,12.838,,18.783333333333335,
SANT'APOLLINARE,6006720009,39.0,11.968,,16.483333333333334,
SANT'APOLLINARE,6006720011,38.0,10.704,,15.516666666666666,
SANT'APOLLINARE,6006726606,31.0,11.478,,16.683333333333334,
SANT'ELIA FIUMERAPIDO,6006810001,234.0,7.104,,9.133333333333333,
SANT'ELIA FIUMERAPIDO,6006810002,281.0,6.981,,9.45,
SANT'ELIA FIUMERAPIDO,6006810004,397.0,11.105,,15.366666666666667,
SANT'ELIA FIUMERAPIDO,6006826602,22.0,15.468,,24.16666666666667,
SANTOPADRE,6006910002,52.0,13.471,,21.833333333333332,
SANTOPADRE,6006910003,263.0,15.435,,24.566666666666666,
SANTOPADRE,6006920006,32.0,20.212,,25.583333333333332,
SAN VITTORE DEL LAZIO,6007010001,151.0,9.316,,12.85,
SAN VITTORE DEL LAZIO,6007020003,59.0,9.994,,13.783333333333333,
SAN VITTORE DEL LAZIO,6007010002,148.0,11.499,,15.283333333333333,
SAN VITTORE DEL LAZIO,6007020006,32.0,8.433,,11.933333333333334,
SAN VITTORE DEL LAZIO,6007026613,37.0,12.266,,16.883333333333333,
SERRONE,6007110001,1535.0,17.326,,19.466666666666665,
SERRONE,6007110002,180.0,19.767,,23.666666666666668,
SERRONE,6007110003,674.0,19.34,,23.333333333333332,
SERRONE,6007120004,53.0,18.388,,21.649999999999995,
SERRONE,6007126601,30.0,18.219,,21.416666666666668,
SETTEFRATI,6007210001,143.0,24.291,,29.03333333333334,
SGURGOLA,6007310001,1539.0,10.758999999999999,,16.4,
SGURGOLA,6007320002,194.0,7.736,,11.333333333333336,
SORA,6007410001,20215.0,3.1790000000000003,3.8438324625300724,6.225,6.729299534291977
SORA,6007420014,68.0,7.1930000000000005,1.4226988437473334,10.475,0.6246109900481166
SORA,6007426620,28.0,5.098999999999999,3.7024111062927627,8.533333333333333,6.387531256718479
SORA,6007426602,36.0,5.5705,1.014698231002696,9.183333333333334,0.49497474683058273
SORA,6007426604,32.0,10.286,3.7024111062927627,16.85,6.387531256718479
SORA,6007426631,31.0,4.603,0.47941839764447913,7.808333333333334,0.43604918173170465
SORA,6007420016,180.0,8.75,3.702411106292763,14.308333333333334,6.375746143698703
SORA,6007420026,43.0,8.9045,3.7031182130739495,14.266666666666667,6.38753125671848
SORA,6007426725,103.0,6.515999999999999,0.39880822458921283,9.275,1.1431559629182522
SORA,6007426713,36.0,6.696999999999999,1.4170419894978408,11.166666666666666,0.494974746830584
STRANGOLAGALLI,6007510002,493.0,14.004,,19.016666666666666,
STRANGOLAGALLI,6007520003,100.0,14.273,,20.05,
STRANGOLAGALLI,6007520002,192.0,13.476999999999999,,18.45,
STRANGOLAGALLI,6007520018,79.0,12.375,,16.883333333333333,
STRANGOLAGALLI,6007520024,40.0,16.249,,22.7,
STRANGOLAGALLI,6007520009,85.0,16.009,,21.883333333333333,
STRANGOLAGALLI,6007520011,47.0,16.064,,22.08333333333333,
STRANGOLAGALLI,6007526627,23.0,13.813999999999998,,19.25,
STRANGOLAGALLI,6007526625,34.0,14.592,,19.483333333333334,
STRANGOLAGALLI,6007526617,25.0,11.908,,16.25,
STRANGOLAGALLI,6007520016,258.0,14.97,,20.216666666666665,
STRANGOLAGALLI,6007526607,42.0,11.711,,16.683333333333334,
STRANGOLAGALLI,6007526621,39.0,16.677,,22.516666666666666,
STRANGOLAGALLI,6007526608,27.0,13.831000000000001,,19.383333333333333,
SUPINO,6007610001,4269.0,13.376,,18.633333333333333,
SUPINO,6007620003,81.0,16.958,,24.716666666666665,
SUPINO,6007620001,55.0,11.983,,17.666666666666668,
TERELLE,6007710001,163.0,19.585,,30.883333333333336,
TORRE CAJETANI,6007810001,846.0,16.231,,21.5,
TORRE CAJETANI,6007810002,105.0,15.378,,18.433333333333334,
TORRICE,6007910001,69.0,9.852,,14.183333333333334,
TORRICE,6007910002,312.0,6.578000000000001,,12.083333333333334,
TORRICE,6007910005,36.0,7.638000000000001,,12.85,
TORRICE,6007910003,1503.0,9.576,,15.25,
TORRICE,6007920018,41.0,10.526,,15.25,
TORRICE,6007920033,43.0,9.805,,14.65,
TORRICE,6007920024,41.0,5.492,,10.483333333333333,
TORRICE,6007920004,175.0,8.972,,14.466666666666665,
TORRICE,6007920031,50.0,10.62,,15.4,
TORRICE,6007920014,710.0,8.062,,12.8,
TORRICE,6007920011,37.0,8.723,,14.683333333333332,
TORRICE,6007926620,39.0,5.958,,11.133333333333333,
TORRICE,6007926623,33.0,5.86,,11.683333333333334,
TORRICE,6007920025,50.0,6.658,,12.866666666666667,
TORRICE,6007920022,49.0,5.464000000000001,,11.183333333333334,
TORRICE,6007920026,156.0,6.51,,10.75,
TORRICE,6007926634,33.0,7.759,,12.35,
TORRICE,6007926629,34.0,9.121,,15.166666666666666,
TREVI NEL LAZIO,6008010001,598.0,24.14,,30.7,
TREVI NEL LAZIO,6008010002,1068.0,31.435000000000002,,42.5,
TRIVIGLIANO,6008110001,1271.0,11.975,,14.1,
TRIVIGLIANO,6008110002,211.0,14.475,,18.35,
TRIVIGLIANO,6008120002,47.0,13.513,,16.133333333333333,
TRIVIGLIANO,6008126603,33.0,12.891,,16.3,
VALLECORSA,6008210001,1895.0,28.115,,33.93333333333333,
VALLEMAIO,6008310001,375.0,19.742,,28.0,
VALLEMAIO,6008320003,85.0,16.158,,22.383333333333333,
VALLEMAIO,6008320007,48.0,20.865,,30.133333333333336,
VALLEMAIO,6008326606,30.0,18.773,,27.1,
VALLEROTONDA,6008410002,59.0,27.87,,36.916666666666664,
VALLEROTONDA,6008410004,557.0,12.849,,20.366666666666667,
VALLEROTONDA,6008420209,25.0,11.137,,14.766666666666667,
VALLEROTONDA,6008426607,34.0,12.919,,18.616666666666667,
VEROLI,6008510005,1827.0,5.386,,7.716666666666667,
VEROLI,6008510012,2383.0,4.414,,8.416666666666666,
VEROLI,6008510001,1712.0,5.601,,7.9,
VEROLI,6008510002,1561.0,5.667,,8.183333333333334,
VEROLI,6008520002,38.0,8.678,,14.0,
VEROLI,6008510009,742.0,7.553,,10.133333333333333,
VEROLI,6008520007,181.0,8.341,,10.9,
VEROLI,6008510003,606.0,4.358,,6.65,
VEROLI,6008510007,1569.0,2.063,,3.4833333333333334,
VEROLI,6008520018,87.0,7.213000000000001,,10.016666666666667,
VEROLI,6008520039,187.0,6.804999999999999,,11.783333333333331,
VEROLI,6008520040,228.0,5.685,,8.45,
VEROLI,6008520055,50.0,3.815,,6.6,
VEROLI,6008520057,42.0,5.237,,8.383333333333333,
VEROLI,6008520060,62.0,6.115,,8.733333333333333,
VEROLI,6008520061,54.0,6.821,,10.266666666666667,
VEROLI,6008520062,60.0,5.488,,7.0,
VEROLI,6008520064,63.0,11.183,,14.866666666666667,
VEROLI,6008520004,935.0,4.995,,7.033333333333333,
VEROLI,6008520036,70.0,10.46,,13.366666666666667,
VEROLI,6008520017,166.0,3.461,,5.15,
VEROLI,6008520042,80.0,8.161,,10.15,
VEROLI,6008510011,305.0,6.994000000000001,,11.133333333333333,
VEROLI,6008520048,86.0,7.254999999999999,,12.933333333333334,
VEROLI,6008520016,31.0,6.644,,8.733333333333333,
VEROLI,6008520049,37.0,6.039,,7.883333333333334,
VEROLI,6008520051,55.0,1.742,,2.3333333333333335,
VEROLI,6008520053,67.0,2.634,,4.05,
VEROLI,6008520044,236.0,2.665,,4.15,
VEROLI,6008520046,104.0,2.892,,4.65,
VEROLI,6008520047,126.0,6.426,,10.566666666666666,
VEROLI,6008526650,23.0,6.6259999999999994,,9.1,
VEROLI,6008526659,28.0,6.319,,8.75,
VEROLI,6008526645,46.0,2.203,,3.35,
VEROLI,6008526610,29.0,7.919,,10.8,
VEROLI,6008526714,88.0,3.803,,6.266666666666667,
VICALVI,6008610001,465.0,11.363,,15.466666666666667,
VICALVI,6008626604,32.0,11.683,,16.066666666666666,
VICO NEL LAZIO,6008710001,514.0,7.002,,9.5,
VICO NEL LAZIO,6008710002,712.0,8.499,,13.433333333333332,
VICO NEL LAZIO,6008720002,62.0,7.609,,10.95,
VICO NEL LAZIO,6008710003,251.0,7.285,,10.45,
VICO NEL LAZIO,6008720004,63.0,9.147,,13.666666666666666,
VICO NEL LAZIO,6008726603,39.0,8.16,,10.016666666666667,
VILLA LATINA,6008810001,174.0,26.723,,32.75,
VILLA LATINA,6008810002,565.0,23.446,,28.466666666666665,
VILLA SANTA LUCIA,6008910001,40.0,4.479,,9.7,
VILLA SANTA LUCIA,6008910002,246.0,8.038,,12.7,
VILLA SANTA LUCIA,6008920002,60.0,7.5520000000000005,,12.566666666666666,
VILLA SANTA LUCIA,6008910003,850.0,9.667000000000002,,16.45,
VILLA SANTA LUCIA,6008926625,36.0,7.692000000000001,,13.9,
VILLA SANTA LUCIA,6008926617,23.0,7.352,,12.883333333333333,
VILLA SANTA LUCIA,6008926614,34.0,5.693,,10.8,
VILLA SANTA LUCIA,6008926609,21.0,7.875,,13.116666666666665,
VILLA SANTA LUCIA,6008926610,22.0,9.487,,15.233333333333333,
VILLA SANTO STEFANO,6009010002,523.0,20.03,,26.683333333333334,
VILLA SANTO STEFANO,6009020007,44.0,18.704,,24.13333333333333,
VILLA SANTO STEFANO,6009020001,98.0,23.135,,30.933333333333334,
VILLA SANTO STEFANO,6009020014,60.0,25.683,,30.283333333333335,
VILLA SANTO STEFANO,6009020006,78.0,20.999,,28.333333333333332,
VILLA SANTO STEFANO,6009020012,61.0,24.491999999999997,,28.65,
VILLA SANTO STEFANO,6009020015,220.0,23.297,,31.85,
VILLA SANTO STEFANO,6009026613,28.0,19.029,,24.816666666666666,
VILLA SANTO STEFANO,6009026703,24.0,20.894,,27.516666666666666,
VITICUSO,6009110001,233.0,23.849,,37.93333333333333,
