Comune,SI_norm_km_density_x,SP_norm_km_density_x,SS_norm_km_density_x,SI_norm_min_density_x,SP_norm_min_density_x,SS_norm_min_density_x,SI_norm_km_density_y,SP_norm_km_density_y,SS_norm_km_density_y,SI_norm_min_density_y,SP_norm_min_density_y,SS_norm_min_density_y
ACCUMOLI,0.011350483928145682,0.011350483928145682,0.02351331339027553,0.017614822990015766,0.017614822990015766,0.030054628930325303,0.007665136331522373,0.007665136331522373,0.011748849443575793,0.010410274401176733,0.010410274401176733,0.014443514697792925
ACQUAFONDATA,0.0081985055158055,0.00867711999083265,0.015131103359773251,0.0138263965655404,0.014568927887612701,0.02579296425884905,0.0068234129437061775,0.00707897369917555,0.011092391380382042,0.011485986187780338,0.0118824678562833,0.019071894262449644
ACQUAPENDENTE,0.0045620178208614255,0.00455663740001345,0.004696007758775525,0.0064739474424545754,0.00599211292640495,0.006931176119680425,0.004666746163513654,0.004831706463187029,0.0047112742526550285,0.005784598305147009,0.0060913069330674014,0.005999027695164567
ACUTO,0.0010098342078411334,0.0010098342078411334,0.0010098342078411334,0.0019074259799522668,0.0019074259799522668,0.0019074259799522668,0.0012493641143675276,0.0012493641143675276,0.0012493641143675276,0.0020598507245291205,0.0020598507245291205,0.0020598507245291205
AFFILE,0.001129730271017352,0.00042484112878410005,0.00042484112878410005,0.00172890813063425,0.000894685902265,0.000894685902265,0.0015358986038283091,0.000352652676482696,0.000352652676482696,0.002176807331299616,0.0005470913371546942,0.0005470913371546942
AGOSTA,0.00220774954889005,0.00220774954889005,0.0021921354128466002,0.0040001185987192,0.0040001185987192,0.0040200260275571,0.0013262390157021053,0.0013262390157021053,0.0013213457290858002,0.001878851854260679,0.001878851854260679,0.0018662487090104144
ALATRI,0.006498702236337947,0.006292088303223786,0.007054278379271998,0.01010863457971112,0.009775744786281362,0.011319943515792167,0.0057474688047943175,0.005376051577506548,0.006919679566627551,0.00828537800705215,0.007649947050131087,0.010085327441736158
ALBANO LAZIALE,0.0022030929558113,0.002270260507237788,0.002540467106486525,0.004418794396818162,0.004571886875091637,0.005117944310858037,0.0008453010957548588,0.0008913555847325866,0.0011338381680044327,0.0015725301287396762,0.001658410207516606,0.0019236024003369137
ALLUMIERE,0.00033222276527047044,0.0003150930062554,0.0004153411518895,0.00078220117917665,0.0007301069826109,0.0008242404150411999,0.0003529614451588542,0.0002591532613550988,0.00035994135943981826,0.000644564419386339,0.00030441980848563136,0.00044505084703632173
ALVITO,0.007410528536761784,0.007703232172619349,0.007458020946109184,0.01127042517253455,0.012425736469185232,0.011478359001630531,0.004833772680704058,0.004764583373640701,0.005132537556032669,0.006225706871578253,0.006006866025459586,0.007178897753587241
AMASENO,0.000939238334771425,0.0013680919885596249,0.000985418372489825,0.002049348780003425,0.003199371384371825,0.002210625082486375,0.0005251913379846755,0.0009699034554605724,0.0005827207712188758,0.0009622350871127564,0.0025263014616922893,0.0011431789042502852
AMATRICE,0.011154910882912483,0.011334504959753378,0.011334504959753378,0.017542324396352543,0.01820233867378145,0.01820233867378145,0.006340773941022888,0.006552086735150463,0.006552086735150463,0.008663246177746,0.008952276382300369,0.008952276382300369
ANAGNI,0.006208156799313516,0.006206802566619155,0.006058295295298873,0.009870396029275938,0.009862244940482556,0.010445195396681263,0.003439795078661721,0.00343133152633867,0.0031362292806628896,0.0054523557735571765,0.005416858479256453,0.005359882042388614
ANGUILLARA SABAZIA,0.007131654152904654,0.007030520074467544,0.006812468023294326,0.010724440471198445,0.010287435436827828,0.009965476656732917,0.009415273661810192,0.009303568284613534,0.00864253967231001,0.013640032175862038,0.013081552775446963,0.012340016112487345
ANTICOLI CORRADO,0.0035578937799659,0.0002000015241323,0.0002000015241323,0.0076356137435435,0.0006577827904798,0.0006577827904798,,,,,,
ANTRODOCO,0.026838967045958846,0.02602005785581905,0.027422810505688053,0.03212685072981095,0.031305717275525925,0.03295253090137003,0.04013338059221205,0.03921665059026937,0.0408256921708608,0.04265750529697469,0.04150883943787371,0.043867830674368086
AQUINO,0.007277682819076533,0.007707176645798383,0.00774041468467945,0.011185215645823933,0.011679762906782765,0.011432033203219434,0.005356715521884374,0.006103937833446796,0.006422781231418652,0.007114362377003659,0.007529302239229008,0.008456736946483488
ARCE,0.012015891904620279,0.00923490251352975,0.00923490251352975,0.01666007273900519,0.01341536603165887,0.01341536603165887,0.0033340051056266573,0.004495744425378757,0.004495744425378757,0.004400677291103519,0.005697966308480206,0.005697966308480206
ARCINAZZO ROMANO,0.015611086992039001,0.008005373553214,0.01273836383278365,0.01948779741682095,0.0104640760615298,0.0161991773192748,0.020828368574745744,0.009360088435353442,0.017732725068653605,0.024930946110554332,0.012098037821144075,0.022094689775431657
ARICCIA,0.0036281084784458,0.00347581410990135,0.00243832767674635,0.007624881969603051,0.0069565696869063505,0.00480476123574785,0.002230889064264585,0.002151873343935056,0.0014648827443054597,0.004662074752494774,0.0043090081078550925,0.0029249199094952727
ARLENA DI CASTRO,0.0003718786886141,0.0045670439262611,0.0045670439262611,0.0022086986477082,0.0065287964432256,0.0065287964432256,,,,,,
ARNARA,0.0016582653349196301,0.0016582653349196301,0.0016582653349196301,0.0030271764684660237,0.0030271764684660237,0.0030271764684660237,0.0013103702780077095,0.0013103702780077095,0.0013103702780077095,0.00231721168015331,0.00231721168015331,0.00231721168015331
ARPINO,0.008096135045842865,0.006554001611294885,0.006401337953443395,0.013649650972813426,0.010956717953415495,0.01035501062084262,0.0043677483524498404,0.0036225475816201,0.004329259742552639,0.007340272480969842,0.005913421929392777,0.00663764300718152
ARSOLI,0.0001628818023202,5.522601881244287e-05,8.73829411589286e-06,0.0005068210587217,0.0002563232940661,4.077870587416668e-05,,,,,,
ARTENA,0.00424728006201256,0.0040572415175839606,0.0040683790516422595,0.00680247651189104,0.006311973321005961,0.006440084113115441,0.001652440264416617,0.001708481852523926,0.0019751330606023604,0.0024446992229404667,0.002479347600626331,0.0027445092207643183
ASCREA,0.00712629182792345,0.01081789415459535,0.014479214277783599,0.0143815479724321,0.0202601099209512,0.022062913583980652,0.005619491324738191,0.0020460631936245885,0.0018697118425912956,0.012857917729737042,0.003074492680252859,0.0043076970610789
ATINA,0.004913986401300454,0.004913986401300454,0.010366669781070354,0.007976575297206136,0.007976575297206136,0.013601971515221682,0.003950454025372832,0.003950454025372832,0.011038272563347698,0.00619882825768652,0.00619882825768652,0.01209247117240031
AUSONIA,0.0036199400977804607,0.003717737804291199,0.003903678759925418,0.005746505197024832,0.006030781400861437,0.006581572595944274,0.002206421660754722,0.0022265651018878695,0.002271118192567282,0.0027272081350258677,0.0028003393204199503,0.00295826875764623
BAGNOREGIO,0.001924232903682525,0.0020252173103721587,0.0020252173103721587,0.0028161983853924747,0.003021154367598975,0.003021154367598975,0.002006668306999006,0.0021308024970229447,0.0021308024970229447,0.0020913129027406883,0.002479155076951714,0.002479155076951714
BARBARANO ROMANO,0.00023368610952936557,0.00216013888595125,0.0020457078538212003,0.00039214669698909953,0.0027859988257983,0.0025943508237386,0.0003244241138522103,0.0009796706701679825,0.0009405142721174803,0.0005482688110901065,0.0012959538731210994,0.0012268543888207081
BASSANO IN TEVERINA,9.326344248229728e-05,0.0001919862084269,0.0039361722163748,0.0002350542046301,0.0005231851651445,0.0048754791476518,,,,,,
BASSANO ROMANO,5.3876931371013554e-05,0.0001107656166695,0.0001843862682324,0.0001561650184667,0.0003402166473738,0.0006413920401311,,,,,,
BASSIANO,0.0044235061047202,0.004090820135405,0.004090820135405,0.0082727406340725,0.007282482778714275,0.007282482778714275,0.0028233985153175937,0.002647151020942711,0.002647151020942711,0.0050752997124505934,0.00445142730750101,0.00445142730750101
BELLEGRA,0.0022667076910275947,0.0022667076910275947,0.002217838402192778,0.00472340126997076,0.00472340126997076,0.004025581807120625,0.0015208257867335908,0.0015208257867335908,0.001435573561736047,0.00313684375839647,0.00313684375839647,0.002465603128252227
BELMONTE CASTELLO,0.0007639773756194,0.0009449193856345,0.0069743092526944,0.0018094201001513,0.0021612517862918,0.0088125460433297,,,,,,
BELMONTE IN SABINA,0.0026758763822481,0.0026758763822481,0.012748044467622725,0.004759795497661125,0.004759795497661125,0.018964385934626328,0.0015562926304314882,0.0015562926304314882,0.006581299691555998,0.002526423077844468,0.002526423077844468,0.00997671071842009
BLERA,0.0013424852198356922,0.0013240923347233333,0.0013480263576619324,0.0021886966106290334,0.0020223753235153667,0.002126087103842033,0.002143733792549731,0.0021029804147132676,0.002136820491241458,0.0031900939863308995,0.002969056791163065,0.003141172662289306
BOLSENA,0.0034375282648383,0.00361043644693665,0.0034375282648383,0.00449941463238365,0.0055516372373687495,0.00449941463238365,0.004282973594046218,0.004156629870185251,0.004282973594046218,0.004896816454367535,0.005202109102821359,0.004896816454367535
BOMARZO,0.003601838467474994,0.00360716165177745,0.00360716165177745,0.005251091440151173,0.0053867366591732,0.0053867366591732,0.0050871470118900065,0.004762983235150204,0.004762983235150204,0.007416131704210551,0.006594627213659529,0.006594627213659529
BORBONA,0.0424745521542468,0.015143682341304402,0.043619472600749866,0.05214807891291897,0.023682440329081036,0.053570001769392604,0.027670474836613296,0.012750112391442893,0.028336680997945465,0.037577134672375806,0.02314082332620331,0.03905761061226218
BORGO VELINO,0.00105232071292375,0.00119279496900585,0.0025887355127076,0.00225009239646065,0.0027278959885768,0.0044503869671927996,0.0008881227904323731,0.0008929102791824023,0.0009006410762151743,0.0012697573838026592,0.001286041359143029,0.0010183388485654069
BORGOROSE,0.007680632711538793,0.007680632711538793,0.008789685878506594,0.010524548571208691,0.010524548571208691,0.012851678618632649,0.005092015425478268,0.005092015425478268,0.005659204416986954,0.005943697044682478,0.005943697044682478,0.0071742267986769
BOVILLE ERNICA,0.003259991583687577,0.0033455780047514966,0.0030780463001597886,0.005263442798345012,0.005329375014335839,0.0049662870938846455,0.001385423765532713,0.001369319514524231,0.0017922498119681614,0.0021481638283855345,0.0020627282997472624,0.002665692307111565
BRACCIANO,0.0039625749408787,0.00390948777180694,0.00362774014382395,0.0068117146302447,0.006733764140463649,0.00658507131348956,0.0026902599040841296,0.002626849328034442,0.002629150533105972,0.004399438809931516,0.004281929173022963,0.0040512363214683395
BROCCOSTELLA,0.003118078438791325,0.00292660332128315,0.003154965773770025,0.004621201162978375,0.0042880132950330755,0.0048341994782353,0.0036526163141937175,0.0034357188214769988,0.0036627526412858543,0.004904999333604344,0.004643526730841687,0.004883810894302877
CALCATA,0.0002683879921866994,0.0009865868359057333,0.0010552069501743666,0.0007759949301232666,0.0018311719969526334,0.0019931134459161668,0.00020275887619776635,0.0005859152771954704,0.0006305480459946837,0.000577176980483262,0.001090446127849059,0.0011845902046030803
CAMERATA NUOVA,0.0191436821737177,7.65986657779267e-05,0.0191436821737177,0.0218525620728434,0.000299213538195,0.0218525620728434,,,,,,
CAMPAGNANO DI ROMA,0.0016132481502049,0.001497716239076525,0.0013972402572222,0.0031320237477968247,0.002641961234607825,0.0022518541204886496,0.000964021040872265,0.0009231383763969296,0.0010138865362157292,0.0015439206448702794,0.0013734515945748895,0.0016849269896039513
CAMPODIMELE,0.0059364845091742,0.006091762749948,0.00764842362797055,0.007512134841892,0.00782186721922895,0.013101097757595749,0.0027193160670723627,0.0027706158879824807,0.003020599296274837,0.0041834588284460055,0.004280095076592694,0.005324203949057352
CAMPOLI APPENNINO,0.0033258297631529,0.0028435719214326754,0.00282309159413025,0.004294841521265325,0.004979442921374625,0.004415582701888075,0.0026289581173694412,0.001653134106435651,0.0023010189765928822,0.002651827150063859,0.0028723564468086595,0.0030056786979402728
CANALE MONTERANO,0.0014255379140295653,0.0014099104221325,0.001530486661578275,0.0027517399093101753,0.0029414418308196747,0.00289142378875225,0.0010722895007403465,0.0009913580014595975,0.0011870251125032177,0.0018409427883317175,0.0016758611839858082,0.002096763097865196
CANEPINA,0.0028490565345444118,0.0028490565345444118,0.0028490565345444118,0.00550954226740975,0.00550954226740975,0.00550954226740975,0.0038948218453044637,0.0038948218453044637,0.0038948218453044637,0.007344904120487393,0.007344904120487393,0.007344904120487393
CANINO,8.822507022029647e-05,0.0001340775429101,8.822507022029647e-05,0.0003479875159501,0.0004435135007207,0.0003479875159501,,,,,,
CANTALICE,0.002763455039436655,0.002763455039436655,0.002763455039436655,0.004955323407207609,0.004955323407207609,0.004955323407207609,0.002135965002843334,0.002135965002843334,0.002135965002843334,0.0029239875402919877,0.0029239875402919877,0.0029239875402919877
CANTALUPO IN SABINA,0.0020732040743641996,0.0020732040743641996,0.00878012442329135,0.0033606007824589,0.0033606007824589,0.0121583650988635,0.0027490701619609665,0.0027490701619609665,0.006100840795437731,0.002996444432886609,0.002996444432886609,0.008272410509283607
CANTERANO,0.0066407916300389,0.001209575497039,0.0066231727342619,0.0108777530449362,0.0027960421559167,0.010813916466034,,,,,,
CAPENA,0.0033008153444258575,0.003885426676568628,0.003703631774839129,0.005002668225169228,0.005978778816929543,0.006124342094609428,0.0020426137477901948,0.0020310412558235185,0.0030415090939693626,0.002928770372311978,0.002936111188875946,0.004349537662862651
CAPODIMONTE,0.006886247971644066,0.0010634474773316,0.0033775146596631,0.008104872364951768,0.0023528224107552333,0.004853108901050234,0.0023224372576001995,0.0006045984934825986,0.0017350648853486509,0.0026392106527076903,0.0011031958813242763,0.002279908449265731
CAPRANICA,0.008050147455643624,0.007861966442066532,0.008874504321916075,0.011661688313551025,0.011303254085546,0.01341121679718665,0.013820874187873634,0.013433008345532316,0.01492532844835658,0.01970188150889373,0.01896170559800128,0.022088919356050115
CAPRANICA PRENESTINA,0.014082874956130633,0.010186945633295266,0.0138404307869702,0.022374055549868568,0.018947757295099565,0.02526797795254407,0.014073329669197958,0.002533033100098033,0.004685011250124595,0.021404670866183806,0.006030911877259436,0.00981766247648756
CAPRAROLA,0.0010652304738754,0.0010652304738754,0.0010652304738754,0.0018294064443385,0.0018294064443385,0.0018294064443385,0.0013134958422788348,0.0013134958422788348,0.0013134958422788348,0.00202894840659109,0.00202894840659109,0.00202894840659109
CARBOGNANO,0.0002535784383854,0.0002535784383854,0.0002535784383854,0.0007482259131704,0.0007482259131704,0.0007482259131704,,,,,,
CARPINETO ROMANO,0.0001956408737585,0.0001991523766208,6.270540825594931e-06,0.0006186933614586,0.0006186933614586,1.2541081651189862e-05,,,,,,
CASALATTICO,0.01019530708689976,0.00859055362109416,0.00859055362109416,0.01713802083829726,0.014610042338313839,0.014610042338313839,0.006133099715052071,0.005306776229517902,0.005306776229517902,0.010689306577158506,0.00957966611549339,0.00957966611549339
CASALVIERI,0.0066643679350224935,0.007190649530260706,0.007190649530260706,0.009991825161352358,0.010329864719809848,0.010329864719809848,0.00464155980296192,0.005606264812363429,0.005606264812363429,0.0063239100954366745,0.00707358115324284,0.00707358115324284
CASAPE,0.0017391680789428,0.000180745621571,0.000999040911513,0.002838074336565,0.0006392931952672,0.0018646051528626,,,,,,
CASAPROTA,0.0007962467095612499,0.0007962467095612499,0.008938196954168049,0.0021397513500491,0.0021397513500491,0.01236345030712465,0.0005221500567259362,0.0005221500567259362,0.0037622072298227885,0.0009037551242309564,0.0009037551242309564,0.005566672084678681
CASPERIA,0.00344223050473818,0.00344223050473818,0.00344223050473818,0.00584087870006834,0.00584087870006834,0.00584087870006834,0.002032901832231584,0.002032901832231584,0.002032901832231584,0.0028949088768324264,0.0028949088768324264,0.0028949088768324264
CASSINO,0.014685950271776606,0.015032411038808584,0.013665927839179725,0.02307871598480281,0.025236166830282233,0.025203699646223345,0.010565480606124151,0.010552988190613904,0.009151579358957447,0.016393417332653103,0.018425281422089566,0.019172105414462987
CASTEL DI TORA,0.0003070575271136,0.0036288616840702,0.0132719087745686,0.0007053618658035,0.0063332490929596,0.0191348165723307,,,,,,
CASTEL GANDOLFO,0.0010071351891715666,0.0016590468932954,0.0008684822071296332,0.0023061639195874335,0.003702492868916333,0.0023789402841267334,0.0014021220700082488,0.0012498034427148106,0.0001616698214457161,0.0031612744339231218,0.0027240431314547956,0.0002484894229125444
CASTEL MADAMA,0.00355045864479172,0.0035508548904624963,0.003520296438670156,0.00558677371641075,0.00567260644362675,0.0054639630030807,0.0018904848183212953,0.0019368309971639617,0.0018852705908935607,0.0029145152708091814,0.003036087922533767,0.0028906047885147875
CASTEL SAN PIETRO ROMANO,0.00297866067712385,0.00297866067712385,0.00236579046364725,0.005819009911886025,0.005819009911886025,0.00466162456903335,0.00297879457518708,0.00297879457518708,0.001034932304230394,0.005597039117617633,0.005597039117617633,0.0022284988775497262
CASTEL SANT'ANGELO,0.0049557153393795855,0.0021881061808954713,0.006438533071919642,0.008145938336859943,0.003916197039245914,0.008802331313784072,0.0018330340319092824,0.0011010742064027858,0.0019415697974253514,0.0025538981235437752,0.0013829402234532516,0.0025106378291679834
CASTEL SANT'ELIA,0.019267325592120875,0.019932337990555524,0.019267325592120875,0.026289276727808626,0.026332900735888128,0.026289276727808626,0.023748766884923642,0.02459491574103056,0.023748766884923642,0.03241187925054187,0.032818828024049014,0.03241187925054187
CASTELFORTE,0.0036954563625992165,0.0029781498900843003,0.0036620749762544167,0.00563529376724925,0.004301642393242017,0.005514223597596383,0.0030789835967200683,0.0026464190969172656,0.0030637382026594308,0.004601809645120561,0.00379820933650365,0.004559609007836389
CASTELLIRI,0.0013327357624143001,0.0012855242695874,0.0013051714281953,0.0025307173024718506,0.002670781996506075,0.0027345868601901004,0.0003761931031608544,0.0004835196554726375,0.0004829851031649865,0.0006203282890645461,0.0004940495618207798,0.0004864361991082519
CASTELNUOVO DI FARFA,0.0001458092831619,0.0033251033176932,0.0042129922486794,0.0006516616007238,0.0054983947561071,0.0061364800734825,,,,,,
CASTELNUOVO DI PORTO,0.0022886203103291143,0.0033357967862312566,0.0023051588165135715,0.0038281954927636428,0.005109724170956715,0.003870771431431086,0.0015635243735859245,0.0027866866696041603,0.0015831180110873865,0.0024860329418764965,0.004422500121999579,0.0025809762363084333
CASTELNUOVO PARANO,0.009939030513833729,0.0019367641996812716,0.0019690322492483857,0.011631043039568129,0.0033645557355127718,0.003761857702454557,0.0054518661025466835,0.0017460650012479661,0.0011237132960984371,0.006750424365038862,0.002975772700491659,0.002377693871772814
CASTIGLIONE IN TEVERINA,0.006360488649099234,0.006360488649099234,0.006360488649099234,0.009401622137549833,0.009401622137549833,0.009401622137549833,0.00768144412038845,0.00768144412038845,0.00768144412038845,0.01088957309116986,0.01088957309116986,0.01088957309116986
CASTRO DEI VOLSCI,0.002852337748751011,0.0034724048762778664,0.002852337748751011,0.004423530835004878,0.005127322296124799,0.004423530835004878,0.0015238438706178547,0.0017413313110692795,0.0015238438706178547,0.002042793318225102,0.0024008306132865414,0.002042793318225102
CASTROCIELO,0.014236879305748672,0.019913403223214346,0.007436941064542655,0.019256803041928613,0.02706881696402911,0.010777436336039808,0.011356384988786954,0.01807687829721318,0.00887328584313805,0.01479729666025623,0.02308514504704868,0.011613434767730869
CAVE,0.0054068343860751,0.005506026793888776,0.0055300543722207,0.0084854257560454,0.008986034005108775,0.009318632458364375,0.003495718330828071,0.003462253788578222,0.0032588959074553647,0.005513903240946384,0.005648412373038108,0.005085355953800891
CECCANO,0.0050123021290902235,0.00513785551553004,0.0049282303308439855,0.008226869470890285,0.008113466038093344,0.007998913498513331,0.006739897386308722,0.006166334236428301,0.005704367413391675,0.009461439674295653,0.008568669212719588,0.007429395853369762
CELLENO,0.00042739867664349997,0.00042739867664349997,0.0005878124591452,0.0009590301333012,0.0009590301333012,0.00117739569636875,0.00033746324029149295,0.00033746324029149295,0.0006722775739391308,0.00044449143777562113,0.00044449143777562113,0.0011666481444578519
CELLERE,0.0001580896803653,0.002128519456439,0.0020576952796353,0.0004900780091325,0.0024661990136994,0.0022343341491635,,,,,,
CEPRANO,0.002380980471916125,0.00245167794154485,0.0018032067377619751,0.004335205671062075,0.00462733077746525,0.003619387845295025,0.0014758861660098194,0.0016385402480830356,0.0010658666187275368,0.0023611370718746023,0.0028150585564360175,0.001918221517591721
CERRETO LAZIALE,0.004316583472260349,0.00933643544734615,0.00933643544734615,0.00735135440675985,0.01392950473733645,0.01392950473733645,0.006032273964815711,0.010426936224765225,0.010426936224765225,0.010186568157999988,0.016072458738397636,0.016072458738397636
CERVARA DI ROMA,0.02897520733975895,0.02968052817493975,0.033109690093126726,0.04868606915605535,0.050209594797695246,0.0530152569065153,0.04637176133617652,0.04678467478029337,0.046624806083825875,0.07857496647390623,0.08014030305202746,0.07848227030343828
CERVARO,0.008540562174669392,0.0070165991145988765,0.008014536996686125,0.013608122561479669,0.01084619674250554,0.012931053555710786,0.004504834092772186,0.004758845867789748,0.006161062953850626,0.006955235832212498,0.006873564839881435,0.009179757341485484
CERVETERI,0.01101300540275809,0.01163390506092832,0.01088509061993807,0.014080173472046261,0.014330793098176878,0.013766253420665087,0.008326578557494597,0.007813918661083313,0.00808544128701631,0.01082137515271826,0.009673077549772214,0.01039821722322987
CIAMPINO,0.0025062274760975713,0.0024805246628792714,0.0032710402912094006,0.006739444005301528,0.006742445744163142,0.008761214015122544,0.0012114380012867218,0.0011875687486226716,0.0017034231238055567,0.003191371058975262,0.003154366742641729,0.004824630175311603
CICILIANO,0.0011339532686258501,0.00678295983478075,0.00678295983478075,0.0031181643159036002,0.0084264974958917,0.0084264974958917,0.0014319941674062592,0.005301572148583956,0.005301572148583956,0.0037955756271082133,0.006537008186294761,0.006537008186294761
CINETO ROMANO,0.0036210612843393,0.0036210612843393,0.0046940974078545,0.0053813450070524,0.0053813450070524,0.0077812117551400994,0.00034985443070533276,0.00034985443070533276,0.0005283961345180894,0.00014538540576162104,0.00014538540576162104,0.0006182281530047591
CISTERNA DI LATINA,0.010548110532942958,0.010548838103202484,0.011622886218354642,0.01320676018323926,0.013164747981941536,0.015542126611715154,0.006297534570454388,0.0062397235651202865,0.007348426885000669,0.007156971431116231,0.0071052327389051605,0.008643600892548009
CITTADUCALE,0.00858331055772389,0.008546826013383971,0.0067984072178239804,0.011429828293798008,0.011339148231400299,0.00937336447254102,0.005099371891677531,0.005093477633921988,0.0045994023388643045,0.006857449682849256,0.006851091448850367,0.006221693993454801
CITTAREALE,0.0067706108555092405,0.0067706108555092405,0.028954818149404184,0.00973445764128238,0.00973445764128238,0.02950217304822808,0.005683972927415596,0.005683972927415596,0.015356883658075861,0.006944762689453031,0.006944762689453031,0.015160347853848136
CIVITA CASTELLANA,0.0032171574188038163,0.003165758672146933,0.002939815550544383,0.004281539885531217,0.004130260431421683,0.004215675894394433,0.0021640354380707146,0.0023440951060079715,0.002003734611148358,0.00250755821682934,0.002662633588543668,0.002590881717905035
CIVITELLA D'AGLIANO,0.003928337189620718,0.003928337189620718,0.00665750078312955,0.005548244322283398,0.005548244322283398,0.008852483021198317,0.003579479997630499,0.003579479997630499,0.0030563136384058115,0.004785331931302633,0.004785331931302633,0.0030849230195375715
CIVITELLA SAN PAOLO,0.00173395630912275,0.00173395630912275,0.00182933280008065,0.00337396072701155,0.00337396072701155,0.0035154180782923003,0.0022545596175081333,0.0022545596175081333,0.0023435294863446803,0.004312372436977079,0.004312372436977079,0.004339418368699101
COLFELICE,0.00096810027467625,0.0007909491965602999,0.0012380202996981,0.0020111702691482,0.0013925753688634,0.0024642413810487002,0.0005311569519699798,2.0754812519084395e-05,0.0011727541943021271,0.001137662184999852,0.0006084697149204562,0.0020160240650878665
COLLALTO SABINO,0.0514334532789176,0.01175816064195025,0.050655146454081854,0.07868886357220065,0.020459150781078,0.0780617598499769,0.039016844815375346,0.016426818973761713,0.038568587440056215,0.06104155644294069,0.02810370136670592,0.06066540994166851
COLLE DI TORA,0.0042379463206872,0.0007153844738358,0.0137086365206634,0.0074836319071483,0.0021381805448995,0.0217804492794001,,,,,,
COLLE SAN MAGNO,6.903885731577536e-05,6.903885731577536e-05,0.0067160358174857,0.000133796235108,0.000133796235108,0.0111719856315256,,,,,,
COLLEFERRO,0.004067675832730225,0.003980760032555925,0.003947641744308025,0.008634835044683549,0.008535034206260676,0.008816546005864026,0.004417174890915255,0.004218828353380428,0.004577613133839455,0.00974474771672405,0.009339568188703278,0.010761743092944987
COLLEGIOVE,0.0367198857253235,0.0151312271934342,0.0518093219103187,0.0557693802272289,0.0257230862288381,0.0799793437367236,,,,,,
COLLEPARDO,0.00949912011006445,0.00949912011006445,0.01322830442376165,0.0173882259627444,0.0173882259627444,0.01990093046508715,0.013377893016575156,0.013377893016575156,0.006363956100053959,0.024422197774193313,0.024422197774193313,0.0088695352134743
COLLEVECCHIO,0.004593236299109511,0.004593236299109511,0.014030990122380167,0.006920657288364189,0.006920657288364189,0.018637957542570232,0.003013081911534259,0.003013081911534259,0.00782080771023912,0.004498663736091982,0.004498663736091982,0.009544038030870294
COLLI SUL VELINO,0.0002148570149096,0.0002148570149096,0.0180823663747974,0.0003274011655766,0.0003274011655766,0.0223860546963022,,,,,,
COLONNA,0.0023647702671960335,0.0023647702671960335,0.0023647702671960335,0.004757585071937267,0.004757585071937267,0.004757585071937267,0.003151120290562425,0.003151120290562425,0.003151120290562425,0.0059221343694316345,0.0059221343694316345,0.0059221343694316345
CONCERVIANO,0.010829279061482549,0.010829279061482549,0.034363804455517,0.020643778508800947,0.020643778508800947,0.052021500735068296,0.009257323758635003,0.009257323758635003,0.03726370398491448,0.01792777936412516,0.01792777936412516,0.055267662135934814
CONFIGNI,0.005253442104414634,0.01618164974756588,0.014725678580235381,0.009270346768103349,0.02509800157653135,0.021841290247700217,0.0043114405971013394,0.00608051596145646,0.0057759084786224634,0.006740379347037873,0.009012590480864897,0.008257611059626142
CONTIGLIANO,0.006771962673214011,0.006771962673214011,0.0072849230141138555,0.009160563066470078,0.009160563066470078,0.008825082718565445,0.003998401348381375,0.003998401348381375,0.0049705744222576075,0.00496463472984816,0.00496463472984816,0.004849308989857206
CORCHIANO,0.0009961425722470178,0.0009961425722470178,0.0011312521581313,0.0016970648595394677,0.0016970648595394677,0.002276959717646725,0.0007517093837869193,0.0007517093837869193,0.000778562450915206,0.0012062235340613188,0.0012062235340613188,0.0013291046180915205
CORENO AUSONIO,0.00317082051050145,0.00335015482239875,0.00335015482239875,0.0049836474654637,0.0051962781734327,0.0051962781734327,0.004331176926965546,0.004580259411410048,0.004580259411410048,0.006613382553617019,0.006847959198192911,0.006847959198192911
CORI,0.004067217153566425,0.0036342494168763746,0.004894805874465625,0.0060942805650779745,0.005627380256128776,0.007553669405989525,0.0026308088990046083,0.002410195189921932,0.0034495136062722615,0.0038657871625794567,0.003582810141963377,0.004933136240595321
COTTANELLO,0.007744600622829351,0.007744600622829351,0.006032135456749892,0.014490266314489382,0.014490266314489382,0.010710667480188183,0.004397895178143891,0.004397895178143891,0.0036867370545668123,0.008351219667387085,0.008351219667387085,0.006650753834091645
ESPERIA,0.0026171193870805,0.0026171193870805,0.0027037061876594003,0.0034615893602263003,0.0034615893602263003,0.0038396633838928,0.0035190192803999363,0.0035190192803999363,0.0035497030670591347,0.004542025427192158,0.004542025427192158,0.004873931662497634
FABRICA DI ROMA,0.0016847512527404665,0.0022682556894591,0.0024984879629087334,0.0024883889819027334,0.0031995698736938002,0.0034684957729427,0.0007533001347314785,0.00042855083601924497,0.0020993800587625856,0.0010799728937660182,0.0007827704497203072,0.0027003477751123307
FALERIA,0.0009621546147403848,0.0009015826121860671,0.0010007851715766495,0.0018116169030216334,0.0017172473989872667,0.0019404872369825,0.0008403706026491441,0.0008063431607471302,0.0008565895765908462,0.001343601891496667,0.001288480062241598,0.001453326234371616
FALVATERRA,0.005934720921465179,0.005934720921465179,0.005934720921465179,0.00838290776920452,0.00838290776920452,0.00838290776920452,0.001788049413550465,0.001788049413550465,0.001788049413550465,0.0022835623671472773,0.0022835623671472773,0.0022835623671472773
FARA IN SABINA,0.009288740758122452,0.009748359053940645,0.006399596560127659,0.013998640966913837,0.014398053376513932,0.009227395207803087,0.009312791357759186,0.007518130282033056,0.004246926348166693,0.012443953000510845,0.01039931594543489,0.0057782000436932685
FARNESE,0.0002751884372135,0.0016903888075373,0.0014521716700602,0.0008385243239193,0.0027315565097372,0.0019819665838093,,,,,,
FERENTINO,0.006939963716465124,0.007368306333730463,0.006421166052878309,0.010147524620396961,0.010662757427025896,0.010871165127852791,0.004795735781440523,0.004896893265619451,0.004794503122155625,0.006215517574941746,0.006350097943511462,0.006826186067390031
FIAMIGNANO,0.006165271054179093,0.006165271054179093,0.006165271054179093,0.010073220846953964,0.010073220846953964,0.010073220846953964,0.0033955904177300224,0.0033955904177300224,0.0033955904177300224,0.005540405985762967,0.005540405985762967,0.005540405985762967
FIANO ROMANO,0.0009870877854766,0.0009967174451244,0.0001035426770045,0.0022882359559007,0.0023104826943608,0.0002192892791071,,,,,,
FILACCIANO,0.0001866755278451,0.0011873941712434,0.0019240734354914,0.0006890707403681,0.0020411110566964,0.0028084852902881,,,,,,
FILETTINO,0.0135318479067827,0.0001041501702296,0.0135318479067827,0.0227120458939358,0.0002558074356517,0.0227120458939358,,,,,,
FIUGGI,0.001369015919506,0.001369015919506,0.001369015919506,0.0020922958138509,0.0020922958138509,0.0020922958138509,0.001569684316337336,0.001569684316337336,0.001569684316337336,0.002250662997692628,0.002250662997692628,0.002250662997692628
FONDI,0.0120003963794405,0.011917949818797055,0.013132435721266673,0.015624949229428,0.0153077866484502,0.017565721310824605,0.013201688736950903,0.012251655315373498,0.015786059450868015,0.015647398769296512,0.014507854669219902,0.019107440557077766
FONTANA LIRI,0.005819096299040899,0.008490952931572834,0.0073733999565477335,0.0093484204556965,0.013895862614090667,0.011187146172432367,0.0063254421149589925,0.010316630632130772,0.008921929286482763,0.009796102924475554,0.015557022305405031,0.012540403286868826
FONTE NUOVA,0.00243768416835434,0.0027400928695952,0.0025718726784226603,0.00435234742173468,0.0049732126383386,0.00430156558753356,0.001586634992329231,0.0017141250719616519,0.0015997239911702355,0.0026475219163035984,0.0029427487451048925,0.0025485644311797544
FONTECHIARI,0.0062472665786675345,0.006506235295193866,0.009442927982570232,0.009925934071260868,0.010514360279143967,0.0139201735421464,0.005381927962152864,0.005449985988791819,0.00418414274659891,0.008368838184605865,0.008513203595154574,0.007053260504257822
FORANO,0.0025302079663904,0.0033193623286398998,0.002931958525934033,0.0033621135047414,0.004479303838202634,0.003862196525275,0.001823679369977026,0.0032175719631810573,0.002938255261520654,0.0021272825817410706,0.0038056123608802258,0.00340031335164461
FORMELLO,0.006752212592859287,0.006915600988063242,0.0057535114725865855,0.009353257023715072,0.00979550420438917,0.008648636269140144,0.006953175197303001,0.007073423848111678,0.006630206049756482,0.008426640539859588,0.008767632926862343,0.008573708513863796
FORMIA,0.008878076763535109,0.00777952773861029,0.00794663343758423,0.018584017954450312,0.015298560137211408,0.01764011612314009,0.008993425082729678,0.007136764595858145,0.008542999277778154,0.01836236168700844,0.01338413525358904,0.017816021094741827
FRASCATI,0.0021573344093823,0.0022184593671344,0.0018314311986189,0.0061462931452122,0.0061994032980774,0.0065325488024133,,,,,,
FRASSO SABINO,0.0017905132565059498,0.001141468366578727,0.00523029422827075,0.002460302941890775,0.0021738100875071252,0.006929768408761975,0.0015508481247114693,0.0013196568930772163,0.002601018604769204,0.001816812418589023,0.002221648129876715,0.003338967437009106
FROSINONE,0.006386554192413441,0.006119244265672392,0.006119312301057992,0.01220426912235712,0.011861796899630718,0.012109219643999651,0.0066044759985979095,0.006006430534923837,0.006376524942767464,0.011884511440388962,0.010665561157095405,0.01177936701874721
FUMONE,0.00470548793350616,0.00524934602460318,0.00470548793350616,0.00895502598326884,0.009234088209492262,0.00895502598326884,0.0020516123377368853,0.0037487414109570434,0.0020516123377368853,0.0035571395803757552,0.005940795477151517,0.0035571395803757552
GAETA,0.02526516914610325,0.02526516914610325,0.024501762231841202,0.0338295164191999,0.0338295164191999,0.0311273695629594,0.034723855177625995,0.034723855177625995,0.033682679637466774,0.045178515610195875,0.045178515610195875,0.041767083310066226
GALLESE,0.0036338230683174003,0.0023600270550264333,0.002087175408620367,0.003886724511960867,0.0033113793634606662,0.002778979963367933,0.0014185774426206336,0.0024544997509422777,0.002098554637863159,0.0015530769737979312,0.0035020464707005415,0.002899333467705325
GALLICANO NEL LAZIO,0.005300486115174425,0.00431924925980575,0.0039435771182225,0.012356044765029349,0.010666500533266425,0.00958309750142595,0.003912791517030421,0.003486709151505799,0.0032941329761677104,0.00880874317059608,0.007461232169568266,0.0069021714840195115
GALLINARO,0.0048498119306211685,0.0048498119306211685,0.009301566228015666,0.008271404917682936,0.008271404917682936,0.0124321456571278,0.005417044080954363,0.005417044080954363,0.004345810610356364,0.00884148159477593,0.00884148159477593,0.005554752648669775
GAVIGNANO,0.003759335709063238,0.0037485722345925823,0.003581350728730449,0.006438078317549401,0.0063502621287693855,0.0064322491024865905,0.002289325163112817,0.0022923656211896264,0.0019657057366604448,0.0038109781299131675,0.003741309464384922,0.0035871999656001924
GENAZZANO,0.030395983171926044,0.009866398992270719,0.010321997183913781,0.0331642738978493,0.014998383165954698,0.015244542375476181,0.026129459633432394,0.009369425271530457,0.00971579653943178,0.02720132961200747,0.013931412079238568,0.014084178217961959
GENZANO DI ROMA,0.005308162166550038,0.005293007467399687,0.0060232132553448,0.009212704662032162,0.009055184973724737,0.011074837030763937,0.0026485419878386415,0.0026373904837207218,0.003130709200071401,0.004741520093581282,0.004639765633919386,0.005561740243108066
GERANO,0.00102169875664545,0.01225152740848795,0.01225152740848795,0.0031571927028776503,0.0196814448627229,0.0196814448627229,0.000806401749971505,0.012242280378589078,0.012242280378589078,0.00231081852626,0.019888007285998068,0.019888007285998068
GIULIANO DI ROMA,0.004206792670192081,0.00431585859377956,0.004206792670192081,0.0055353821160732996,0.005883539235342601,0.0055353821160732996,0.0025441258608770658,0.0025812474204112653,0.0025441258608770658,0.003041622537819481,0.003178958375395785,0.003041622537819481
GORGA,0.00420497418878655,0.00420497418878655,0.0091646496614726,0.007008143045991001,0.007008143045991001,0.014968153585565698,0.005677877177017562,0.005677877177017562,0.0014791144106248853,0.0091753398351972,0.0091753398351972,0.0020556334753664687
GRADOLI,0.00028184025571345,0.00028184025571345,0.00028184025571345,0.0009298920604406001,0.0009298920604406001,0.0009298920604406001,0.00016077178601439326,0.00016077178601439326,0.00016077178601439326,0.00039113993320173505,0.00039113993320173505,0.00039113993320173505
GRAFFIGNANO,0.0027133684936622247,0.0020953233892767502,0.0033314135980477,0.004274474919473925,0.003392259798014075,0.005156690040933775,0.001118283889212835,0.0019603219712287716,0.002362910456990875,0.0017573433429588555,0.0023368698246530708,0.0032440121658296665
GRECCIO,0.00295413304144968,0.00295413304144968,0.00275506961213164,0.00607641262601758,0.00607641262601758,0.00516142537679488,0.0021934620072604797,0.0021934620072604797,0.0021553822712384284,0.004568075025712799,0.004568075025712799,0.004474769151929605
GROTTAFERRATA,0.005120104893422701,0.005072501353836375,0.00531221535900605,0.015153562441274613,0.015499504718021449,0.014985184577966139,0.0032817203596477423,0.0032903004436899697,0.003364338641777206,0.009766303569107048,0.009631940595448302,0.00924081760014295
GROTTE DI CASTRO,0.0006367084760883,0.0007237332330977,0.0006367084760883,0.0014107528968322,0.0014107528968322,0.0014107528968322,,,,,,
GUARCINO,0.001601420281235598,0.002471087172621856,0.002471087172621856,0.0027528347772798004,0.004475453092178375,0.004475453092178375,0.0011433207021257184,0.0018430455377716761,0.0018430455377716761,0.0020560350628311156,0.003280193913174368,0.003280193913174368
ISCHIA DI CASTRO,0.0001023391987867,0.0002605240700184,9.352146103227784e-05,0.0001291486842826,0.0006724638388511,0.0001336020871889,,,,,,
ISOLA DEL LIRI,0.005763144483745401,0.005816535239297228,0.004982177204961815,0.011309126124752586,0.011956814318239957,0.01018705459323473,0.0030879011799934777,0.002866165402253634,0.002521977241127713,0.005399287784751579,0.0054073098181230605,0.004949373033522227
ITRI,0.00957804155583002,0.009488417511563341,0.00928967840540448,0.017378554959868543,0.01691763985054116,0.01665016795730852,0.011223051064567382,0.01101998910915821,0.011122137636600252,0.01858220532663311,0.018158011263456116,0.018263057750500186
JENNE,0.0125115820489947,0.0150428099193171,0.0125115820489947,0.0220933383138736,0.0235848025472286,0.0220933383138736,,,,,,
LABICO,0.0020514442588462,0.0019799267893172,0.0020368438065894,0.00329129084903725,0.0030197719233693,0.00300003467928315,0.0020467390079278364,0.0020344550068360574,0.002044231201476561,0.0030967726906858143,0.0030817432380818998,0.0031358208474818326
LABRO,0.0040053108864396,0.0040053108864396,0.01649396145238025,0.00563594138147825,0.00563594138147825,0.0201565540164865,0.0014027326211800588,0.0014027326211800588,0.012784282130270185,0.0017393269192995942,0.0017393269192995942,0.014937959067561199
LADISPOLI,0.0072959155339253805,0.00764105459287526,0.00783401854226872,0.01151949902113992,0.01244002108484548,0.01294117317775014,0.007209842195213609,0.007647144359164398,0.007848721964302278,0.011059658113578334,0.011981551725026334,0.012330595906464197
LANUVIO,0.008956099899899789,0.006070463423671738,0.0055337488587858625,0.013487054637615964,0.010204105161282263,0.009547076540922026,0.004891504073964123,0.00341193871108674,0.003121063027246808,0.0070246351174146114,0.005584596187672094,0.005080910870859036
LARIANO,0.0009679058156074,0.0010542936711126,0.0008659892530917,0.0023820735025853,0.0019976249309655,0.0022815640720965,,,,,,
LATERA,0.001933011077365,0.001933011077365,0.001933011077365,0.0028038827675455,0.0028038827675455,0.0028038827675455,,,,,,
LENOLA,0.0034187178384024568,0.0034364657975227858,0.005431548496181843,0.005641953402711957,0.005807404615304643,0.009003263936259399,0.0016156172603511688,0.001610834143042817,0.002518027645596314,0.0031350029039467573,0.0025053939595982163,0.004218793192945456
LEONESSA,0.008871128644863701,0.008871128644863701,0.008871128644863701,0.011897793558524779,0.011897793558524779,0.011897793558524779,0.005823987412184221,0.005823987412184221,0.005823987412184221,0.006548699810049469,0.006548699810049469,0.006548699810049469
LICENZA,0.004442197754103037,0.0042539827444959,0.03276913182842895,0.00871880687043825,0.008086803469946599,0.04139891826923715,0.006152396781289458,0.00585013354488913,0.03667544801995872,0.011408551887895716,0.010741284345113131,0.04668974889890922
LONGONE SABINO,0.00881514920834125,0.00881514920834125,0.014923305497959076,0.0135431531737655,0.0135431531737655,0.021084484348697502,0.006914251320676969,0.006914251320676969,0.006508780255727668,0.010432920625141963,0.010432920625141963,0.009205489566891087
LUBRIANO,0.0002123123813439,0.0002123123813439,0.0018350916317558,0.0007341026394564,0.0007341026394564,0.0032003575742595,,,,,,
MAENZA,0.0031133991056290513,0.003207259192158337,0.003207259192158337,0.005238256893190767,0.005415011012902867,0.005415011012902867,0.0027274662908567124,0.002804833509511005,0.002804833509511005,0.004716125936548226,0.004862520719091393,0.004862520719091393
MAGLIANO ROMANO,3.248932456794853e-05,0.0001060544380539,0.0001060544380539,5.41488742799142e-05,0.0001276366322312,0.0001276366322312,,,,,,
MAGLIANO SABINA,0.00429487773258985,0.004208301684179484,0.0048735304772441835,0.00644037657236375,0.006262513260763516,0.0077739104401447,0.0031446694395287455,0.0030846989049807877,0.0033800391728952624,0.0048953322949691225,0.004604114930147194,0.005334992443415862
MANDELA,0.0002865590368255962,0.0002865590368255962,0.0018146203618203,0.00058397487197665,0.00058397487197665,0.0032765657667255003,0.0002680446495071877,0.0002680446495071877,0.0003460118469994594,0.0005426314131333771,0.0005426314131333771,0.0006742469241713025
MANZIANA,0.00392154534811545,0.00417618124481635,0.00446955577518535,0.006434839807675424,0.007186302607429725,0.0084592301338538,0.004730006610980356,0.004940565380864486,0.0045334052741327615,0.006808652272140097,0.0076293458536536565,0.007575632547834766
MARANO EQUO,0.0003859246434178,0.0004897781188891,0.0023266597550021,0.0013248797282341,0.0016311691277721,0.0042666825656572,,,,,,
MARCELLINA,0.0026108662852265666,0.0029586310878792,0.0028207776145082416,0.0038316952817625664,0.004501502929394333,0.004345971311610766,0.002671066225976417,0.0029977563724311717,0.0027871565472998975,0.0035684246357776343,0.00432456596337409,0.004024376195082872
MARCETELLI,0.0297284884949199,0.0263370602724464,0.0300077976571788,0.0517618814461391,0.0487723338378637,0.0500108607041492,,,,,,
MARINO,0.00432522361991755,0.0029530378748001,0.0031104304141826,0.00967555875131,0.006817675192497151,0.0067463540383639,0.003535103329114143,0.0024834336777732322,0.002576016872096791,0.00805606689464439,0.005765064316334977,0.0050866159139128725
MARTA,0.0001898695439155,0.0001898695439155,0.0001898695439155,0.000655341688219,0.000655341688219,0.000655341688219,,,,,,
MAZZANO ROMANO,0.0004676150199466,0.0004676150199466,0.0004676150199466,0.0018669040720301,0.0018669040720301,0.0018669040720301,,,,,,
MENTANA,0.00221577583323886,0.00189073187742442,0.0018108525545182086,0.0053312850460432,0.004127136512508,0.0039023784589875205,0.003057233306077431,0.00260282311192391,0.0024527163891413925,0.007479098615753204,0.005896754003599219,0.005565997229613231
MICIGLIANO,0.0083870253260403,0.0084560070285163,0.0089043880946103,0.0139081164019898,0.0141157002288851,0.0145468358693601,,,,,,
MINTURNO,0.0038408005766458727,0.004134048264297627,0.0037082131600594728,0.007231438331493299,0.007684733976077044,0.006903787412568672,0.0014614694821065933,0.001631318758298348,0.00111902087540624,0.0029300963282273672,0.003234855999057818,0.0024589905931668215
MOMPEO,0.0047905311214651,0.0047905311214651,0.0147818387687496,0.007361753545120151,0.007361753545120151,0.0223505032012858,0.002480887430874739,0.002480887430874739,0.011190688058713025,0.0034298767452501846,0.0034298767452501846,0.0154372715602234
MONTALTO DI CASTRO,0.017503021948309876,0.017103875676488224,0.009918887966326213,0.019478985582275475,0.018500806440845376,0.014792295403325526,0.014055042701822597,0.013790335946887545,0.0058994241936996,0.016322033993654485,0.015665620618184353,0.009710100134162137
MONTASOLA,0.0062680952190353675,0.001643854628101904,0.005546610004162467,0.010561582405284932,0.0031506552094597087,0.009101979441486167,0.001863941452744089,0.0016781167300736705,0.0017074597036471257,0.002277110903346486,0.0030947276131815115,0.001972634123529942
MONTE COMPATRI,0.006746003723135424,0.005045725823550792,0.004062806320333825,0.011559907019467276,0.008782414518131417,0.007636756547307082,0.003634467130434424,0.003162268132478692,0.0020805289738037615,0.006684649183367231,0.005697161397807247,0.003502613976219358
MONTE PORZIO CATONE,0.00101799516797348,0.00154434643338398,0.00150703276065574,0.0018853842819355,0.0031368158223605397,0.0031760318690327604,0.0007610822588149518,0.00157369359969318,0.0015181438112680933,0.0012900100333930618,0.0029992922838975515,0.002998161798776041
MONTE ROMANO,0.0001135064329141,0.0001135064329141,0.0001232754291895,0.0003023736942385,0.0003023736942385,0.00037990541071,,,,,,
MONTE SAN BIAGIO,0.0056531468313639885,0.006026843355256755,0.006770120785551623,0.008254821370342055,0.009011071291923956,0.01027359161715568,0.004926716945090384,0.004947146003179088,0.0036050203871870225,0.007541503651474296,0.007547699824850281,0.005784460425204356
MONTE SAN GIOVANNI CAMPANO,0.00320164548634177,0.0033771468086609777,0.003326230432766481,0.0048663035538827025,0.005116020752991656,0.005142780571130933,0.0010843295702708748,0.0011609208978620995,0.0018155733260938047,0.0015631134516412683,0.001739330581500551,0.0025940902540641285
MONTE SAN GIOVANNI IN SABINA,0.003409671601436983,0.003409671601436983,0.03908034154538754,0.005953380638051901,0.005953380638051901,0.04920598560453037,0.0026115516028492997,0.0026115516028492997,0.01596960449194932,0.004177179376371898,0.004177179376371898,0.015758153520536902
MONTEBUONO,0.002894655699824894,0.002848235875027387,0.017703983722148032,0.005408739647587223,0.005563113058623667,0.026911555926865185,0.001693096160203581,0.0016473900607941801,0.006993415453022057,0.003102168529404323,0.003136577544759748,0.010681292554304212
MONTEFIASCONE,0.00172161628126532,0.0016997137311044598,0.0018297250974902,0.00296937367107298,0.00291250563367136,0.00354453639204892,0.0008819047702437994,0.0008591404693797034,0.0012143556007817853,0.0010731573554114738,0.00097752490980556,0.0019304413425685547
MONTEFLAVIO,,0.0001241044708193,0.0001241044708193,,0.0004796308050989,0.0004796308050989,,,,,,
MONTELANICO,0.009042109991435749,0.008754055523981492,0.008754055523981492,0.01155182354121405,0.011408614270555001,0.011408614270555001,0.012617508507201666,0.012293048253189599,0.012293048253189599,0.01595674006954101,0.01592694132789227,0.01592694132789227
MONTELEONE SABINO,0.00189157776192295,0.002330822527626415,0.002330822527626415,0.0031158755857335,0.0037545497163877,0.0037545497163877,0.0007772545388764348,0.003193890880022225,0.003193890880022225,0.0013099285648696614,0.004883110337720503,0.004883110337720503
MONTELIBRETTI,0.00402583449335472,0.00420927899702748,0.00449070714271894,0.00644716469056736,0.006620582716287659,0.007536954191593839,0.0028358692446218635,0.0031326835115369415,0.004813603081512384,0.0042840232099109875,0.004380475724381366,0.00604723804998581
MONTENERO SABINO,0.007685789163878032,0.007685789163878032,0.017544732521209364,0.014257864057753167,0.014257864057753167,0.027532481547949867,0.0026345277613388355,0.0026345277613388355,0.00474674376102437,0.005283842260578389,0.005283842260578389,0.00780033527483133
MONTEROSI,0.0006936519869596501,0.00077779927176865,0.00077779927176865,0.0017896025258962499,0.00201951775170165,0.00201951775170165,0.0008324092846778487,0.0009248932135954349,0.0009248932135954349,0.0020688188320076607,0.002318631975900985,0.002318631975900985
MONTEROTONDO,0.00160077473577385,0.0014483361272332501,0.0014115551065378,0.0032663803733234,0.00301919572655175,0.0032576807545097505,0.0010233963968658685,0.0009222529078196869,0.0009083641417126471,0.002196561613361207,0.0019995179836635652,0.002193755925059035
MONTOPOLI DI SABINA,0.0039491907467957,0.005562017254570611,0.005392959685072833,0.006355104754605766,0.009102415317831156,0.008383688291894266,0.0029098037371665616,0.004253449137159888,0.0042953315483891565,0.004405433868273988,0.006707404271317899,0.006626170017277431
MONTORIO ROMANO,0.0002815032620352,0.000220890820806,0.0001901428185498,0.0007834261111254,0.0005536996574871,0.0003887678446186,,,,,,
MORICONE,0.0001026903546378,0.000100340460939,5.381256570268328e-05,0.0004112313972912,0.0003955654392992,0.0002780707543588,,,,,,
MORLUPO,0.0035421077227462197,0.0031803991883315903,0.00338939799764122,0.0067418965551132495,0.00589148213619628,0.00639541383389864,0.0018664365790445872,0.0017493291116067744,0.002177019907492814,0.003264689935879214,0.002981098082670379,0.003804951919204798
MOROLO,0.0024101523018109,0.0022053548390202223,0.0020005573762296026,0.003638451297399955,0.0036887747513224775,0.0037390982052450117,0.001657953847457986,0.001182530523170835,0.0010363012023831158,0.0024533437338505695,0.0018392558807334832,0.0018054149316867971
MORRO REATINO,0.0083929961639478,0.009980260334070434,0.0166111438319206,0.012920523629847233,0.015678953192534466,0.026096968917440264,0.0010942862873962857,0.0025812063966362897,0.007953563879170428,0.0023506350479780384,0.0029666945847288055,0.00932985564370938
NAZZANO,0.004097641669969033,0.004097641669969033,0.0071063022597571334,0.007521706138010533,0.007521706138010533,0.010761712453255032,0.006474851857223259,0.006474851857223259,0.009852354655106393,0.011464795082004356,0.011464795082004356,0.015100307616091626
NEMI,0.00387004024248156,0.00387004024248156,0.00382818123884242,0.006659373323700521,0.006659373323700521,0.00653094199063992,0.00460848105330249,0.00460848105330249,0.004570054005250071,0.006919111521350825,0.006919111521350825,0.006843921760003732
NEPI,0.009671166040941018,0.010933461889782144,0.009247290806780764,0.013194126538180055,0.016458243697571345,0.0120533231095659,0.00940791461759175,0.010573330414337926,0.008981818205422095,0.012318380112474405,0.014966454189751437,0.011400024997141798
NEROLA,0.0057891307210279795,0.0057891307210279795,0.0057891307210279795,0.0095851211625455,0.0095851211625455,0.0095851211625455,0.004148844273312552,0.004148844273312552,0.004148844273312552,0.0069592907291817704,0.0069592907291817704,0.0069592907291817704
NESPOLO,0.0324268432369686,0.0064100156418803,0.0319148035319505,0.0478805555866573,0.011556799604453,0.0474463405726172,,,,,,
NETTUNO,0.0029551844117419,0.003285182866044,0.0031268246579632,0.0054489906843371,0.0054970139029725,0.0064653725034004,,,,,,
NORMA,0.0003438417234744,0.0004572780911503,0.0003438417234744,0.000948574008824,0.0013868806197978,0.000948574008824,,,,,,
OLEVANO ROMANO,0.0002065722504351,0.0002065722504351,0.0002065722504351,0.0006850064263134,0.0006850064263134,0.0006850064263134,,,,,,
ONANO,0.000299358648017,0.0032061906941233,0.0031373084181493,0.0009556640090097,0.0039653850763458,0.0044432170808507,,,,,,
ORIOLO ROMANO,0.0022365833515366,0.0021250494496202503,0.0035340645336443,0.00397991620350505,0.00381130717190855,0.007166563523778299,0.002800010638576474,0.0027004066924372996,0.003964589626354065,0.0048863815493566986,0.004709771530363324,0.007620258814954087
ORTE,0.0038001537965248835,0.004104968704235066,0.003574056952861683,0.005987586750754066,0.0062970827277689335,0.005887363141784716,0.0029133406799971397,0.0032549262941326154,0.0028486496666950377,0.004185855701319597,0.004833995471935658,0.004312671495055283
ORVINIO,0.0111334483397376,0.0110609855578451,0.0107078336093115,0.0145619651734181,0.0148673638710494,0.0142426847168036,,,,,,
PAGANICO SABINO,0.004078141181857,0.0069001061607833,0.0124967670235115,0.0058397027934927,0.0107143282281958,0.0175289561086292,,,,,,
PALESTRINA,0.007392522097308214,0.0076474309521650284,0.007669715331501051,0.01241752823626196,0.012510533998315044,0.012141564214270584,0.003676519282398297,0.003920987444951002,0.004311042076737201,0.005710671277168399,0.006113450488849941,0.0066657541535242995
PALIANO,0.005540333982605738,0.006059171158549975,0.0067209382532896,0.01034919906848765,0.01050465506130055,0.011511583079787412,0.003927044885850327,0.004228112920484025,0.004707404176440858,0.007381522563428977,0.006914000687380068,0.006939791381669055
PALOMBARA SABINA,0.004552788330239357,0.004360218824112974,0.004461225168744243,0.006166417780198644,0.005696589659806986,0.0060446317767168575,0.0053394508307626504,0.005202259447958749,0.005250098716232624,0.006182174440649048,0.005853555896047425,0.006033740790633589
PASTENA,0.00593536914080845,0.00593536914080845,0.00593536914080845,0.0097840802439838,0.0097840802439838,0.0097840802439838,0.008219945643892983,0.008219945643892983,0.008219945643892983,0.013245741476823626,0.013245741476823626,0.013245741476823626
PATRICA,0.004848787075231656,0.0063724131199787435,0.0063791690348877364,0.008327360732368106,0.011360103210224707,0.01136802923996745,0.0026526506549995454,0.003986399764178927,0.003988789763177935,0.004408521776234233,0.006601358637999557,0.006594126466251034
PERCILE,0.0014371886599058,0.0013712660109239,0.0051071324935667,0.0023035471093095,0.0020975388312412,0.0065860222230936,,,,,,
PESCOROCCHIANO,0.011017975716965582,0.014548701077042706,0.011167104777431575,0.01704525362213278,0.02121867816988108,0.017452515490533803,0.00693632547033531,0.007841188276639162,0.007008326433874804,0.009858838998531346,0.011741441475828049,0.009966001314053162
PESCOSOLIDO,0.003322042509558925,0.002570783483183992,0.008542634601179724,0.0065391363813877244,0.004665412506841175,0.012118868690015801,0.0035989519002895608,0.002591381791232899,0.005773321350193547,0.006846754787189451,0.004227619131252111,0.0071668269189724045
PETRELLA SALTO,0.008143309459332709,0.008197712881637887,0.008383101585307612,0.012540860191894338,0.012577155806188175,0.012622013661396812,0.004522852218855452,0.004500907176495391,0.004646144186724706,0.006972198961160752,0.006664307226986176,0.006710362536931366
PIANSANO,0.000305396829495049,0.000305396829495049,0.000305396829495049,0.0004168502291894,0.0004168502291894,0.0004168502291894,0.00030801201509096003,0.00030801201509096003,0.00030801201509096003,0.00039624061873376704,0.00039624061873376704,0.00039624061873376704
PICINISCO,0.008249668834059917,0.008249668834059917,0.007368584748432825,0.013468267931747126,0.013468267931747126,0.011850644396738925,0.006486537483248269,0.006486537483248269,0.0007262569064331891,0.009535715886638756,0.009535715886638756,0.0014856366322314656
PICO,0.008283349872523698,0.008283349872523698,0.008283349872523698,0.01364519574544307,0.01364519574544307,0.01364519574544307,0.006936228636331698,0.006936228636331698,0.006936228636331698,0.011509781539550956,0.011509781539550956,0.011509781539550956
PIEDIMONTE SAN GERMANO,0.0038308754623148427,0.004203973745124429,0.0035600271442870965,0.0061395670504834285,0.006868946077791286,0.005890832795225715,0.003179689056716276,0.003412729659496408,0.00297342356160486,0.0044171270849981585,0.0050670463627739675,0.004484194506688924
PIGLIO,0.008549218120638321,0.008549218120638321,0.008818986622222644,0.013649479681680189,0.013649479681680189,0.013927733303664154,0.016384050631342892,0.016384050631342892,0.01776265401797246,0.02540519004003768,0.02540519004003768,0.02688300369625159
PIGNATARO INTERAMNA,0.003001819190376833,0.003001819190376833,0.003001819190376833,0.004537204970610383,0.004537204970610383,0.004537204970610383,0.0026912116021354303,0.0026912116021354303,0.0026912116021354303,0.0035971222805807747,0.0035971222805807747,0.0035971222805807747
PISONIANO,6.170935990882394e-05,5.575121481417887e-05,5.575121481417887e-05,0.0002766281651085,0.0006241866289628,0.0006241866289628,,,,,,
POFI,0.003655929189420871,0.003765526398900939,0.0033090159710091483,0.006211868712054828,0.0063886310241635,0.005385818631591092,0.0018224387376717963,0.0018477160455782674,0.0016574700587462605,0.002498210556509356,0.0025173509138444565,0.00219311190051437
POGGIO BUSTONE,0.0007088953798631207,0.0028928156094175997,0.0028928156094175997,0.0011122014504672,0.004901055820807,0.004901055820807,0.0004008974822208912,0.0018615654658517863,0.0018615654658517863,0.0005960216458263786,0.002772003902823268,0.002772003902823268
POGGIO CATINO,0.0038317877579264253,0.003588276878311575,0.00860214376891205,0.0072841152533275,0.006820102891029625,0.014274441070074074,0.0032700345189060364,0.002968948442708171,0.004953138715893866,0.0058145341948751,0.005133083379774165,0.007851423027350592
POGGIO MIRTETO,0.0028400748086799855,0.003028191902100515,0.002915542443735143,0.004701408682051343,0.005011641099432786,0.005672111323877272,0.0009693328664593652,0.0011399920991207923,0.0018686889183029474,0.0015011259024948792,0.0018265324590939474,0.003245509167440467
POGGIO MOIANO,0.0037559211265521335,0.0038087634215065672,0.0039018955488062004,0.005509087263986767,0.005928206636186133,0.005806924238522567,0.003614489022121992,0.0036545787804742216,0.0037857319000374995,0.005017403556439563,0.005454716751353623,0.005477400084047767
POGGIO NATIVO,0.009245893809929736,0.009245893809929736,0.016776148959518712,0.013581657759063162,0.013581657759063162,0.02283312919127549,0.017544894059594883,0.017544894059594883,0.02503674563042753,0.023657550956727724,0.023657550956727724,0.03390026841747034
POGGIO SAN LORENZO,0.0025702669262847,0.0027791897772923,0.0028468962567855,0.0042773299743323,0.0047609476849981,0.0049758888897384,,,,,,
POLI,0.0028330172387492337,0.0026492164649066,0.0028330172387492337,0.0045288466415704,0.004176524238649566,0.0045288466415704,0.002158840615748574,0.0020922813607527615,0.002158840615748574,0.0033379666991119467,0.0032195750531480087,0.0033379666991119467
PONTECORVO,0.005661208350259118,0.005888378605572459,0.005696397568609968,0.00963408107103925,0.010096908940860842,0.00942889472221624,0.003012147715389871,0.003025898877917533,0.002741519228722976,0.004278706757329521,0.004422772768258012,0.0036060365703326994
PONTINIA,0.006889444055135213,0.008247917527323099,0.0065018003722333,0.008768215693456838,0.01002020291686175,0.008621509424312036,0.0031741872253390853,0.003168606766036326,0.0030872835022656225,0.0035957375919528634,0.003983436301513566,0.0035282529500098897
PONZA,0.0026674940155106503,0.00281392909175785,,0.00578094425433615,0.0054757574800147505,,0.002986757076199186,0.002698149809759945,,0.005659929669453705,0.005069452914255614,
PONZANO ROMANO,6.958382019516202e-05,6.958382019516202e-05,0.0028978084372863,0.0004606405542514,0.0004606405542514,0.0035984156237996,,,,,,
POSTA,0.025913068209052686,0.005682176659385758,0.0267530155836743,0.029645055610908893,0.008214373086861886,0.030641791808478515,0.01594157307784207,0.005089339618317751,0.0163786578903939,0.01970164257835877,0.008375365623257783,0.02009934662584633
POSTA FIBRENO,0.00190007569776645,0.0030621999665412,0.008356411090188951,0.0037680079769464,0.00800049894003975,0.0129415227165323,0.0018533162575618384,0.0005358729718444521,0.0035981520383655094,0.0024856203415390718,0.0013053739364185728,0.0052758188667217844
POZZAGLIA SABINA,0.0162820590244713,0.016183278195906974,0.015701863583133673,0.023069896161116828,0.023859979332208497,0.022567112489964646,0.009216569750048422,0.009180439343590863,0.009004499745234503,0.013212660910754098,0.013624321910177421,0.01308177154192841
PRIVERNO,0.00689195166038617,0.006580491692620822,0.0066065054721554,0.010191391454862208,0.010634560280751723,0.010894753282320884,0.0041728677375089665,0.004131598250864776,0.004141501053398104,0.006735493084870031,0.007388902829290953,0.007322509516467915
PROCENO,0.0030187379685179,0.003283382791128,0.0031272338363082,0.0047085788374346,0.0050064106313688,0.0050773229632578,,,,,,
PROSSEDI,0.008649147724361072,0.008649147724361072,0.008609535376029322,0.012531274087224426,0.012531274087224426,0.013474790157194175,0.010388471229459975,0.010388471229459975,0.010853065949388339,0.01481967067351085,0.01481967067351085,0.016815257866971477
RIANO,0.003495255665037311,0.003590382120278678,0.004805637639438978,0.005617011044955234,0.005965402332195089,0.007968936001910034,0.0019592831134268873,0.001996998165312839,0.0034313248968421833,0.0028084835141286616,0.0029620475324511246,0.005243483488104281
RIETI,0.01398263091855377,0.01913210699535474,0.021814084079565775,0.020589214856064676,0.025437301101460502,0.02778663924408247,0.011205052436852232,0.014286662999921053,0.015022094773817043,0.01500991237609011,0.018325221319830783,0.01877220752802795
RIGNANO FLAMINIO,0.0047941684347037414,0.005038427794547473,0.005062882976961558,0.006466074290883528,0.007079649800986471,0.007240776853204886,0.0036089706455503597,0.00403724270492984,0.004046655596592604,0.003945790481914605,0.004635510230333737,0.004723907862921963
RIOFREDDO,0.0001144221335628,0.0001144221335628,0.0001144221335628,0.0006356785197936,0.0006356785197936,0.0006356785197936,,,,,,
RIPI,0.0034203402631115213,0.0034048874653914243,0.0034203402631115213,0.005254048532093621,0.005208156110116585,0.005254048532093621,0.0015919386549855586,0.0015850153757217245,0.0015919386549855586,0.002222545966984863,0.002323598159076112,0.002222545966984863
RIVODUTRI,0.00261641766292001,0.0035370281291958626,0.00978963365334838,0.00443716865011611,0.00582751850591635,0.01537727050361463,0.002394723542678851,0.002622224482831407,0.006148801999905101,0.00392674641022222,0.0042211976462177446,0.008277338635711763
ROCCA CANTERANO,0.0103872146401227,0.00384827993669685,0.01222487426303985,0.0174853697103982,0.0070557611850651505,0.018397591249465703,0.0012399371605958235,0.001146650770378265,0.0012661537601561374,0.0014506434929486068,0.0012796072947784992,0.0014414132208440925
ROCCA D'ARCE,0.0036255605446334203,0.0036255605446334203,0.00415750427771502,0.00600621982347628,0.00600621982347628,0.00704103329380424,0.003370704196571349,0.003370704196571349,0.0024697127799699244,0.005213811471518588,0.005213811471518588,0.0044089217527164765
ROCCA DI CAVE,0.003004044552061,0.00291458125241005,0.00241737981085845,0.0064688927307012,0.0063989227160568,0.00469062982653475,0.0018708829387012926,0.001892955077550054,0.002012608474392219,0.003456052056014411,0.0035419158687500472,0.00382434369939825
ROCCA DI PAPA,0.0100543315624471,0.010032351078667599,0.009290230175090348,0.016296781891825176,0.016300747749888125,0.016134768165908024,0.010689912800550086,0.010682479026932435,0.010450016065778582,0.012807477204541807,0.012903525110482525,0.012901546192183467
ROCCA MASSIMA,0.0041360933119628665,0.0030026363165463333,0.004963798346880234,0.0069302634111160335,0.0051274671721894,0.008961746911437,0.003533401908628251,0.0010235415041728558,0.0019372860474082757,0.005748512519802692,0.0016012827782033573,0.003735884597377207
ROCCA PRIORA,0.0033992446446039666,0.0026716601620015664,0.002168172194576,0.005664973573801632,0.004154946153528033,0.003814088672494333,0.0017930721059678876,0.0012110918375776258,0.0013238539539808726,0.002502538280304587,0.0019271846794607997,0.0014235331567639057
ROCCA SANTO STEFANO,9.46665851942683e-06,0.0001942722965725,1.893331703885366e-05,4.80192823449187e-05,0.0005144923108384,0.000130338052079,,,,,,
ROCCA SINIBALDA,0.010361269159896757,0.010251571238148982,0.010251571238148982,0.015547000307765943,0.015525930535741401,0.015525930535741401,0.016931960915520957,0.017292919355725894,0.017292919355725894,0.024252096504149948,0.024900705725294528,0.024900705725294528
ROCCAGIOVINE,0.0015077844670532,0.0015366505545627,0.0026834214856209,0.0030678028067427,0.0029116010345053,0.0042486882048575,,,,,,
ROCCAGORGA,0.0028771537304462004,0.002555980826329933,0.003122283223290933,0.004930231069910566,0.0040940588658626995,0.005903039183270933,0.002629312255310611,0.0022219003679664197,0.003063144748717265,0.004211398153593425,0.003270476201066117,0.005376556514122658
ROCCANTICA,0.0018803625930871048,0.0033082947698905,0.0033082947698905,0.0031402020444195626,0.00482148025365555,0.00482148025365555,0.0026207503203036046,0.002931272672075787,0.002931272672075787,0.00431899743503823,0.004104582373995718,0.004104582373995718
ROCCASECCA,0.006050646876354833,0.0020700125272804667,0.0015811294248753002,0.010385751410859468,0.003738650606151833,0.0029690338798055334,0.002322078767920791,0.00034367592580402046,0.000982354208646907,0.0038724484997403868,0.00046750959079382647,0.0012817079531178648
ROCCASECCA DEI VOLSCI,0.00870213588614567,0.009722518048645075,0.009722518048645075,0.015837452337263476,0.018288296507553724,0.018288296507553724,0.011365986147056289,0.011671110865557834,0.011671110865557834,0.02344202989573492,0.02373863723551535,0.02373863723551535
ROIATE,0.0043192195598913,0.0004646452530395,0.0043192195598913,0.0085429961700525,0.0012569495611797,0.0085429961700525,,,,,,
RONCIGLIONE,0.009739441524803927,0.009739441524803927,0.009657768106317457,0.014723535604957618,0.014723535604957618,0.014605779576504819,0.015386544663322128,0.015386544663322128,0.01586739475625136,0.02024029090047792,0.02024029090047792,0.02198111455830592
ROVIANO,0.0001003942000205,0.0001003942000205,0.0001003942000205,0.0003842607462025,0.0003842607462025,0.0003842607462025,,,,,,
SABAUDIA,0.03575512491541315,0.04089818993172557,0.027487258798116615,0.042452794458309615,0.04742748213615789,0.03514579923434224,0.0709265116688715,0.08206487872463045,0.05130847659867896,0.0860606718945889,0.09644476554053916,0.0670770307556436
SACROFANO,0.0061729109102096,0.00610477529834698,0.005983092547497018,0.010107025082218273,0.00986469639795101,0.009442466015172565,0.004533168819839674,0.004493169865449494,0.004421788416315861,0.007645878420984376,0.007497501570622545,0.007204921535086057
SALISANO,0.001490774613577326,0.001490774613577326,0.00604683127384655,0.00240425008272165,0.00240425008272165,0.0090622830682087,0.0020065664104589515,0.0020065664104589515,0.0012590344811507055,0.0031069818300129555,0.0031069818300129555,0.001955766037733213
SAMBUCI,0.0001601941693789,0.0036495299332442,0.0035575034955159,0.0005467620142808,0.0051125798737953,0.0051977895383585,,,,,,
SAN BIAGIO SARACINISCO,0.027726745008870003,0.00360333304434325,0.0296621181076507,0.0461631657264146,0.0066375031857628,0.0447409901241336,0.032144578577813145,0.0049129109772639255,0.03430763042415923,0.0534728885129588,0.008979547489758535,0.05147207206597897
SAN CESAREO,0.00486314660120565,0.00486314660120565,0.00486314660120565,0.008528504436899675,0.008528504436899675,0.008528504436899675,0.0029489107825613203,0.0029489107825613203,0.0029489107825613203,0.004663355977847423,0.004663355977847423,0.004663355977847423
SAN DONATO VAL DI COMINO,0.005108674535989767,0.005052782770205633,0.004454296624746255,0.0090917781822709,0.008883989393154134,0.006994987245511899,0.004345237657756012,0.004312501512830797,0.00382526388609405,0.008013075091515698,0.007967315016349143,0.006006450333775478
SAN FELICE CIRCEO,0.019812069788180533,0.0199532391129087,0.016318679744050314,0.0351843924943235,0.0343417028265143,0.02939769726629515,0.034940958060332004,0.03278508701945635,0.017211832783211072,0.06764160094885338,0.060902486484590394,0.03789706520627087
SAN GIORGIO A LIRI,0.0020652110274377547,0.002170958074867464,0.0020652110274377547,0.0038384424530394545,0.004193907814081118,0.0038384424530394545,0.0012908719035914266,0.001315840967500364,0.0012908719035914266,0.0021801715022607623,0.0023199535427091593,0.0021801715022607623
SAN GIOVANNI INCARICO,0.003491022654304688,0.003491022654304688,0.003491022654304688,0.005567857398414783,0.005567857398414783,0.005567857398414783,0.002566372106299052,0.002566372106299052,0.002566372106299052,0.0038953354456803236,0.0038953354456803236,0.0038953354456803236
SAN GREGORIO DA SASSOLA,0.0019947900558182,4.770150133478377e-05,4.770150133478377e-05,0.0039166167762614,9.980833612617094e-05,9.980833612617094e-05,,,,,,
SAN LORENZO NUOVO,7.317985328842101e-05,7.317985328842101e-05,6.377685537985296e-05,0.0002589231308156,0.0002589231308156,0.0002384818310144,,,,,,
SAN POLO DEI CAVALIERI,0.001960171245416263,0.001960171245416263,0.001960171245416263,0.0032551720461773334,0.0032551720461773334,0.0032551720461773334,0.001951367019230791,0.001951367019230791,0.001951367019230791,0.0030752473916301464,0.0030752473916301464,0.0030752473916301464
SAN VITO ROMANO,0.0001798244142566,0.0001812816623462,0.0001812816623462,0.0004663193886719,0.0004663193886719,0.0004663193886719,,,,,,
SAN VITTORE DEL LAZIO,0.007639954506044572,0.006245146521765528,0.006276411860775072,0.010619198614739714,0.01152895199411963,0.013363900017630917,0.005105505888542804,0.0044294192906784964,0.0042912733344165795,0.006965744760867776,0.007237551724827656,0.008115951862649497
SANT'AMBROGIO SUL GARIGLIANO,0.001502318165608,0.001502318165608,0.00335538328567295,0.0026153337252102,0.0026153337252102,0.00434817548253025,0.0009155561639076475,0.0009155561639076475,0.0013507520934617576,0.0013454015338726392,0.0013454015338726392,0.0014480245068905849
SANT'ANDREA DEL GARIGLIANO,0.0019949834319946333,0.0018809350172358833,0.0018809350172358833,0.0035557514059116665,0.0033299206115332165,0.0033299206115332165,0.00137277291976452,0.0013908531932602885,0.0013908531932602885,0.0021961962104538866,0.0020725214275710765,0.0020725214275710765
SANT'ANGELO ROMANO,0.004993842544154171,0.004993842544154171,0.005391425576739817,0.008212261705326383,0.008212261705326383,0.00785876811344045,0.004027271122521226,0.004027271122521226,0.004281977734062084,0.006245571460716446,0.006245571460716446,0.006008092650016271
SANT'APOLLINARE,0.003811900515254567,0.003811900515254567,0.003958397180525917,0.005843144346379717,0.005843144346379717,0.0060566753850346995,0.0032520543724443014,0.0032520543724443014,0.0032399077170916528,0.004822696161501373,0.004822696161501373,0.004738883931673336
SANT'ELIA FIUMERAPIDO,0.014189218115448233,0.014531309714089566,0.013456686763396501,0.025383604233278817,0.02612691462198957,0.025662967571624336,0.022786170806912944,0.025982648728481824,0.02327255293560881,0.041749134611121924,0.04707939603100601,0.045239024936692504
SANT'ORESTE,0.0011725630292973386,0.0021245805934758,0.0015487897315029,0.0018026382990455501,0.0035098285462680503,0.00256277773595045,0.0015575084645740543,0.002258819281341785,0.0018694871468725907,0.0022056068881737955,0.0032901804630525457,0.0025481125610959257
SANTA MARINELLA,0.0065590221279886556,0.006494681974377344,0.006818834679670467,0.010157506805016,0.009943269312014134,0.010572242056127267,0.006761523896860504,0.006725420109178365,0.007168411725297424,0.008331775245547927,0.008226848954824489,0.009047044087297786
SANTI COSMA E DAMIANO,0.0030462734036191,0.0031574585038106166,0.004321547033355684,0.005048424549140266,0.00520994849082735,0.007696067935470834,0.0016238793826813065,0.0018400576850588035,0.0033396307346007974,0.0023641735088053254,0.0026949842987684237,0.005524213490826351
SANTOPADRE,0.0023415539477292667,0.002028663274734803,0.0022441527266642666,0.0042915571086132665,0.0031779492020742005,0.003877036517425167,0.0025224935700573136,0.0023043315371625156,0.002480877997457467,0.004155129245559999,0.0033345535104063674,0.0038996841430290544
SARACINESCO,0.01074095209964685,0.01074095209964685,0.013714250588720951,0.0179565890251276,0.0179565890251276,0.02240087660457435,0.006610006870011291,0.006610006870011291,0.008497818457988176,0.01115312289881606,0.01115312289881606,0.013951287379764461
SCANDRIGLIA,0.00205882452828256,0.0030940303869045204,0.00303975458554104,0.0033014973637484402,0.004781589565424719,0.00468366775257588,0.0009873665273160597,0.0021742477756633996,0.00216605003994747,0.0015523869328265855,0.003134291843896477,0.003169190151381538
SEGNI,0.0059037459671611725,0.005085001466250185,0.007043640759437727,0.009294402845922528,0.007956675342638572,0.011103277758386756,0.002515367470320858,0.001966201840497141,0.0036081346733813384,0.0038439614716831542,0.003023939966410057,0.005490593988353623
SELCI,0.0016131135397668666,0.0018934968136094332,0.004342842893162567,0.004092622832222067,0.0038357801634047333,0.007438975377091533,0.0007431876207176132,0.0004563845986333349,0.0015350285022971194,0.0019669608724385656,0.0010440455665769906,0.0027760135551592796
SERMONETA,0.004633529649540685,0.004140182230333696,0.0034926190295072315,0.006853801620642833,0.006270764128460763,0.004775064975651147,0.003337514041238789,0.0028833359578972215,0.002546889769028667,0.004727779166045411,0.004250062364020784,0.0035924866141291895
SERRONE,0.0029207861857269003,0.0012682565590793665,0.0029207861857269003,0.005385953051059832,0.002222506925384933,0.005385953051059832,0.002064889909141142,0.000668442041424883,0.002064889909141142,0.0032678028313845526,0.0011643850388140303,0.0032678028313845526
SETTEFRATI,0.00301615163851495,0.00409713344131785,0.0084391956610463,0.0051724715078726,0.00726595627297865,0.0126150949799682,0.0030590687371972584,0.00563679848764768,0.0025521111967193957,0.005196277407546241,0.009789739855731349,0.0029726925080714945
SEZZE,0.011110505072711557,0.011012165227285606,0.009675741098431192,0.015616011145657506,0.015230058168585376,0.014002159803031124,0.005679265095985323,0.00562519233708197,0.005033303162363261,0.007779095445155085,0.00750787031877912,0.007159817081539346
SGURGOLA,0.002527948323347333,0.0036766996611641337,0.0021974547501424336,0.0054413358949449335,0.006196827822435633,0.004417808982081066,0.0026630510535549027,0.003672888632667342,0.0023229768777184123,0.005370781144572927,0.005848807642673627,0.004154917176048129
SONNINO,0.007561288284802455,0.007561288284802455,0.008880576820966867,0.01120413082057861,0.01120413082057861,0.018373755859960022,0.005936726344289105,0.005936726344289105,0.00561814088858005,0.008003373262866816,0.008003373262866816,0.011991938601889782
SORA,0.00960678764067627,0.00962426398507368,0.014858716958219973,0.016131592217932,0.01616238776335988,0.022560888076054327,0.004129218276807164,0.004185408373898292,0.006081239340122233,0.006542999820234953,0.0067222539287757534,0.008963643448950115
SORIANO NEL CIMINO,0.009307659354343639,0.0071997842006217005,0.007412121946328658,0.01170151556386154,0.0105141041013488,0.011038677715550307,0.016147909275924296,0.012219235659485139,0.012595277471587537,0.019285654697032393,0.017194616038030384,0.018254605191171273
SPERLONGA,0.002648999887639534,0.0026019835446928334,0.0034046145627199664,0.006347970378801335,0.005688261667388734,0.008573312296370199,0.0016507516375160777,0.0016263980588239252,0.00357933216825835,0.0042302578479534465,0.0037755641137778816,0.00869412466423462
SPIGNO SATURNIA,0.010462613290183243,0.0027557484088823574,0.0027557484088823574,0.0170921889392582,0.0045518003665594425,0.0045518003665594425,0.0019343780317207745,0.0014940472256455154,0.0014940472256455154,0.002635981215143662,0.0019741042157206674,0.0019741042157206674
STIMIGLIANO,0.0008756480323646499,0.005098877617442675,0.0010306164068273505,0.011389538584137274,0.01752473355120185,0.011728824240647674,0.0008977387916304696,0.003676041235067251,0.0010369706118766085,0.010598147657909533,0.0184452644948847,0.008040895976475669
STRANGOLAGALLI,0.0018090265783323946,0.0015003484438467387,0.0015341626069143499,0.002829512338945889,0.002567052557134267,0.002650076929847195,0.0012286505243143098,0.0009580461796618165,0.0009691334659994663,0.0017762390414383486,0.001414734794493634,0.001449004975289077
SUBIACO,0.011130858472880971,0.015780105879375277,0.01184497264900235,0.01772113927575312,0.02446264438743458,0.018742004497692092,0.02135769298120018,0.026438467479424868,0.023743371190565108,0.032148451799451125,0.03841670195370687,0.03552562333268251
SUPINO,0.002841597559582425,0.002841597559582425,0.002514094198136425,0.006078214023075224,0.006078214023075224,0.005178232255293075,0.0013333232220012314,0.0013333232220012314,0.0011305940881506061,0.0020608234033162014,0.0020608234033162014,0.002257453279960445
SUTRI,0.004689663676642414,0.004942174293610833,0.005134586255673867,0.008383089163074732,0.008931722271272384,0.008637287374837817,0.004269174796827596,0.004391391164256053,0.004592714513336272,0.006797380143577542,0.00719596903629944,0.00736881436966648
TARANO,0.004869632387664825,0.0040675090133197,0.00660065620697112,0.0072965820136442995,0.007022431327903039,0.01081886933141356,0.0072703382813896775,0.005781410282727495,0.008791049361283351,0.010670608039590102,0.011029657582709093,0.015337958977977156
TARQUINIA,0.018144334219103803,0.018946889212663534,0.019796253513932233,0.026871932306222757,0.02953926107322677,0.031360292726723714,0.013744326884422044,0.014190135220346862,0.01479703530658706,0.021245149192285397,0.023033147294905045,0.024324951877729453
TERELLE,0.0088389689365508,0.0001418878632645,0.0092323852846935,0.0156802212528196,0.0003762178192621,0.0157339666555713,,,,,,
TERRACINA,0.02103714294693243,0.021405443877391635,0.021279830380532834,0.027369549073624662,0.02750130539115543,0.027183579844620435,0.01841588586255954,0.01736735744118683,0.01586383791399999,0.02139052660763673,0.020302611934647278,0.018845407723483063
TESSENNANO,0.0023542686777183,0.0023282716999932,0.0023542686777183,0.0037232959623283,0.0038922028797514,0.0037232959623283,,,,,,
TOFFIA,0.0015080372153877,0.0013569575871030287,0.00989816364086595,0.0025712726000666,0.0023526031307125,0.013030112637773601,0.001976967368859671,0.0018299872757229173,0.008642673921143292,0.003087448496100399,0.002581690542953218,0.010776922273859785
TOLFA,0.00418959882853245,0.00418959882853245,0.00435495368683635,0.0053089361947745006,0.0053089361947745006,0.0058035943958948495,0.00562495383017509,0.00562495383017509,0.005988273744015407,0.00686577945884754,0.00686577945884754,0.007860556632714687
TORRE CAJETANI,0.0037333271180851396,0.0034235677403158596,0.0029169938880553195,0.007416202691715839,0.0066326748216637196,0.004743739215934841,0.00249844461631309,0.002419361536726835,0.0011533259900488465,0.0042247911424973545,0.003992019530142327,0.0014201662932334974
TORRI IN SABINA,0.00517521610189112,0.00808711344646726,0.008131383016881618,0.007981946517842762,0.0133636910050022,0.0134292173216044,0.004338540964739245,0.004052025921648827,0.0041212022471213625,0.0060679110328042685,0.00796013909675191,0.008032840470792887
TORRICE,0.003008061756164295,0.003008061756164295,0.002614737204541819,0.004857890685263224,0.004857890685263224,0.004641717868524614,0.0013543979321885983,0.0013543979321885983,0.0013038866132652998,0.001968505522521248,0.001968505522521248,0.001957352034100972
TORRICELLA IN SABINA,0.0035801417041128624,0.003268614829874896,0.003142926239912832,0.006159206498174362,0.005401706241514407,0.00518215470032075,0.0039033437354962152,0.003833766236592158,0.0038092960996147255,0.005433450674706128,0.005251554799716431,0.005110311768690624
TORRITA TIBERINA,0.00070560606579765,0.00381276970757475,0.00059998859055165,0.00196457939682665,0.0060312538135370505,0.0012029422622791002,0.0006359896402371054,0.0016902576805744654,0.0005997139829790076,0.0012476215788442698,0.0026350926111473397,0.0010386697365937702
TREVI NEL LAZIO,0.007903396412129601,0.007903396412129601,0.007903396412129601,0.0125163609995113,0.0125163609995113,0.0125163609995113,0.01092069860154102,0.01092069860154102,0.01092069860154102,0.016961215765613945,0.016961215765613945,0.016961215765613945
TREVIGNANO ROMANO,0.007231388191824399,0.0080032194205119,0.006536425497712022,0.01152807479440979,0.015006936966221122,0.010903210131038567,0.00850023919886592,0.009225901103911178,0.007552308600372245,0.013080496460235543,0.016454978655470735,0.011888836738023056
TRIVIGLIANO,0.0033795462577178503,0.0013885895341629248,0.0013885895341629248,0.006085676306470524,0.0029461374732951,0.0029461374732951,0.0023799492786189926,0.0006046353607347948,0.0006046353607347948,0.004268266461383137,0.0011890685557693133,0.0011890685557693133
TURANIA,0.0202422862216704,0.008997043123086,0.0198809052252943,0.0266379990805618,0.014026203055694,0.0273098424202043,,,,,,
TUSCANIA,6.174576900025765e-05,6.174576900025765e-05,6.174576900025765e-05,0.000197762249467,0.000197762249467,0.000197762249467,,,,,,
VACONE,0.0095567078049516,0.0102092641689185,0.0124951969084132,0.0137879556281043,0.0195016844403907,0.018641316009197,,,,,,
VALENTANO,0.0003378530869894,0.0003668222691535,0.0003668222691535,0.0007785467706615,0.0007664762780931,0.0007664762780931,,,,,,
VALLECORSA,8.966070668218574e-05,8.966070668218574e-05,8.966070668218574e-05,0.000335465229083,0.000335465229083,0.000335465229083,,,,,,
VALLEMAIO,0.00159728570235445,0.0015806959677811,0.0015806959677811,0.0029314442315631997,0.002838374117010517,0.002838374117010517,0.0010121118781982355,0.0010052773079621078,0.0010052773079621078,0.0013365867850995354,0.0012862614414416865,0.0012862614414416865
VALLEPIETRA,0.0062144494856477,0.0062144494856477,0.0062144494856477,0.0096126635899699,0.0096126635899699,0.0096126635899699,,,,,,
VALLERANO,7.048191468714516e-05,0.0002582362588537,0.0002582362588537,0.0005626707475024,0.000918041745925,0.000918041745925,,,,,,
VALLEROTONDA,0.006945040879854538,0.006945040879854538,0.006945040879854538,0.011369446401612289,0.011369446401612289,0.011369446401612289,0.0065210523986009555,0.0065210523986009555,0.0065210523986009555,0.008845387388984645,0.008845387388984645,0.008845387388984645
VALLINFREDA,0.01501289402809455,0.0038908433719558,0.01151766257256585,0.02208978101913235,0.006179151465973601,0.0188039752700559,0.007834472414037915,0.002371597099131601,0.00639870696012161,0.011389202799551884,0.003875544832278065,0.010518801693175876
VALMONTONE,0.00269757061477148,0.00296180359718884,0.00263743944006278,0.0054273565522889,0.0060253640252012,0.0055675488557220595,0.0010292495177626703,0.0016170305799181066,0.0013788928744679102,0.0019433610904771564,0.003023110716676497,0.0026018547777031716
VARCO SABINO,0.027746611551856332,0.0312725310302592,0.03072879692278517,0.04746974980826233,0.05332437175168513,0.0522718928458318,0.014918581712029286,0.019717062802741336,0.01946297477091151,0.025343419943275255,0.03408486808896992,0.03381767365297443
VASANELLO,0.0002406427037613,5.879957467470968e-05,0.0001317546025118,0.0006124955695282,0.0001451841349992,0.0004446264134353,,,,,,
VEJANO,1.0477982316613126e-05,7.249053072105816e-05,8.767291326145678e-06,3.207545607126467e-05,0.0002352200111892,6.771485170600319e-05,,,,,,
VENTOTENE,0.0001942475053008,0.0001942475053008,0.0001942475053008,0.000752619485483,0.000752619485483,0.000752619485483,,,,,,
VEROLI,0.0053785447795906315,0.005434660300871554,0.0050150889909742246,0.00794158128652231,0.008001815721797844,0.008012041396069675,0.0022966629518471854,0.0022181883378520374,0.002383369910237069,0.0031590696028477748,0.003048808727362963,0.0033107391464840203
VETRALLA,0.013198716147268679,0.012857369687020398,0.011703331284831201,0.017063354945809538,0.0173562276194068,0.014922657556616379,0.015705685833381118,0.01587121110679874,0.014989377317179264,0.017438602532676577,0.018154993703488432,0.0162206742152601
VICALVI,0.00182496903689505,0.00182496903689505,0.006050709675631601,0.00287405417701055,0.00287405417701055,0.00994903589866985,0.0017137003946147468,0.0017137003946147468,0.0005779922572377042,0.0018529766470494105,0.0018529766470494105,0.002989973868711602
VICO NEL LAZIO,0.0025640845899136955,0.002370826722092171,0.0025146478116879283,0.004771295209296229,0.0041636599087292855,0.004595901829139929,0.0015851801351600761,0.001538181818233019,0.0015730451309999233,0.0027809872117871546,0.002452939674787444,0.002582999526175099
VICOVARO,0.00499543987162065,0.005079052981493275,0.005245559986485826,0.0078382555100556,0.007915643276726,0.008656215627569824,0.004473034175378943,0.004565747645220429,0.004667670250748735,0.007158949253804497,0.007260234434239768,0.007817204627195802
VIGNANELLO,0.004494725721230367,0.004494725721230367,0.0056790874434587,0.007574103666271034,0.007574103666271034,0.007523609259752934,0.006072339586277748,0.006072339586277748,0.007988790469209596,0.009574770521877806,0.009574770521877806,0.00977110354347763
VILLA LATINA,0.0022757322889850663,0.0022495867314799335,0.0025109208819091,0.004072185164838266,0.0040772615122458,0.004580133221922367,0.0017603521615433128,0.0017860057669153186,0.002196108110145997,0.0027599823406231397,0.0028688099717057627,0.0034712410094108223
VILLA SAN GIOVANNI IN TUSCIA,9.857031491020792e-05,9.857031491020792e-05,0.003214341071243,0.0004304764198395,0.0004304764198395,0.0039709253421937,,,,,,
VILLA SANTA LUCIA,0.008393033114929269,0.008465939566738401,0.004989912940077631,0.013392465441190222,0.013481473263269945,0.008674449220737977,0.007904876591240348,0.007977546577399866,0.006101083879769393,0.012843499865435471,0.012971708530246208,0.010211965718847946
VILLA SANTO STEFANO,0.0016276545696019666,0.0016250510500844945,0.0016250510500844945,0.0033838713909691114,0.0034296883978860884,0.0034296883978860884,0.0009694456132404162,0.000926084670060655,0.000926084670060655,0.002123386686970434,0.0019301569040374516,0.0019301569040374516
VITICUSO,0.0003546438433817,0.000419308247873,0.0131198014424849,0.0017513276216383,0.0015324116689335,0.0221778699778624,,,,,,
VITORCHIANO,0.0011657721986668,0.0009343163879494001,0.0009149121369007,0.0019723920483034666,0.0018180740049691666,0.0017870039167663667,0.0003169218117700747,0.0007438727949036644,0.0007370339912563061,0.0004953664053834093,0.001080289293385999,0.001065416552242917
VIVARO ROMANO,0.0168374185334482,0.0058611127920732,0.0122160860694394,0.0246685999082969,0.009098072738456,0.0187456934946712,,,,,,
ZAGAROLO,0.0066752057170326,0.0068118051164873334,0.006521428120047,0.009472292365768766,0.0097010188743945,0.009387210007013834,0.003583188799917558,0.003411829253820859,0.0035884989906392515,0.0051780514595865515,0.005084870682872642,0.005128676077464028
