Comune,Nucleo_ID,Popolazione,SI_mean_km,SI_St.Dv_km,SI_mean_min,SI_St.Dv_min,SI_match_ratio,SP_mean_km,SP_St.Dv_km,SP_mean_min,SP_St.Dv_min,SP_match_ratio,SS_mean_km,SS_St.Dv_km,SS_mean_min,SS_St.Dv_min,SS_match_ratio
AFFILE,5800110001.0,1297.0,0.119,,1.4666666666666666,,1/1,0.429,,5.6,,1/1,0.429,,5.6,,1/1
AFFILE,5800126701.0,28.0,2.061,,35.05,,1/1,2.338,,38.61666666666667,,1/1,2.338,,38.61666666666667,,1/1
AGOSTA,5800210001.0,1010.0,0.259,,5.0,,1/1,0.259,,5.0,,1/1,0.242,,4.783333333333333,,1/1
AGOSTA,5800210002.0,389.0,3.833,,19.966666666666665,,1/1,3.833,,19.966666666666665,,1/1,3.8099999999999996,,19.65,,1/1
AGOSTA,5800220002.0,142.0,1.8290000000000002,,11.716666666666667,,1/1,1.8290000000000002,,11.716666666666667,,1/1,1.806,,11.4,,1/1
AGOSTA,5800220003.0,47.0,3.192,,15.366666666666667,,1/1,3.192,,15.366666666666667,,1/1,3.169,,15.05,,1/1
ALBANO LAZIALE,5800310001.0,27443.0,5.3625,1.9482132070181641,34.24722222222222,6.389048065649935,6/6,5.0893999999999995,2.054835346201734,33.94,7.449828484229985,5/5,4.735666666666667,1.873793033750882,32.21666666666667,5.431876082697189,3/3
ALBANO LAZIALE,5800310002.0,9433.0,4.4816666666666665,3.7963778350773607,19.127777777777776,11.874438778161108,6/6,5.277199999999999,3.6409904833712488,21.226666666666667,12.100818383710894,5/5,4.862333333333334,4.452016434530912,17.999999999999996,18.062484140708147,3/3
ALBANO LAZIALE,5800320002.0,1096.0,5.088666666666667,2.846424681361983,39.12777777777778,17.6129171874466,6/6,5.1302,3.1842424844851247,37.13,19.003860718870317,5/5,5.640666666666666,2.542199900348777,41.68888888888888,15.650570927936474,3/3
ALBANO LAZIALE,5800320007.0,38.0,6.282166666666666,3.30937754973147,49.36388888888888,15.62765858863582,6/6,6.104799999999999,3.7912031995133155,46.71,17.639722377507972,5/5,6.859999999999999,3.370286041273055,48.766666666666666,16.58237853197718,3/3
ALBANO LAZIALE,5800320008.0,87.0,5.5655,1.9482132070181641,36.513888888888886,6.389048065649935,6/6,5.2924,2.054835346201734,36.20666666666667,7.449828484229984,5/5,4.938666666666666,1.8737930337508821,34.483333333333334,5.431876082697189,3/3
ALBANO LAZIALE,5800320014.0,134.0,6.040166666666667,3.901387825718775,48.175,11.511061105639993,6/6,6.7669999999999995,3.880156762297111,50.290000000000006,11.779617518785951,5/5,6.684333333333333,4.43785954411959,49.04444444444444,17.35967816308603,3/3
ALBANO LAZIALE,5800320010.0,81.0,7.266333333333334,4.573550291258058,62.44722222222223,15.67454205131743,6/6,8.0964,4.578990642052022,65.18,16.07182403393522,5/5,8.19,5.073046520583071,66.03333333333333,22.150175569908647,3/3
ALBANO LAZIALE,5800320011.0,51.0,1.684,0.12609916732476867,42.38055555555555,13.19580074900373,6/6,1.3118,0.24395183950935873,37.51,11.964342857006397,5/5,1.0263333333333333,,45.672222222222224,18.61108043115216,3/3
ALLUMIERE,5800410001.0,3213.0,0.632,,8.666666666666666,,1/1,0.793,,11.816666666666666,,1/1,0.441,,7.0,,1/1
ALLUMIERE,5800410002.0,429.0,2.992,,15.75,,1/1,3.304,,19.88333333333333,,1/1,3.681,,27.11666666666667,,1/1
ANGUILLARA SABAZIA,5800510001.0,14440.0,1.9756666666666665,0.45959801276042667,28.327777777777776,7.679488071286853,3/3,1.9833333333333334,0.32295871769211204,28.327777777777776,5.847704519565617,3/3,1.806,,26.416666666666668,,1/1
ANGUILLARA SABAZIA,5800510002.0,206.0,5.638,1.7470077275158231,23.23333333333333,4.019259191000805,3/3,5.602666666666666,1.7972938917531918,20.977777777777778,1.6791477115004028,3/3,4.673,,21.116666666666667,,1/1
ANGUILLARA SABAZIA,5800520001.0,257.0,6.400666666666666,4.464866440704954,54.47777777777778,5.726578708417769,3/3,6.383666666666667,4.5008946147775255,52.48333333333333,3.43199812224761,3/3,3.887,,51.61666666666667,,1/1
ANGUILLARA SABAZIA,5800520007.0,172.0,12.998666666666667,9.085395386736526,99.23333333333333,55.98274535763477,3/3,12.985000000000001,8.996272394719936,98.92222222222223,54.824219945135496,3/3,18.287,,131.68333333333334,,1/1
ANGUILLARA SABAZIA,5800520008.0,175.0,4.588,2.2952771074534772,39.15,11.007926437092703,3/3,4.574333333333334,2.204035919247537,38.84444444444445,9.747711032358849,3/3,5.501,,42.9,,1/1
ANGUILLARA SABAZIA,5800520009.0,58.0,4.03,2.2952771074534772,31.866666666666664,11.007926437092703,3/3,4.016333333333334,2.204035919247537,31.555555555555554,9.757295466204496,3/3,4.032,,56.733333333333334,,1/1
ANGUILLARA SABAZIA,5800520005.0,77.0,39.675,1.7470077275158256,131.29999999999998,4.019259191000813,3/3,39.63966666666666,1.7972938917531955,129.04444444444442,1.6791477115003925,3/3,38.71,,129.18333333333334,,1/1
ANGUILLARA SABAZIA,5800520006.0,44.0,18.06133333333333,0.1146312929933761,106.27777777777777,19.462316389866324,3/3,17.930666666666667,0.2101769096102936,104.36666666666666,21.05885271750999,3/3,18.16,,117.63333333333334,,1/1
ANGUILLARA SABAZIA,5800520004.0,1732.0,16.263666666666666,1.8999169280085202,105.42777777777779,4.421611487698592,3/3,16.089000000000002,2.0888554282190044,102.90555555555554,6.9907544763171465,3/3,17.403,,108.05,,1/1
ANGUILLARA SABAZIA,5800520003.0,343.0,18.30666666666667,1.2353543351335807,107.51666666666667,43.196993851167214,3/3,18.176,1.347538867714026,105.60555555555554,44.80719291628339,3/3,19.062,,132.58333333333334,,1/1
ANGUILLARA SABAZIA,5800526702.0,26.0,3.5883333333333334,0.5726642413607935,49.233333333333334,6.7489711150005025,3/3,4.2716666666666665,1.8577336551113386,41.85,4.699408946287229,3/3,3.243,,44.75,,1/1
ANTICOLI CORRADO,5800610001.0,794.0,4.955,,73.56666666666666,,1/1,0.38000000000000006,,5.6,,1/1,0.38000000000000006,,5.6,,1/1
ARCINAZZO ROMANO,5800810001.0,311.0,9.838,,18.833333333333332,,1/1,4.375,4.579223514964082,14.633333333333335,1.1313708498984758,2/2,7.632999999999999,,14.099999999999998,,1/1
ARCINAZZO ROMANO,5800810002.0,868.0,2.366,,32.18333333333333,,1/1,4.4835,5.912119797500724,12.324999999999998,10.618386830817988,2/2,0.316,,4.983333333333333,,1/1
ARICCIA,5800910001.0,17796.0,2.7432000000000003,1.7394721038292047,32.70333333333333,4.351075856740619,5/5,2.7214,1.7506859512773842,32.3,4.25421359752109,5/5,2.064,,33.9,,1/1
ARICCIA,5800926702.0,41.0,2.9184,1.9548929126681085,37.81,11.004043448761104,5/5,2.8964000000000003,1.9606678199021885,37.406666666666666,10.914456519273466,5/5,1.765,,29.216666666666665,,1/1
ARSOLI,5801010001.0,1260.0,0.43099999999999994,,6.35,,1/1,0.158,,3.0,,1/1,0.025,,0.45,,1/1
ARTENA,5801110001.0,9909.0,3.5689999999999995,2.477306299188698,26.376666666666665,13.270861983223913,5/5,2.5235,3.1313376800764665,17.5,11.07691125553342,4/4,0.767,,9.733333333333333,,1/1
ARTENA,5801110004.0,386.0,6.0194,3.492342666463301,31.583333333333336,11.65874135573819,5/5,5.605749999999999,3.379430166462979,35.079166666666666,9.059079494976093,4/4,2.904,,42.05,,1/1
ARTENA,5801110002.0,907.0,4.961200000000001,1.7201935065567482,22.303333333333335,11.523444701033533,5/5,3.94875,1.0002834181704037,13.075,3.335568694918232,4/4,4.7330000000000005,,17.216666666666665,,1/1
ARTENA,5801110005.0,96.0,3.3016,2.1457704443858856,30.05333333333333,16.912874780277107,5/5,3.4850000000000008,0.7584339127438857,24.47083333333333,9.975956048122608,4/4,4.235,,18.583333333333332,,1/1
ARTENA,5801110003.0,1605.0,5.2576,3.9213947518708183,22.65,15.34749798646165,5/5,4.45025,2.5145958422776413,14.545833333333333,3.132753344666401,4/4,5.794,,16.766666666666666,,1/1
BELLEGRA,5801210001.0,1797.0,0.054,,1.15,,1/1,0.054,,1.15,,1/1,0.526,,7.7,,1/1
BELLEGRA,5801220004.0,154.0,4.031,,36.416666666666664,,1/1,4.031,,36.416666666666664,,1/1,4.429,,37.516666666666666,,1/1
BELLEGRA,5801220003.0,81.0,3.4790000000000005,,43.63333333333333,,1/1,3.4790000000000005,,43.63333333333333,,1/1,3.877,,44.733333333333334,,1/1
BELLEGRA,5801226602.0,26.0,2.588,,16.25,,1/1,2.588,,16.25,,1/1,2.986,,17.35,,1/1
BRACCIANO,5801310006.0,886.0,5.669666666666667,0.8542004058377247,25.85,12.876895761185786,3/3,5.793499999999999,1.08965154980847,27.958333333333332,16.558083792784988,2/2,5.363,,21.983333333333334,,1/1
BRACCIANO,5801310001.0,12279.0,1.0673333333333332,0.12728838648255908,14.349999999999998,1.9507121206825415,3/3,1.0365,0.12374368670764593,14.208333333333334,2.3216672648958308,2/2,0.577,,7.866666666666665,,1/1
BRACCIANO,5801310004.0,373.0,2.921666666666667,0.8015424713222209,34.65555555555556,0.4882887730901921,3/3,2.497,0.029698484809834867,35.49166666666667,0.6717514421272222,2/2,3.311,,31.23333333333333,,1/1
BRACCIANO,5801310002.0,240.0,0.0,,38.333333333333336,1.5275252316519465,3/3,0.0,,39.0,1.4142135623730951,2/2,0.0,,38.0,,1/1
BRACCIANO,5801310005.0,1465.0,3.275,1.3389619113328057,32.05,7.730944314894527,3/3,2.8770000000000002,0.6010407640085654,42.05833333333334,8.709198521614312,2/2,2.9010000000000002,,13.866666666666667,,1/1
BRACCIANO,5801310003.0,280.0,2.2146666666666666,0.8624130874084259,37.74999999999999,13.08637968780263,3/3,2.3525,1.0896515498084698,40.075,16.675934922982744,2/2,1.922,,34.18333333333333,,1/1
BRACCIANO,5801320005.0,143.0,2.2816666666666667,1.3955036127983809,20.905555555555555,2.6289696615749465,3/3,2.2145,1.1151073939311857,33.916666666666664,17.15912455679355,2/2,1.8030000000000002,,28.366666666666667,,1/1
BRACCIANO,5801320006.0,762.0,3.1350000000000002,1.3562702533049968,33.75555555555556,2.685213282100766,3/3,3.5389999999999997,1.7493821766555184,33.25833333333333,1.9916841003421062,2/2,2.679,,41.25,,1/1
BRACCIANO,5801320003.0,52.0,3.5326666666666666,0.3186366792027139,48.82222222222222,4.271037258004109,3/3,3.4495,0.2835498192558054,47.75833333333333,3.7594510533084753,2/2,3.302,,45.88333333333333,,1/1
BRACCIANO,5801326704.0,41.0,0.0,,28.333333333333332,1.1547005383792515,3/3,0.0,,28.5,0.7071067811865476,2/2,0.0,,27.0,,1/1
CAMERATA NUOVA,5801410001.0,382.0,41.004,,124.43333333333334,,1/1,0.128,,1.666666666666667,,1/1,41.004,,124.43333333333334,,1/1
CAMPAGNANO DI ROMA,5801510001.0,7052.0,1.097,,14.633333333333333,,1/1,1.079,,14.366666666666667,,1/1,0.974,,12.616666666666667,,1/1
CAMPAGNANO DI ROMA,5801520001.0,253.0,3.741,,54.983333333333334,,1/1,3.722,,54.71666666666667,,1/1,4.003,,58.6,,1/1
CAMPAGNANO DI ROMA,5801520002.0,1186.0,3.59,,53.55,,1/1,3.571,,53.28333333333333,,1/1,3.276,,48.93333333333333,,1/1
CAMPAGNANO DI ROMA,5801520003.0,132.0,4.756,,15.05,,1/1,4.737,,14.783333333333333,,1/1,3.917,,59.3,,1/1
CANALE MONTERANO,5801610001.0,2123.0,0.2165,0.3061772362537751,3.216666666666667,4.549053625633456,2/2,0.535,,3.566666666666667,,1/1,0.0,,0.0,,1/1
CANALE MONTERANO,5801610002.0,918.0,3.0375,0.2496086937588511,39.93333333333334,3.1348400632603584,2/2,2.817,,37.11666666666667,,1/1,3.214,,42.15,,1/1
CANALE MONTERANO,5801620005.0,47.0,1.1105,0.2496086937588512,14.733333333333334,3.1348400632603597,2/2,0.891,,11.900000000000002,,1/1,1.287,,16.95,,1/1
CANALE MONTERANO,5801620004.0,46.0,2.0285,0.24960869375885125,26.383333333333336,3.134840063260361,2/2,1.809,,23.566666666666666,,1/1,2.205,,28.6,,1/1
CANTERANO,5801710001.0,317.0,11.465,,43.68333333333333,,1/1,0.047,,0.9666666666666667,,1/1,11.442,,43.36666666666667,,1/1
CAPENA,5801810001.0,2055.0,3.2955,3.1006632355030113,15.441666666666666,2.1566756826189692,2/2,6.128,0.9319667376038694,17.091666666666665,5.7629202666703625,2/2,5.437,,12.533333333333333,,1/1
CAPENA,5801810002.0,6065.0,2.3905000000000003,2.454367637498507,11.991666666666669,2.2509565867771766,2/2,6.078,7.75413296249168,19.391666666666666,14.318912319027586,2/2,0.563,,8.8,,1/1
CAPENA,5801820001.0,888.0,2.068,,53.666666666666664,5.18544972870135,2/2,1.8,,53.275,6.682159082212876,2/2,0.0,,58.03333333333333,,1/1
CAPENA,5801810003.0,100.0,4.934500000000001,2.854590075650093,25.666666666666664,5.3740115370177595,2/2,5.9695,1.3640089809088503,19.591666666666665,1.9445436482630056,2/2,6.902,,20.483333333333334,,1/1
CAPENA,5801820005.0,329.0,2.6905,2.1870812742099917,15.975,0.12963624321753386,2/2,6.4455,3.1501607101860696,21.116666666666667,8.414570696119917,2/2,4.186,,14.683333333333334,,1/1
CAPENA,5801820004.0,388.0,3.6099999999999994,0.8287291475506334,40.50833333333333,6.8000102124106325,2/2,7.136500000000001,6.356182856085876,46.18333333333333,7.707463914933367,2/2,2.932,,43.71666666666666,,1/1
CAPENA,5801820003.0,167.0,2.6780000000000004,1.6899852070358488,19.71666666666667,0.18856180831641453,2/2,6.422499999999999,3.6324075349552944,24.708333333333336,8.520636713297899,2/2,3.822,,18.2,,1/1
CAPRANICA PRENESTINA,5801910001.0,193.0,8.926,,21.516666666666666,,1/1,76.307,,181.48333333333332,,1/1,73.343,,176.15000000000003,,1/1
CAPRANICA PRENESTINA,5801910002.0,46.0,18.402,,39.86666666666667,,1/1,93.373,,269.875000,,0/1,85.443,,262.319444,,0/1
CAPRANICA PRENESTINA,5801920002.0,33.0,9.473,,30.533333333333335,,1/1,76.854,,190.5,,1/1,73.89,,185.16666666666666,,1/1
CARPINETO ROMANO,5802010001.0,3866.0,0.786,,6.283333333333333,,1/1,0.525,,8.55,,1/1,0.025,,0.36666666666666664,,1/1
CASAPE,5802110001.0,622.0,3.3039999999999994,,52.783333333333324,,1/1,0.302,,6.766666666666667,,1/1,3.271,,46.9,,1/1
CASTEL GANDOLFO,5802210001.0,3464.0,2.916,,38.85,,1/1,4.5424999999999995,4.984395700583974,23.900000000000002,14.28355697996826,2/2,0.471,,6.433333333333333,,1/1
CASTEL GANDOLFO,5802210002.0,4804.0,1.113,,16.966666666666665,,1/1,4.5200000000000005,1.9275730855145283,27.650000000000002,17.41839704322862,2/2,5.931,,42.733333333333334,,1/1
CASTEL GANDOLFO,5802220001.0,156.0,0.366,,5.4,,1/1,3.6134999999999993,2.320017349073062,33.275,2.1331054565794174,2/2,2.403,,41.03333333333333,,1/1
CASTEL MADAMA,5802310001.0,5770.0,0.506,0.09020532135079391,7.377777777777778,1.2867199182992963,3/3,0.563,,8.25,,1/1,0.321,,4.766666666666667,,1/1
CASTEL MADAMA,5802310002.0,126.0,5.2266666666666675,0.817824145726533,18.055555555555557,6.377484991343753,3/3,6.171,,25.35,,1/1,4.839,,14.616666666666667,,1/1
CASTEL MADAMA,5802320002.0,53.0,5.659,0.8151325045659756,17.038888888888888,1.797091271203842,3/3,4.755,,15.800000000000002,,1/1,5.875,,17.3,,1/1
CASTEL MADAMA,5802320005.0,115.0,4.992666666666667,0.8149946830092406,18.405555555555555,1.7970912712038398,3/3,4.089,,17.166666666666668,,1/1,5.208000000000001,,18.666666666666668,,1/1
CASTEL MADAMA,5802320004.0,48.0,4.544666666666667,0.8149946830092412,12.92222222222222,1.7970912712038405,3/3,3.641,,11.683333333333332,,1/1,4.76,,13.183333333333332,,1/1
CASTEL MADAMA,5802326603.0,23.0,5.149666666666667,0.817824145726533,31.638888888888893,6.377484991343749,3/3,6.094,,38.93333333333333,,1/1,4.762,,28.2,,1/1
CASTELNUOVO DI PORTO,5802410001.0,3937.0,0.823,0.09475230867899737,13.166666666666668,1.6263455967290585,2/2,14.842999999999998,19.95031072439725,56.858333333333334,63.83995722812546,2/2,0.756,,12.016666666666667,,1/1
CASTELNUOVO DI PORTO,5802410002.0,1680.0,17.767500000000002,0.020506096654409816,62.75833333333333,0.3181980515339484,2/2,11.2965,9.303403920071405,42.333333333333336,31.065557920128985,2/2,17.782,,62.983333333333334,,1/1
CASTELNUOVO DI PORTO,5802420001.0,207.0,5.5735,0.02050609665440982,28.541666666666668,0.31819805153394587,2/2,15.4865,13.867071085849386,48.10833333333334,25.491199461775043,2/2,5.588000000000001,,28.766666666666666,,1/1
CASTELNUOVO DI PORTO,5802420005.0,449.0,3.1759999999999997,0.0947523086789973,47.266666666666666,1.6263455967290572,2/2,17.1785,19.925561987055723,97.19166666666666,72.67879199295733,2/2,3.109,,46.11666666666667,,1/1
CASTELNUOVO DI PORTO,5802420006.0,128.0,3.1235,0.02050609665440982,44.233333333333334,0.3299831645537235,2/2,15.507000000000001,17.360885691692115,71.58333333333334,36.510280135265404,2/2,3.138,,44.46666666666667,,1/1
CASTELNUOVO DI PORTO,5802420004.0,910.0,20.603499999999997,0.020506096654409816,77.575,0.3181980515339484,2/2,11.532499999999999,12.980359182241452,54.73333333333333,34.48324069586396,2/2,20.618,,77.8,,1/1
CASTELNUOVO DI PORTO,5802420003.0,394.0,5.3055,0.02050609665440982,25.208333333333336,0.31819805153394587,2/2,15.2185,13.867071085849384,44.775,25.491199461775036,2/2,5.319999999999999,,25.433333333333334,,1/1
CASTEL SAN PIETRO ROMANO,5802510001.0,32.0,2.874,,56.38333333333333,,1/1,2.874,,56.38333333333333,,1/1,1.775,,25.016666666666666,,1/1
CASTEL SAN PIETRO ROMANO,5802510002.0,386.0,0.10800000000000001,,1.3666666666666667,,1/1,0.10800000000000001,,1.3666666666666667,,1/1,6.909,,18.6,,1/1
CASTEL SAN PIETRO ROMANO,5802520002.0,229.0,0.7489999999999999,,13.133333333333333,,1/1,0.7489999999999999,,13.133333333333333,,1/1,5.014,,12.933333333333334,,1/1
CASTEL SAN PIETRO ROMANO,5802510003.0,106.0,1.641,,31.816666666666666,,1/1,1.641,,31.816666666666666,,1/1,1.237,,19.433333333333334,,1/1
CAVE,5802610001.0,8340.0,0.71,,10.066666666666666,,1/1,0.8,,11.416666666666666,,1/1,1.385,,20.45,,1/1
CAVE,5802610002.0,1586.0,5.537000000000001,,34.95,,1/1,5.481,,34.21666666666667,,1/1,5.327,,40.11666666666667,,1/1
CAVE,5802620006.0,81.0,5.124,,28.766666666666666,,1/1,5.068,,28.033333333333335,,1/1,4.914,,34.05,,1/1
CAVE,5802620004.0,66.0,22.219,,80.33333333333333,,1/1,22.163,,79.6,,1/1,32.948,,130.88333333333333,,1/1
CERRETO LAZIALE,5802710001.0,1044.0,0.201,,3.8833333333333333,,1/1,8.896,,71.66666666666667,,1/1,8.896,,71.66666666666667,,1/1
CERRETO LAZIALE,5802710002.0,25.0,1.306,,26.08333333333333,,1/1,6.868,,51.16666666666666,,1/1,6.868,,51.16666666666666,,1/1
CERVARA DI ROMA,5802810001.0,184.0,13.811000000000002,,45.5,,1/1,14.069000000000003,,48.73333333333334,,1/1,49.844,,152.8,,1/1
CERVARA DI ROMA,5802810002.0,42.0,8.888,,68.3,,1/1,9.146,,71.53333333333333,,1/1,29.291,,95.68333333333334,,1/1
CERVARA DI ROMA,5802820001.0,82.0,48.256,,89.643750,,0/1,43.256,,93.887500,,0/1,65.262,,200.550000,,0/1
CERVARA DI ROMA,5802820006.0,39.0,7.313999999999999,,27.416666666666668,,1/1,7.572,,30.65,,1/1,43.348,,134.71666666666667,,1/1
CERVETERI,5802910006.0,151.0,18.46183333333333,2.280078719401299,52.78611111111111,24.723060347840498,6/6,19.490666666666666,13.675333190334584,43.39722222222222,26.80497552625189,6/8,27.34766666666667,13.674831126318649,67.78888888888889,35.80480388832596,3/3
CERVETERI,5802910001.0,81.0,88.006,,184.58333333333334,,1/6,45.7705,60.537532857723896,118.44166666666666,106.31350455139743,2/8,87.936,,183.51666666666668,,1/3
CERVETERI,5802910002.0,16299.0,2.6810000000000005,3.913546984514176,21.055555555555557,19.591581714452616,6/6,4.314833333333333,6.84808155373946,29.26388888888889,33.706676583375824,6/8,4.220666666666667,5.433496142754988,29.900000000000002,23.37750580745897,3/3
CERVETERI,5802910004.0,299.0,52.36,,219.192708,,0/6,39.58,,140.649479,,0/8,69.15,,217.926042,,0/3
CERVETERI,5802920001.0,179.0,52.36,,219.192708,,0/6,39.58,,140.649479,,0/8,69.15,,217.926042,,0/3
CERVETERI,5802910005.0,3897.0,17.055166666666665,1.2648989551211853,66.96666666666665,6.059757970964407,6/6,14.879666666666669,5.765694326502807,63.83888888888888,8.870623594931924,6/8,17.591666666666665,1.6214883081087361,68.69444444444444,6.886910558228345,3/3
CERVETERI,5802910003.0,9601.0,8.841833333333332,3.9552021145153464,40.53888888888889,13.73271708433981,6/6,10.686666666666664,6.020044872479496,46.52222222222222,18.7973362967164,6/8,8.071333333333333,6.091439266161433,37.78333333333334,20.70093261452515,3/3
CERVETERI,5802910007.0,47.0,17.923000000000002,4.153947520130701,60.64166666666666,28.465130227857536,6/6,15.140166666666667,3.6440271358301746,46.50555555555555,29.97590266765524,6/8,18.536333333333335,6.638908519729228,57.83888888888889,44.57729346419085,3/3
CERVETERI,5802920014.0,52.0,14.973333333333334,9.536101712265166,52.89444444444444,13.531907423512715,6/6,17.62816666666667,17.46709746256277,61.01944444444444,40.33643158439977,6/8,19.613333333333337,12.675279655034572,56.98888888888889,17.28707234815573,3/3
CERVETERI,5802920005.0,60.0,25.64333333333333,29.48210414924055,68.11111111111111,43.317532589352666,6/6,23.265999999999995,31.13422893215761,61.48888888888889,48.95602524110191,6/8,36.62166666666666,42.533866334173446,71.99444444444444,67.73501542640123,3/3
CERVETERI,5802920013.0,152.0,39.928000000000004,3.8019727510859407,74.35555555555555,9.412849767245874,6/6,41.810833333333335,5.831883826574967,82.65833333333333,18.854397512398947,6/8,39.209666666666664,5.888524461470236,73.44444444444444,14.226367668418986,3/3
CERVETERI,5802920006.0,100.0,20.190833333333334,2.2800787194012986,77.58611111111112,24.72306034784049,6/6,21.211666666666666,13.677706630377283,68.1361111111111,26.916819229013807,6/8,29.070666666666668,13.664727305487414,92.58888888888889,35.80480388832596,3/3
CERVETERI,5802920011.0,144.0,19.646,0.8167643478996863,86.49444444444444,29.87550030574414,6/6,21.656833333333335,13.678045860672741,74.65277777777777,26.916819229013807,6/8,27.53633333333333,15.001885259304355,103.88888888888889,41.92952530845767,3/3
CERVETERI,5802920004.0,93.0,40.595,3.8019727510859407,83.07222222222221,9.412849767245874,6/6,42.477833333333336,5.831883826574967,91.375,18.854397512398943,6/8,39.876666666666665,5.888524461470236,82.16111111111111,14.22636766841899,3/3
CERVETERI,5802920003.0,42.0,14.600333333333335,9.53610171226517,47.644444444444446,13.531907423512715,6/6,17.255166666666664,17.46709746256277,55.769444444444446,40.33643158439977,6/8,19.240333333333336,12.675279655034572,51.738888888888894,17.28707234815573,3/3
CERVETERI,5802926612.0,30.0,52.36,,219.192708,,0/6,39.58,,140.649479,,0/8,69.15,,217.926042,,0/3
CERVETERI,5802920019.0,38.0,46.6584,0.8587393667463955,134.21333333333334,16.46380457582971,5/6,37.1958,18.584555770854465,110.26666666666668,30.429337543451936,5/8,45.1135,0.611647365726365,115.625,1.3788582233137596,2/3
CERVETERI,5802926622.0,32.0,15.629333333333335,1.4413785993508663,73.46944444444445,23.34625217761388,6/6,18.48016666666667,14.20146253618502,72.98888888888888,28.952070865611795,6/8,25.844666666666665,17.03481582915804,88.05555555555554,34.40636380628401,3/3
CERVETERI,5802926607.0,32.0,18.819833333333335,0.9862485318958237,74.25,25.592991662215304,6/6,20.985,13.671613101605823,62.91388888888889,24.37037458488087,6/8,26.581333333333333,15.260243193780804,86.53333333333335,35.78555341661399,3/3
CERVETERI,5802926615.0,37.0,27.19533333333334,29.48210414924055,88.52777777777777,43.31753258935265,6/6,25.228500000000004,30.834836972165107,76.16666666666667,53.00011740028926,6/8,38.17366666666667,42.533866334173446,92.41111111111111,67.73501542640125,3/3
CICILIANO,5803010001.0,1057.0,0.368,,6.466666666666667,,1/1,8.882,,27.95,,1/1,8.882,,27.95,,1/1
CICILIANO,5803020001.0,56.0,1.56,,28.033333333333335,,1/1,7.836999999999999,,12.583333333333334,,1/1,7.836999999999999,,12.583333333333334,,1/1
CINETO ROMANO,5803110001.0,491.0,8.298,,77.43333333333334,,1/1,8.298,,77.43333333333334,,1/1,9.121,,82.91666666666667,,1/1
CINETO ROMANO,5803120001.0,75.0,9.09,,67.06666666666666,,1/1,9.09,,67.06666666666666,,1/1,10.011,,75.68333333333334,,1/1
CIVITELLA SAN PAOLO,5803310001.0,1372.0,0.226,,2.75,,1/1,0.226,,2.75,,1/1,0.118,,1.9,,1/1
CIVITELLA SAN PAOLO,5803320002.0,100.0,2.858,,9.516666666666667,,1/1,2.858,,9.516666666666667,,1/1,2.9730000000000003,,11.783333333333333,,1/1
COLLEFERRO,5803410001.0,19545.0,0.9162,0.627293153158872,9.546666666666667,2.479370439804786,5/5,0.8634000000000002,0.6409846332011401,8.763333333333334,1.7654240913225985,5/5,0.5305,0.4433559518039653,7.225,6.092903431224085,2/2
COLLEFERRO,5803420002.0,64.0,2.9458,1.2096444518948533,30.25333333333333,6.914873261472132,5/5,3.0748000000000006,1.114276087870506,31.95333333333333,6.627105535433835,5/5,3.09,0.6986214998123089,34.125,0.4360491817316996,2/2
COLLEFERRO,5803420001.0,38.0,4.3658,1.5468454027471523,14.583333333333332,4.059146051408678,5/5,4.329200000000001,1.5111411912855797,13.936666666666667,3.5950467467212595,5/5,4.4765,1.457347076025474,14.225,4.5136982865741295,2/2
COLLEFERRO,5803410003.0,873.0,5.3149999999999995,0.7230525568725972,16.783333333333335,1.5895492023421816,5/5,5.2782,0.7548935024226929,16.136666666666667,1.7337900039444734,5/5,5.0504999999999995,0.04596194077712586,15.725000000000001,2.3923779430144867,2/2
COLONNA,5803510001.0,3854.0,0.373,,6.616666666666666,,1/1,0.373,,6.616666666666666,,1/1,0.373,,6.616666666666666,,1/1
COLONNA,5803510002.0,21.0,1.834,,31.433333333333334,,1/1,1.834,,31.433333333333334,,1/1,1.834,,31.433333333333334,,1/1
COLONNA,5803526601.0,40.0,0.9099999999999999,,13.75,,1/1,0.9099999999999999,,13.75,,1/1,0.9099999999999999,,13.75,,1/1
FIANO ROMANO,5803610001.0,13944.0,1.7634999999999998,0.7304413049657034,10.033333333333333,1.8384776310850246,2/2,1.7783333333333335,0.7949272503401387,7.4111111111111105,1.4384920087575248,3/3,0.181,,2.6166666666666667,,1/1
FILACCIANO,5803710001.0,370.0,0.551,,7.983333333333333,,1/1,4.701,,15.483333333333333,,1/1,7.093,,46.15,,1/1
FORMELLO,5803810001.0,8039.0,3.8085,4.581344835307641,50.95,59.34982916759089,2/2,3.9564999999999997,4.314058472019126,53.333333333333336,55.083618254432054,2/2,0.697,,9.933333333333334,,1/1
FORMELLO,5803810002.0,3217.0,6.9959999999999996,8.950557636259319,48.53333333333333,53.315851301465685,2/2,7.3,9.438461315278037,46.54166666666667,51.41844810528178,2/2,13.195,,87.43333333333334,,1/1
FORMELLO,5803820001.0,144.0,32.995999999999995,2.8354981925580542,151.29999999999998,9.923065162651215,2/2,33.2995,3.322694764795588,149.31666666666666,8.013876853447524,2/2,34.871,,159.51666666666668,,1/1
FORMELLO,5803820007.0,159.0,5.7055,3.522098877090193,60.025000000000006,53.35120664052501,2/2,6.009,3.0349023048526615,58.041666666666664,55.260394949728685,2/2,3.085,,23.5,,1/1
FORMELLO,5803820005.0,263.0,11.9035,7.983942666377307,87.6,54.423651925324606,2/2,12.206999999999999,7.496746094139777,85.61666666666667,56.33284023452829,2/2,6.128,,50.31666666666667,,1/1
FORMELLO,5803820014.0,198.0,7.24,3.52280598387138,65.10833333333333,53.35120664052501,2/2,7.544,3.0349023048526615,63.12500000000001,55.26039494972869,2/2,4.62,,28.583333333333332,,1/1
FORMELLO,5803820013.0,74.0,7.322,4.057378710448409,60.325,61.93076891892178,2/2,7.625500000000001,3.5701821382108787,58.34166666666666,63.83995722812546,2/2,4.323,,17.733333333333334,,1/1
FRASCATI,5803910001.0,22080.0,3.5620000000000003,1.0172848175412823,49.24444444444445,6.630959932741988,6/6,3.8412,0.8705832527679359,49.49333333333333,4.545764206623815,5/5,3.1800000000000006,1.274206419698159,43.275,6.682159082212876,2/2
GALLICANO NEL LAZIO,5804010001.0,1575.0,6.230999999999999,,20.15,,1/1,4.531,,17.25,,1/1,3.7429999999999994,,56.483333333333334,,1/1
GALLICANO NEL LAZIO,5804010002.0,3962.0,2.275,,14.916666666666666,,1/1,1.5929999999999997,,11.35,,1/1,1.68,,12.1,,1/1
GALLICANO NEL LAZIO,5804020003.0,75.0,3.849,,21.466666666666665,,1/1,3.166,,17.9,,1/1,3.253,,18.65,,1/1
GALLICANO NEL LAZIO,5804026606.0,26.0,3.385,,15.566666666666666,,1/1,2.702,,12.0,,1/1,2.7890000000000006,,12.75,,1/1
GAVIGNANO,5804110001.0,754.0,0.308,,3.966666666666667,,1/1,0.365,,4.633333333333334,,1/1,0.032,,0.5166666666666667,,1/1
GAVIGNANO,5804120005.0,48.0,3.074,,26.216666666666665,,1/1,3.115,,26.7,,1/1,3.361,,26.883333333333336,,1/1
GAVIGNANO,5804120008.0,121.0,2.484,,41.06666666666668,,1/1,2.541,,41.733333333333334,,1/1,2.208,,37.61666666666667,,1/1
GAVIGNANO,5804120009.0,65.0,5.781,,23.533333333333335,,1/1,5.808,,24.016666666666666,,1/1,5.492,,22.95,,1/1
GAVIGNANO,5804120010.0,102.0,5.103,,10.883333333333333,,1/1,5.13,,11.366666666666667,,1/1,4.813,,10.3,,1/1
GAVIGNANO,5804120006.0,65.0,2.054,,11.483333333333333,,1/1,2.095,,11.966666666666667,,1/1,2.341,,12.15,,1/1
GAVIGNANO,5804120011.0,37.0,6.54,,31.0,,1/1,6.567,,31.483333333333338,,1/1,6.25,,30.416666666666668,,1/1
GENAZZANO,5804210001.0,4151.0,17.7355,23.990011765315998,71.73333333333333,86.59701046931252,2/2,0.469,,7.9333333333333345,,1/1,0.772,,10.5,,1/1
GENAZZANO,5804220002.0,204.0,36.5195,4.077884807102817,129.06666666666666,42.61496867950925,2/2,33.359,,93.58333333333333,,1/1,33.636,,98.93333333333334,,1/1
GENAZZANO,5804220003.0,56.0,25.285500000000003,31.677676690376146,100.67500000000003,113.00744874663008,2/2,2.559,,24.95,,1/1,2.886,,20.76666666666667,,1/1
GENAZZANO,5804226601.0,39.0,23.735500000000002,25.25007604939043,110.00833333333333,100.20881600715357,2/2,5.604,,33.766666666666666,,1/1,5.881,,39.15,,1/1
GENAZZANO,5804226604.0,28.0,37.2545,4.077884807102817,130.58333333333331,42.61496867950926,2/2,34.094,,95.1,,1/1,34.371,,100.45,,1/1
GENZANO DI ROMA,5804310001.0,850.0,7.199,2.543457980781283,28.760000000000005,6.531426167214767,5/5,7.2341999999999995,2.561365397595587,29.213333333333335,6.111207827517497,5/5,8.852,0.1838477631085022,27.633333333333336,2.1684607956387456,2/2
GENZANO DI ROMA,5804310002.0,19339.0,2.3326000000000002,3.3122612064871944,13.506666666666666,5.152609910413255,5/5,2.3864000000000005,3.27609314580645,14.259999999999996,4.122324047858871,5/5,0.9740000000000001,0.3775950211536165,15.524999999999999,6.988572020727044,2/2
GENZANO DI ROMA,5804320002.0,141.0,4.5364,0.5278326439317674,43.126666666666665,8.430192102727487,5/5,4.4958,0.6133512044497834,43.223333333333336,8.397954446702416,5/5,4.828,0.1923330444827411,39.34166666666666,0.4596194077712549,2/2
GENZANO DI ROMA,5804320001.0,53.0,9.485000000000001,4.684248178736904,61.593333333333334,25.728352821136625,5/5,9.5202,4.703013842207994,62.04666666666666,25.922082499504377,5/5,12.100999999999999,0.1838477631085022,73.98333333333333,2.168460795638743,2/2
GENZANO DI ROMA,5804310003.0,682.0,7.629,3.7732802042785,22.05,6.377423286702693,5/5,7.664200000000001,3.7918082361849472,22.50333333333333,6.339310775716167,5/5,9.836,0.1838477631085022,25.183333333333334,2.1684607956387456,2/2
GENZANO DI ROMA,5804320003.0,47.0,6.5834,3.708641098839304,27.610000000000003,7.074235333628333,5/5,6.630999999999999,3.6926067350856626,27.830000000000002,6.839208856130788,5/5,4.1,0.7707463914933363,20.55,0.8956685895029596,2/2
GENZANO DI ROMA,5804326705.0,24.0,10.65,5.667444706391056,56.906666666666666,19.961249265069114,5/5,10.6064,5.638876599110855,57.00333333333332,20.02305060562839,5/5,14.8275,0.19304015126392726,65.56666666666666,0.4949747468305853,2/2
GENZANO DI ROMA,5804326704.0,54.0,13.025,7.690347001273739,75.12,26.004575986203317,5/5,12.9816,7.657650083413319,75.21666666666667,26.071224558888677,5/5,18.8655,0.19304015126392726,87.91666666666667,0.4949747468305853,2/2
GERANO,5804410001.0,936.0,0.795,,11.1,,1/1,7.289,,51.166666666666664,,1/1,7.289,,51.166666666666664,,1/1
GERANO,5804426602.0,21.0,0.515,,7.15,,1/1,7.838000000000001,,57.39999999999999,,1/1,7.838000000000001,,57.39999999999999,,1/1
GORGA,5804510001.0,459.0,0.268,,3.316666666666667,,1/1,0.268,,3.316666666666667,,1/1,40.586,,107.86666666666666,,1/1
GORGA,5804510002.0,102.0,7.946,,20.65,,1/1,7.946,,20.65,,1/1,33.791,,96.55,,1/1
GROTTAFERRATA,5804610002.0,19274.0,1.8756666666666668,0.32222093869476176,25.433333333333334,3.4022459901920348,3/3,1.8033333333333332,0.39785969051077963,24.738888888888887,3.943712764688926,3/3,2.0485,0.37971634149717615,27.5,3.4176827757349817,2/2
GROTTAFERRATA,5804610004.0,157.0,4.739,0.9628603221651625,45.32222222222222,1.716612728386709,3/3,4.945666666666667,1.2457826188116985,45.588888888888896,2.3392979320332032,3/3,4.063,2.002526404320303,39.6,8.01387685344754,2/2
GROTTAFERRATA,5804620007.0,66.0,5.479333333333334,0.9898284363127445,39.93888888888889,4.95059854218921,3/3,5.1160000000000005,1.435892405439906,39.43333333333333,5.3443376057697245,3/3,5.7475000000000005,1.3201683604752843,41.60833333333333,6.635018630133771,2/2
GROTTAFERRATA,5804610005.0,193.0,3.623666666666667,0.9411595684756828,32.61111111111111,0.9730155493409431,3/3,3.8303333333333334,1.2258883853489,32.87777777777778,1.9564944084689782,3/3,2.954,1.9756563466352137,26.658333333333335,8.968471008049377,2/2
GROTTAFERRATA,5804610003.0,101.0,4.767666666666667,0.5487443241923632,46.16111111111111,0.9730155493409461,3/3,4.974333333333333,0.8802961622847922,46.427777777777784,1.9564944084689755,3/3,4.088,1.66311514935076,42.349999999999994,5.939696961966998,2/2
GROTTAFERRATA,5804620006.0,86.0,5.833,0.548896165043991,48.1111111111111,0.9730155493409431,3/3,6.039666666666666,0.8802331130634279,48.37777777777778,1.9564944084689782,3/3,5.274,1.491995308303615,45.891666666666666,3.6887403751898242,2/2
GROTTAFERRATA,5804626605.0,32.0,4.547999999999999,0.6255493585641344,16.938888888888886,0.4613787710443242,3/3,4.754666666666666,0.9452123218268652,17.205555555555556,1.7804753838771799,3/3,4.5120000000000005,0.8174154390516487,18.133333333333333,0.7778174593052033,2/2
GROTTAFERRATA,5804626701.0,88.0,5.135000000000001,0.6255493585641344,17.47222222222222,0.46137877104432257,3/3,5.341666666666666,0.945212321826865,17.738888888888887,1.7804753838771807,3/3,5.099,0.8174154390516487,18.666666666666664,0.7778174593052007,2/2
JENNE,5804810001.0,305.0,13.622,,30.366666666666667,,1/1,37.327,,186.45,,1/1,13.622,,30.366666666666667,,1/1
LABICO,5804910001.0,5017.0,1.379,0.268700576850888,18.525000000000002,3.806591505387579,2/2,1.232,,16.45,,1/1,1.45,,18.466666666666665,,1/1
LABICO,5804920001.0,1112.0,10.980500000000001,0.3372899346259821,88.11666666666667,0.11785113019776128,2/2,10.785,,88.81666666666666,,1/1,11.097,,85.91666666666667,,1/1
LANUVIO,5805010001.0,697.0,13.302333333333333,4.061736369255559,63.2111111111111,32.51491253312912,3/3,13.9615,3.0049115904909196,68.44583333333334,29.299334384425364,4/4,15.088999999999999,,85.51666666666667,,1/1
LANUVIO,5805010002.0,6056.0,8.463999999999999,12.912940292590221,54.599999999999994,65.92835336771105,3/3,2.381,2.857119761811418,22.795833333333334,14.115504838717312,4/4,0.855,,14.516666666666667,,1/1
LANUVIO,5805010004.0,1672.0,12.271333333333335,0.8100310693629804,63.911111111111104,27.380469181381688,3/3,10.706750000000001,3.004425666135432,66.1125,29.299334384425364,4/4,11.834,,83.18333333333332,,1/1
LANUVIO,5805020002.0,251.0,12.631,8.685003799653746,81.12777777777778,26.78567368603625,3/3,9.595000000000002,7.383054516932678,84.34583333333335,42.424218657551066,4/4,3.36,,55.983333333333334,,1/1
LANUVIO,5805020001.0,112.0,9.922666666666666,12.584646611380604,78.8111111111111,58.7877002756844,3/3,3.89075,2.5721906843518947,48.079166666666666,8.23024430356088,4/4,2.5190000000000006,,43.016666666666666,,1/1
LANUVIO,5805010003.0,164.0,10.822,3.336991309548169,59.166666666666664,22.430949600942,3/3,7.3115,3.004911590490919,58.41250000000001,29.299334384425364,4/4,8.439,,75.48333333333333,,1/1
LANUVIO,5805020004.0,372.0,15.149333333333336,2.9439586161040614,93.97777777777777,32.024610038970785,3/3,12.94475,4.447939401190924,97.97916666666667,35.04896673861363,4/4,13.035000000000002,,121.55,,1/1
LANUVIO,5805020003.0,297.0,12.369,10.307982731844287,78.33888888888889,28.70018550720793,3/3,7.5645,5.083590758509186,79.39999999999999,38.93841053272225,4/4,3.36,,55.6,,1/1
LICENZA,5805110001.0,36.0,2.765,,36.766666666666666,,1/1,2.64,,34.833333333333336,,1/1,47.165,,187.75,,1/1
LICENZA,5805110002.0,773.0,0.277,,4.85,,1/1,0.152,,2.85,,1/1,44.37199999999999,,156.93333333333334,,1/1
MAGLIANO ROMANO,5805210001.0,1321.0,0.14,,1.7833333333333332,,1/1,0.457,,7.1000000000000005,,1/1,0.457,,7.1000000000000005,,1/1
MANDELA,5805310001.0,602.0,0.064,,1.0833333333333333,,1/1,0.064,,1.0833333333333333,,1/1,3.736,,52.766666666666666,,1/1
MANDELA,5805320001.0,237.0,1.23,,19.966666666666665,,1/1,1.23,,19.966666666666665,,1/1,3.4480000000000004,,49.35,,1/1
MANZIANA,5805410001.0,6760.0,0.294,,4.3,,1/1,0.463,,7.2,,1/1,0.454,,6.466666666666666,,1/1
MANZIANA,5805420001.0,184.0,3.289,,46.51666666666666,,1/1,3.458,,49.4,,1/1,3.2729999999999997,,46.43333333333334,,1/1
MANZIANA,5805420003.0,93.0,1.716,,24.55,,1/1,1.885,,27.433333333333334,,1/1,2.006,,28.6,,1/1
MANZIANA,5805426702.0,68.0,2.255,,32.583333333333336,,1/1,2.424,,35.45,,1/1,2.545,,36.63333333333333,,1/1
MARANO EQUO,5805510001.0,782.0,0.496,,7.116666666666666,,1/1,0.366,,5.533333333333333,,1/1,4.184,,35.56666666666667,,1/1
MARCELLINA,5805610001.0,6636.0,0.515,,6.866666666666666,,1/1,0.549,,8.566666666666666,,1/1,0.157,,2.15,,1/1
MARCELLINA,5805620002.0,134.0,6.797,,42.21666666666667,,1/1,5.902,,42.5,,1/1,5.57,,41.083333333333336,,1/1
MARCELLINA,5805620001.0,43.0,3.474,,7.183333333333334,,1/1,4.554,,10.933333333333334,,1/1,4.221,,9.783333333333333,,1/1
MAZZANO ROMANO,5805810001.0,2452.0,0.456,,5.816666666666666,,1/1,0.456,,5.816666666666666,,1/1,0.456,,5.816666666666666,,1/1
MENTANA,5805910001.0,1959.0,10.602749999999999,1.217148409192568,26.304166666666667,3.3873505160403043,4/4,9.404,0.8579492992012985,20.594444444444445,3.374427249068981,3/3,9.530499999999998,1.1730901499884816,19.19166666666667,3.3116167585569976,2/2
MENTANA,5805910002.0,118.0,2.02925,1.1176443605488584,18.983333333333334,9.051652192136384,4/4,1.9483333333333335,0.3083136930681694,18.11111111111111,4.571418857463224,3/3,1.869,0.39032294321497424,19.316666666666666,5.751135153650586,2/2
MENTANA,5805910004.0,181.0,4.6659999999999995,1.9434661475484123,38.766666666666666,5.078950751950713,4/4,3.84,0.9139239574494149,35.544444444444444,2.6525843443147474,3/3,4.0615,1.173090149988482,34.824999999999996,3.3116167585569953,2/2
MENTANA,5805920001.0,500.0,2.52,1.4376237338051985,24.52916666666667,8.261135862624506,4/4,2.06,0.36841824059077205,27.933333333333334,1.3000000000000007,3/3,1.848,0.042426406871192736,27.28333333333333,0.9192388155425123,2/2
MENTANA,5805910003.0,18345.0,2.25625,1.3574575192862082,13.916666666666666,3.0235189211689533,4/4,0.528,0.3976417986077419,7.288888888888889,5.4873676479441125,3/3,0.39449999999999996,0.4574980874276962,5.25,5.939696961966999,2/2
MONTE COMPATRI,5806010001.0,97.0,18.759999999999998,18.765164747478238,67.69444444444446,43.071895107461295,3/3,2.6415,0.5437651147324548,41.96666666666666,18.832610605601715,2/2,3.171,,57.36666666666667,,1/1
MONTE COMPATRI,5806010006.0,119.0,6.550333333333334,3.4057495993295412,59.833333333333336,10.083498621234819,3/3,3.2950000000000004,1.6928136341605948,49.36666666666667,13.953573815414538,2/2,2.242,,41.56666666666667,,1/1
MONTE COMPATRI,5806010002.0,554.0,13.627999999999998,18.63702049684981,67.62222222222222,61.676423402331814,3/3,24.394,15.014705391715152,100.825,35.55568598066356,2/2,13.921,,77.76666666666667,,1/1
MONTE COMPATRI,5806010004.0,3074.0,24.316333333333333,19.236987662660006,77.38333333333334,49.55994966816564,3/3,18.378000000000004,22.828235323826505,61.35833333333334,53.445487544683225,2/2,34.664,,101.23333333333333,,1/1
MONTE COMPATRI,5806020002.0,64.0,6.179333333333333,2.970863903536029,59.93333333333334,10.985381700747185,3/3,3.071,1.3831008640008873,46.475,10.099841857947853,2/2,2.237,,41.4,,1/1
MONTE COMPATRI,5806020001.0,61.0,19.61066666666667,15.594715974756749,71.8888888888889,47.56906188005128,3/3,6.067,4.221427483683689,52.18333333333334,6.15182899632296,2/2,3.226,,58.6,,1/1
MONTE COMPATRI,5806010005.0,47.0,25.583333333333332,13.062104820178613,95.65555555555555,36.8761453055033,3/3,20.1305,12.8884353006872,75.07499999999999,21.57854193920947,2/2,29.388,,92.41666666666669,,1/1
MONTE COMPATRI,5806010003.0,5848.0,12.328666666666667,15.590500451663935,54.138888888888886,42.69224602161814,3/3,15.358500000000001,21.100773457387763,56.725,68.08259791524475,2/2,0.582,,10.65,,1/1
MONTE COMPATRI,5806010008.0,307.0,17.947666666666667,17.991019324466674,66.52777777777777,45.94112879343317,3/3,7.636000000000001,9.325324230288189,35.141666666666666,31.831590266414413,2/2,14.374,,59.73333333333334,,1/1
MONTE COMPATRI,5806010007.0,22.0,10.048333333333332,7.7536509034991585,58.64444444444444,32.95159890461114,3/3,10.7705,11.29744504301747,58.275,55.54323766220331,2/2,2.926,,21.083333333333332,,1/1
MONTE COMPATRI,5806020005.0,144.0,14.752666666666666,19.989111069112937,71.22777777777777,48.41829983858644,3/3,20.18,25.15320242036787,81.44166666666668,69.23753899118279,2/2,2.538,,34.56666666666667,,1/1
MONTE COMPATRI,5806020003.0,51.0,20.044999999999998,15.628627802849488,78.17222222222222,48.17476383305237,3/3,2.778,0.0947523086789976,45.19166666666666,10.500535700620231,2/2,2.8560000000000003,,54.7,,1/1
MONTEFLAVIO,5806110001.0,1188.0,0.196,,2.75,,1/1,0.276,,4.333333333333333,,1/1,0.276,,4.333333333333333,,1/1
MONTELANICO,5806210001.0,215.0,17.948,,44.2,,1/1,18.273,,48.73333333333333,,1/1,18.273,,48.73333333333333,,1/1
MONTELANICO,5806210002.0,1520.0,0.265,,4.316666666666666,,1/1,0.112,,1.8333333333333333,,1/1,0.112,,1.8333333333333333,,1/1
MONTELIBRETTI,5806310001.0,502.0,8.910000000000002,12.27254529427372,31.15,39.90439268496083,2/2,8.2705,11.368155721136125,23.383333333333336,28.920667350529794,2/2,16.766,,50.166666666666664,,1/1
MONTELIBRETTI,5806310002.0,3702.0,26.423000000000002,34.888648583744256,65.06666666666666,60.50477024352891,2/2,25.784000000000006,35.792331050100664,57.3,71.48849557795995,2/2,0.932,,13.083333333333334,,1/1
MONTELIBRETTI,5806310003.0,96.0,9.886999999999999,4.816811393442761,29.875,10.311973892303817,2/2,9.2475,3.912421820305167,22.108333333333334,0.6717514421272196,2/2,12.470999999999998,,27.966666666666665,,1/1
MONTELIBRETTI,5806326603.0,24.0,27.566,36.22932304087394,72.45833333333333,61.930768918921785,2/2,27.880499999999998,35.78455287550761,65.79166666666667,71.35885933474242,2/2,3.0340000000000003,,21.666666666666668,,1/1
MONTELIBRETTI,5806320004.0,66.0,28.031000000000002,34.880163302370015,66.27499999999999,60.37513400031139,2/2,27.3915,35.78455287550761,58.50833333333333,71.35885933474242,2/2,2.545,,14.383333333333333,,1/1
MONTE PORZIO CATONE,5806410001.0,1011.0,2.612,,8.933333333333334,,1/1,3.7030000000000003,0.04525483399593908,17.091666666666665,0.2239171473757399,2/2,3.597,,15.083333333333334,,1/1
MONTE PORZIO CATONE,5806410002.0,6928.0,1.469,,6.45,,1/1,0.321,0.1711198410471445,4.9750000000000005,2.8637824638055176,2/2,0.555,,7.933333333333333,,1/1
MONTE PORZIO CATONE,5806420007.0,55.0,2.185,,14.616666666666669,,1/1,3.2760000000000002,0.04525483399593877,22.775,0.2239171473757399,2/2,3.17,,20.766666666666662,,1/1
MONTE PORZIO CATONE,5806420005.0,209.0,2.127,,30.6,,1/1,2.973,0.04525483399593908,41.925000000000004,0.2239171473757424,2/2,2.867,,39.916666666666664,,1/1
MONTE PORZIO CATONE,5806420006.0,104.0,2.033,,13.016666666666667,,1/1,3.1239999999999997,0.04525483399593908,21.174999999999997,0.2239171473757399,2/2,3.018,,19.166666666666668,,1/1
MONTORIO ROMANO,5806610001.0,1871.0,0.8425,0.07707463914933367,2.9583333333333335,1.072445284799597,2/2,0.415,,5.516666666666667,,1/1,0.888,,3.7,,1/1
MORICONE,5806710001.0,2188.0,0.437,,6.933333333333334,,1/1,0.427,,6.7,,1/1,0.229,,3.8,,1/1
MORLUPO,5806810001.0,200.0,3.9075,0.8506494577674169,36.28333333333333,10.064486518888526,2/2,4.109500000000001,1.1589480143647515,39.89166666666666,15.59170452516337,2/2,4.929,,50.91666666666666,,1/1
MORLUPO,5806810002.0,6634.0,1.0685,0.8973185053257289,15.15,13.97714404145409,2/2,1.6325,0.07707463914933367,15.083333333333334,13.647160876900367,2/2,1.578,,5.433333333333334,,1/1
MORLUPO,5806820002.0,130.0,2.323,1.4226988437473338,30.575,17.430182156248396,2/2,2.5414999999999996,1.7076628765655124,34.43333333333333,22.603846771929966,2/2,3.749,,50.416666666666664,,1/1
MORLUPO,5806820015.0,72.0,2.6609999999999996,0.6590235200658622,19.258333333333333,5.786490492709915,2/2,3.23,1.4410836200581838,19.083333333333332,5.232590180780453,2/2,4.249,,22.783333333333335,,1/1
MORLUPO,5806820008.0,107.0,4.032,0.8555992052357222,30.333333333333332,9.451660641860185,2/2,3.4175,1.7020060223160203,33.24166666666667,4.914392129246507,2/2,2.214,,29.766666666666666,,1/1
MORLUPO,5806820014.0,157.0,3.3810000000000002,1.5330075016124347,19.308333333333334,13.706086441999247,2/2,3.599,1.8172644276494274,23.175,18.86796594466104,2/2,4.884,,36.516666666666666,,1/1
MORLUPO,5806820011.0,273.0,4.367000000000001,0.8555992052357229,25.633333333333333,9.451660641860189,2/2,3.552,1.9855558415718257,30.641666666666666,1.9445436482630056,2/2,2.148,,29.266666666666666,,1/1
MORLUPO,5806820004.0,69.0,3.831,1.6136176746677018,43.94166666666666,7.436406315478529,2/2,4.0485,1.8985817074858802,47.8,12.610070931160099,2/2,5.391,,56.71666666666667,,1/1
MORLUPO,5806820003.0,75.0,0.0,,70.0,8.48528137423857,2/2,0.0,,69.5,7.7781745930520225,2/2,0.0,,75.0,,1/1
MORLUPO,5806826713.0,43.0,3.3729999999999998,1.0380327547818522,38.88333333333333,1.9327585352432306,2/2,2.839,1.7705953800911152,31.625,11.773327906756018,2/2,1.587,,23.3,,1/1
NAZZANO,5806910001.0,835.0,0.364,,5.766666666666667,,1/1,0.364,,5.766666666666667,,1/1,3.5319999999999996,,47.083333333333336,,1/1
NAZZANO,5806920005.0,70.0,3.807,,54.88333333333333,,1/1,3.807,,54.88333333333333,,1/1,7.02,,93.23333333333333,,1/1
NAZZANO,5806920004.0,133.0,0.772,,11.083333333333334,,1/1,0.772,,11.083333333333334,,1/1,2.551,,33.36666666666667,,1/1
NEMI,5807010001.0,143.0,3.007,,7.866666666666665,,1/1,3.007,,7.866666666666665,,1/1,2.961,,7.1,,1/1
NEMI,5807010002.0,59.0,5.32,,23.916666666666668,,1/1,5.32,,23.916666666666668,,1/1,5.274,,23.15,,1/1
NEMI,5807010004.0,53.0,5.252,,20.633333333333333,,1/1,5.252,,20.633333333333333,,1/1,5.206,,19.866666666666667,,1/1
NEMI,5807010005.0,315.0,2.579,,8.55,,1/1,2.579,,8.55,,1/1,2.533,,7.783333333333333,,1/1
NEMI,5807010003.0,1187.0,2.58,,35.35,,1/1,2.58,,35.35,,1/1,2.533,,34.6,,1/1
NEROLA,5807110001.0,520.0,5.209,,14.983333333333333,,1/1,5.209,,14.983333333333333,,1/1,5.209,,14.983333333333333,,1/1
NEROLA,5807110002.0,995.0,0.572,,8.733333333333333,,1/1,0.572,,8.733333333333333,,1/1,0.572,,8.733333333333333,,1/1
NEROLA,5807110003.0,63.0,7.106,,20.316666666666666,,1/1,7.106,,20.316666666666666,,1/1,7.106,,20.316666666666666,,1/1
NEROLA,5807126601.0,30.0,3.039,,54.93333333333333,,1/1,3.039,,54.93333333333333,,1/1,3.039,,54.93333333333333,,1/1
NEROLA,5807126702.0,27.0,2.138,,10.666666666666666,,1/1,2.138,,10.666666666666666,,1/1,2.138,,10.666666666666666,,1/1
OLEVANO ROMANO,5807310001.0,5239.0,0.975,,9.266666666666667,,1/1,0.975,,9.266666666666667,,1/1,0.975,,9.266666666666667,,1/1
PALESTRINA,5807410001.0,2388.0,8.3048,4.1882823687043835,27.660000000000004,10.927453957807373,5/5,7.97675,4.641582946581909,26.09166666666667,10.84330737435838,4/4,6.866333333333332,5.224715335148254,21.605555555555558,8.765974835397076,3/3
PALESTRINA,5807410006.0,74.0,14.648200000000003,6.100650432535862,65.13,8.838515775350018,5/5,14.745999999999999,4.659549835195098,56.22083333333334,22.45038304960684,4/4,12.589,7.642583136610293,60.93888888888889,7.419518802406209,3/3
PALESTRINA,5807410002.0,522.0,6.2498,3.0894392209590396,36.49666666666667,26.93476790733906,5/5,6.89775,4.692710401960328,28.866666666666664,14.495778440380242,4/4,6.909666666666667,4.163025021944179,41.78333333333334,36.172745264909054,3/3
PALESTRINA,5807410004.0,501.0,7.6572000000000005,2.9793849533083163,52.52333333333334,11.452956920473518,5/5,7.23725,2.910254785524227,52.287499999999994,9.598913663457889,4/4,6.5360000000000005,3.5935681432247804,47.09444444444444,10.683142657338104,3/3
PALESTRINA,5807420002.0,213.0,12.1176,13.128240449504267,51.75333333333334,37.489188070992185,5/5,9.624,6.916620031971299,53.008333333333326,34.78905346140853,4/4,15.911333333333333,17.049171778515618,61.855555555555554,49.00456989271889,3/3
PALESTRINA,5807420003.0,144.0,11.71225,8.57747578933725,96.35833333333332,47.264741968335485,4/5,11.925666666666666,8.110290335945647,96.64444444444443,41.54012228267101,3/4,13.105999999999998,9.934207618124358,104.62222222222223,54.19868882519549,3/3
PALESTRINA,5807410005.0,140.0,9.8614,2.182685570575845,65.72,39.16570105192665,5/5,10.969,4.781624201042988,55.679166666666674,18.83010972903258,4/4,10.245,2.9750247057797687,75.16666666666667,51.941668672121466,3/3
PALESTRINA,5807410003.0,15382.0,4.207800000000001,5.7118789115316515,27.580000000000005,33.51426603370239,5/5,3.86775,5.545405508166197,16.408333333333335,11.729438273942288,4/4,5.515,7.647910302821287,34.57222222222222,44.79240490347707,3/3
PALESTRINA,5807420014.0,152.0,6.793800000000001,5.036791806298925,58.83333333333333,31.60741166597199,5/5,5.85775,3.302926114321461,44.66666666666667,8.660179195819431,4/4,8.039666666666667,6.692697687280767,65.54444444444444,42.3257943855797,3/3
PALESTRINA,5807420010.0,113.0,9.929799999999998,8.224476378469332,39.62,16.47419025155544,5/5,10.54,9.261900920797341,39.38333333333333,19.07501274209564,4/4,12.535333333333334,10.447524220279815,43.19444444444444,21.969305186336012,3/3
PALESTRINA,5807420012.0,73.0,8.5138,3.0894392209590404,69.14666666666666,26.934767907339058,5/5,8.299,2.9945384730650346,60.35416666666667,12.624244568524723,4/4,9.173666666666668,4.16302502194418,74.43333333333334,36.17274526490905,3/3
PALESTRINA,5807420004.0,105.0,7.559400000000001,8.024749547493679,69.63,37.93178709502391,5/5,7.42925,7.446487779483694,71.0,28.592607824789646,4/4,9.812333333333335,10.451315244184979,83.21111111111111,46.111930046275354,3/3
PALESTRINA,5807426608.0,22.0,11.4198,12.333356384212694,33.52333333333333,36.68169502626617,5/5,9.2815,6.916974940921308,35.14166666666667,34.789053461408535,4/4,14.976333333333335,16.02293207666229,43.383333333333326,47.956180808919484,3/3
PALESTRINA,5807426715.0,24.0,6.2909999999999995,0.6828261125645386,49.22,8.505287571074048,5/5,6.985499999999999,1.7665304035500402,41.47083333333333,10.203924217890117,4/4,5.917,0.531334169802771,48.45555555555555,10.237218770161562,3/3
PALOMBARA SABINA,5807510001.0,1094.0,8.576500000000001,0.20859650045003147,36.075,3.853731957466681,2/2,8.4925,0.08980256121069076,34.65833333333333,1.8502627441047996,2/2,8.556,,35.96666666666667,,1/1
PALOMBARA SABINA,5807510002.0,5973.0,0.33549999999999996,0.1364716087690037,5.191666666666666,2.722361107568208,2/2,0.26399999999999996,0.03535533905932737,4.016666666666667,1.0606601717798212,2/2,0.289,,4.766666666666667,,1/1
PALOMBARA SABINA,5807520003.0,360.0,34.5015,0.19869700551342404,102.89166666666667,3.853731957466676,2/2,34.42,0.08343860018001409,101.475,1.8502627441047947,2/2,34.479,,102.78333333333333,,1/1
PALOMBARA SABINA,5807510003.0,329.0,3.9124999999999996,0.19869700551341996,15.341666666666665,3.8537319574666835,2/2,3.8309999999999995,0.08343860018001284,13.924999999999999,1.8502627441047983,2/2,3.8899999999999997,,15.233333333333333,,1/1
PALOMBARA SABINA,5807520005.0,45.0,4.7635000000000005,0.19869700551341962,29.525,3.8537319574666835,2/2,4.682,0.08343860018001222,28.108333333333334,1.8502627441047996,2/2,4.741,,29.416666666666668,,1/1
PALOMBARA SABINA,5807520006.0,60.0,8.4575,0.19869700551342026,16.991666666666667,3.853731957466682,2/2,8.376,0.08343860018001284,15.575,1.8502627441047983,2/2,8.435,,16.883333333333333,,1/1
PALOMBARA SABINA,5807520004.0,86.0,1.286,0.14566399692442875,18.908333333333335,2.9344931419241735,2/2,1.214,0.043840620433565985,17.733333333333334,1.272792206135786,2/2,1.245,,18.633333333333333,,1/1
PERCILE,5807610001.0,198.0,3.907,,9.416666666666666,,1/1,3.731,,6.783333333333333,,1/1,16.056,,55.86666666666667,,1/1
PISONIANO,5807710001.0,710.0,0.241,,3.1166666666666667,,1/1,0.073,,0.9666666666666667,,1/1,0.073,,0.9666666666666667,,1/1
POLI,5807810001.0,1773.0,0.665,,10.283333333333333,,1/1,0.431,,6.966666666666667,,1/1,0.665,,10.283333333333333,,1/1
POLI,5807820001.0,53.0,5.571,,25.46666666666667,,1/1,5.338,,22.133333333333333,,1/1,5.571,,25.46666666666667,,1/1
POLI,5807826602.0,23.0,5.938,,30.183333333333334,,1/1,5.705,,26.85,,1/1,5.938,,30.183333333333334,,1/1
PONZANO ROMANO,5808010001.0,969.0,0.214,,4.116666666666666,,1/1,0.214,,4.116666666666666,,1/1,44.513,,157.13333333333333,,1/1
RIANO,5808110002.0,7427.0,1.966,,30.116666666666667,,1/1,2.068,0.14424978336205568,31.75,2.3098821518760544,2/2,1.344,,18.533333333333335,,1/1
RIANO,5808120002.0,292.0,4.164,,28.93333333333333,,1/1,4.266,0.14424978336205613,30.56666666666667,2.309882151876057,2/2,6.408,,80.35,,1/1
RIANO,5808120001.0,207.0,8.357,,41.76666666666666,,1/1,8.459,0.14424978336205613,43.4,2.3098821518760544,2/2,10.649,,59.9,,1/1
RIANO,5808110003.0,1400.0,5.8,,48.083333333333336,,1/1,5.9025,0.14495689014324228,49.716666666666676,2.3098821518760544,2/2,2.9640000000000004,,41.45,,1/1
RIANO,5808120010.0,45.0,2.587,,36.733333333333334,,1/1,2.689,0.14424978336205552,38.36666666666667,2.3098821518760544,2/2,4.831,,40.733333333333334,,1/1
RIANO,5808120006.0,36.0,3.837,,55.0,,1/1,3.939,0.14424978336205582,56.63333333333333,2.3098821518760544,2/2,9.176,,117.93333333333334,,1/1
RIANO,5808126607.0,39.0,4.729,,21.433333333333334,,1/1,4.8309999999999995,0.1442497833620555,23.066666666666663,2.3098821518760544,2/2,6.973,,71.88333333333334,,1/1
RIANO,5808126609.0,38.0,5.09,,41.88333333333333,,1/1,5.1925,0.14495689014324228,43.516666666666666,2.3098821518760544,2/2,2.254,,35.233333333333334,,1/1
RIANO,5808126608.0,36.0,2.353,,33.3,,1/1,2.455,0.14424978336205552,34.93333333333333,2.3098821518760597,2/2,4.597,,37.28333333333333,,1/1
RIGNANO FLAMINIO,5808210001.0,7221.0,0.345,,5.45,,1/1,0.663,,9.966666666666667,,1/1,0.605,,8.95,,1/1
RIGNANO FLAMINIO,5808220007.0,51.0,3.38,,46.43333333333333,,1/1,3.238,,44.166666666666664,,1/1,3.1880000000000006,,43.18333333333333,,1/1
RIGNANO FLAMINIO,5808210003.0,1266.0,6.513000000000001,,31.416666666666668,,1/1,11.29,,63.85,,1/1,11.31,,64.15,,1/1
RIGNANO FLAMINIO,5808220005.0,72.0,6.047,,15.216666666666665,,1/1,6.728,,19.566666666666666,,1/1,6.748,,19.866666666666667,,1/1
RIGNANO FLAMINIO,5808220006.0,106.0,2.512,,34.333333333333336,,1/1,2.37,,32.06666666666667,,1/1,2.32,,31.083333333333332,,1/1
RIGNANO FLAMINIO,5808220004.0,64.0,1.663,,21.616666666666667,,1/1,1.521,,19.35,,1/1,1.471,,18.383333333333333,,1/1
RIGNANO FLAMINIO,5808226702.0,39.0,4.675,,8.45,,1/1,5.356,,12.8,,1/1,5.376,,13.1,,1/1
RIOFREDDO,5808310001.0,698.0,0.144,,1.8,,1/1,0.144,,1.8,,1/1,0.144,,1.8,,1/1
ROCCA CANTERANO,5808410001.0,120.0,71.41,,212.51666666666668,,1/1,4.4479999999999995,,19.866666666666667,,1/1,15.316,,54.833333333333336,,1/1
ROCCA CANTERANO,5808410002.0,60.0,72.94699999999999,,208.9,,1/1,5.985,,16.25,,1/1,16.853,,51.21666666666667,,1/1
ROCCA DI CAVE,5808510001.0,174.0,24.606999999999996,,47.55,,1/1,24.551,,46.81666666666667,,1/1,24.397,,52.71666666666667,,1/1
ROCCA DI CAVE,5808510002.0,57.0,2.022,,25.983333333333334,,1/1,1.924,,24.633333333333333,,1/1,1.181,,14.916666666666666,,1/1
ROCCA DI PAPA,5808610001.0,183.0,45.236,,118.248958,,0/3,56.154,,118.168750,,0/3,46.325,,126.196875,,0/1
ROCCA DI PAPA,5808610002.0,16679.0,1.2653333333333332,0.521095320774744,21.28333333333333,7.962115157279364,3/3,1.2636666666666667,0.5239564231244173,21.227777777777778,8.044085704094332,3/3,0.438,,8.3,,1/1
ROCCA DI PAPA,5808620003.0,107.0,17.073999999999998,2.2610336131955227,90.09444444444443,20.14843758302457,3/3,17.072333333333333,2.2600721964869472,90.03333333333333,20.136251168256496,3/3,18.277,,96.15,,1/1
ROCCA DI PAPA,5808626704.0,142.0,3.3893333333333335,2.373312944668978,33.52777777777777,12.435358786466441,3/3,3.371,2.3856982206473645,33.27777777777777,12.520342706231386,3/3,2.822,,37.95,,1/1
ROCCAGIOVINE,5808710001.0,235.0,3.7159999999999997,,53.38333333333333,,1/1,3.5909999999999997,,51.4,,1/1,7.343,,41.95,,1/1
ROCCA PRIORA,5808810001.0,1889.0,26.0595,35.37018830173229,81.25,90.17968482732437,2/2,25.86,35.45574822225586,79.43333333333334,93.43237602078247,2/2,50.606,,141.53333333333333,,1/1
ROCCA PRIORA,5808810002.0,9857.0,11.1125,12.609835228899703,79.54166666666667,59.26733337645246,2/2,10.9885,13.018542948425527,67.00833333333333,51.86628240003327,2/2,2.108,,35.56666666666667,,1/1
ROCCA PRIORA,5808820001.0,52.0,11.5605,13.540387752941198,77.18333333333334,67.26942511688023,2/2,11.637500000000001,13.664838546430031,67.13333333333334,56.35641046056784,2/2,2.3,,32.55,,1/1
ROCCA SANTO STEFANO,5808910001.0,820.0,0.046,,0.55,,1/1,0.242,,3.35,,1/1,0.092,,1.2,,1/1
ROIATE,5809010001.0,627.0,10.21,,57.63333333333333,,1/1,0.165,,2.533333333333333,,1/1,10.21,,57.63333333333333,,1/1
ROVIANO,5809210001.0,1238.0,0.344,,5.183333333333334,,1/1,0.344,,5.183333333333334,,1/1,0.344,,5.183333333333334,,1/1
SACROFANO,5809310001.0,57.0,3.6049999999999995,,53.2,,1/1,3.558,,52.5,,1/1,3.474,,51.233333333333334,,1/1
SACROFANO,5809310002.0,1790.0,5.154,,10.016666666666667,,1/1,5.107,,9.3,,1/1,5.023,,8.05,,1/1
SACROFANO,5809320001.0,399.0,2.931,,40.03333333333333,,1/1,2.884,,39.31666666666667,,1/1,2.8010000000000006,,38.06666666666667,,1/1
SACROFANO,5809320007.0,142.0,2.05,,30.099999999999998,,1/1,2.003,,29.400000000000002,,1/1,1.919,,28.133333333333333,,1/1
SACROFANO,5809310003.0,3247.0,0.679,,9.516666666666667,,1/1,0.6319999999999999,,8.816666666666666,,1/1,0.548,,7.55,,1/1
SACROFANO,5809320005.0,62.0,3.43,,47.68333333333333,,1/1,3.383,,46.96666666666667,,1/1,3.299,,45.71666666666667,,1/1
SACROFANO,5809320008.0,70.0,5.591,,31.533333333333335,,1/1,5.544,,30.816666666666663,,1/1,5.46,,29.566666666666663,,1/1
SACROFANO,5809320009.0,142.0,7.47,,58.25,,1/1,7.423,,57.53333333333333,,1/1,7.339000000000001,,56.28333333333333,,1/1
SACROFANO,5809320004.0,289.0,3.421,,48.2,,1/1,3.374,,47.483333333333334,,1/1,3.29,,46.233333333333334,,1/1
SACROFANO,5809326611.0,27.0,6.958,,50.88333333333333,,1/1,6.911,,50.166666666666664,,1/1,6.827,,48.916666666666664,,1/1
SACROFANO,5809326606.0,26.0,2.3,,32.733333333333334,,1/1,2.253,,32.03333333333333,,1/1,2.169,,30.766666666666666,,1/1
SAMBUCI,5809410001.0,811.0,0.376,,6.633333333333335,,1/1,32.384,,99.23333333333333,,1/1,32.562,,102.73333333333333,,1/1
SAN GREGORIO DA SASSOLA,5809510001.0,1096.0,77.987,,180.6,,1/1,0.231,,4.366666666666666,,1/1,0.231,,4.366666666666666,,1/1
SAN POLO DEI CAVALIERI,5809610001.0,1739.0,0.314,,4.0,,1/1,0.314,,4.0,,1/1,0.314,,4.0,,1/1
SAN POLO DEI CAVALIERI,5809610002.0,211.0,23.795000000000005,,63.016666666666666,,1/1,23.795000000000005,,63.016666666666666,,1/1,23.795000000000005,,63.016666666666666,,1/1
SAN POLO DEI CAVALIERI,5809620002.0,318.0,5.578,,39.21666666666667,,1/1,5.578,,39.21666666666667,,1/1,5.578,,39.21666666666667,,1/1
SANTA MARINELLA,5809710001.0,15776.0,1.362,0.6605111656891199,18.372222222222224,9.290292623864817,3/3,1.298,0.6205876247557632,17.4,8.630968144484784,3/3,0.929,,12.566666666666666,,1/1
SANTA MARINELLA,5809710002.0,1028.0,9.306,1.087353208483794,28.461111111111105,7.375566519358459,3/3,9.242,1.0740395709656139,27.5,6.255686302166303,3/3,10.422,,33.35,,1/1
SANTA MARINELLA,5809720003.0,70.0,3.0926666666666667,1.6389827129452383,35.855555555555554,10.908028813337108,3/3,3.0290000000000004,1.684421265598366,34.894444444444446,11.894213501312931,3/3,3.875,,54.81666666666667,,1/1
SANTA MARINELLA,5809710003.0,22.0,10.356,1.0873532084837931,27.527777777777775,7.375566519358461,3/3,10.292000000000002,1.0740395709656136,26.566666666666666,6.255686302166305,3/3,11.472,,32.416666666666664,,1/1
SANTA MARINELLA,5809720005.0,36.0,2.869333333333333,1.6391022949570084,31.15,10.906534738403398,3/3,2.8056666666666668,1.6848650786734627,30.188888888888886,11.89218152743564,3/3,4.682,,45.733333333333334,,1/1
SANTA MARINELLA,5809720008.0,595.0,4.503333333333333,2.0590969703569897,26.127777777777776,7.850094361310664,3/3,4.465333333333334,1.976883995922202,25.516666666666666,7.2168976098536355,3/3,3.007,,40.96666666666667,,1/1
SANTA MARINELLA,5809720009.0,62.0,3.3526666666666673,1.3563101906766513,26.094444444444445,7.251845231336592,3/3,3.288666666666667,1.3893226167213049,25.133333333333333,6.136321735734236,3/3,4.922,,31.066666666666666,,1/1
SANTA MARINELLA,5809720006.0,127.0,4.799666666666667,2.880623948614837,30.072222222222223,11.466840276463518,3/3,4.761666666666667,2.8025392652616543,29.455555555555552,10.03430689259676,3/3,2.334,,31.666666666666668,,1/1
SANTA MARINELLA,5809720004.0,75.0,7.455,1.0873532084837931,22.11111111111111,7.375566519358461,3/3,7.391000000000001,1.0740395709656139,21.15,6.2556863021663025,3/3,8.572,,27.0,,1/1
SANT'ANGELO ROMANO,5809810001.0,353.0,6.69,,63.48333333333334,,1/1,6.69,,63.48333333333334,,1/1,6.737,,64.05,,1/1
SANT'ANGELO ROMANO,5809810002.0,1985.0,0.332,,4.633333333333334,,1/1,0.332,,4.633333333333334,,1/1,0.378,,5.2,,1/1
SANT'ANGELO ROMANO,5809820003.0,150.0,5.571,,38.88333333333333,,1/1,5.571,,38.88333333333333,,1/1,5.617,,39.45,,1/1
SANT'ANGELO ROMANO,5809820005.0,25.0,6.992000000000001,,67.28333333333333,,1/1,6.992000000000001,,67.28333333333333,,1/1,7.039,,67.85,,1/1
SANT'ANGELO ROMANO,5809820004.0,235.0,7.263,,70.06666666666666,,1/1,7.263,,70.06666666666666,,1/1,7.31,,70.63333333333334,,1/1
SANT'ANGELO ROMANO,5809826701.0,283.0,3.9819999999999998,,15.383333333333335,,1/1,3.9819999999999998,,15.383333333333335,,1/1,4.028,,15.949999999999998,,1/1
SANT'ORESTE,5809910001.0,2511.0,0.298,,4.066666666666666,,1/1,2.206,,38.833333333333336,,1/1,0.949,,14.883333333333331,,1/1
SANT'ORESTE,5809920002.0,200.0,2.971,,42.63333333333333,,1/1,4.979,,20.45,,1/1,3.755,,55.2,,1/1
SAN VITO ROMANO,5810010001.0,3023.0,0.617,,8.566666666666666,,1/1,0.622,,8.633333333333333,,1/1,0.622,,8.633333333333333,,1/1
SARACINESCO,5810110001.0,88.0,11.896999999999998,,40.9,,1/1,11.896999999999998,,40.9,,1/1,16.995,,53.46666666666667,,1/1
SARACINESCO,5810126701.0,21.0,11.375,,39.416666666666664,,1/1,11.375,,39.416666666666664,,1/1,16.473,,51.983333333333334,,1/1
SEGNI,5810210001.0,6141.0,4.052,5.899235458938726,30.688888888888897,35.180583081096394,3/3,5.341999999999999,6.099503094515159,35.916666666666664,26.705066102811944,2/2,0.214,,3.5166666666666666,,1/1
SEGNI,5810210002.0,36.0,8.910333333333332,0.936258689323273,56.98888888888889,6.501203592270294,3/3,8.248,2.1595041097437164,52.724999999999994,13.234681921208216,2/2,8.977,,48.81666666666667,,1/1
SEGNI,5810220002.0,183.0,6.997333333333334,4.156169670902925,48.894444444444446,18.204931668013398,3/3,5.3885000000000005,6.17516352010212,39.13333333333333,36.55742058734451,2/2,8.957,,51.71666666666666,,1/1
SEGNI,5810220007.0,30.0,11.741333333333333,4.839755193533382,57.044444444444444,18.25921634357514,3/3,9.934999999999999,7.0144992693705515,47.266666666666666,36.62813126546317,2/2,14.097,,59.9,,1/1
SEGNI,5810220005.0,82.0,8.65,6.755475334867266,62.21666666666666,44.0441287548951,3/3,7.406500000000001,7.7859527676450755,60.05833333333333,47.43507990459756,2/2,12.114,,80.33333333333333,,1/1
SEGNI,5810220006.0,672.0,6.114333333333333,4.026791071477801,45.03333333333333,22.78691754299188,3/3,5.194000000000001,5.095411465230262,42.77499999999999,29.875261505131633,2/2,7.999,,50.63333333333333,,1/1
SEGNI,5810220004.0,157.0,11.583333333333334,4.839755193533381,55.277777777777786,18.25921634357514,3/3,9.777000000000001,7.0144992693705515,45.50000000000001,36.62813126546317,2/2,13.939000000000002,,58.133333333333326,,1/1
SUBIACO,5810310002.0,114.0,14.429,2.0746512960013312,58.31666666666667,1.5084944665313011,2/2,19.093333333333334,8.036499071942542,107.04444444444444,82.02123765175655,3/3,15.896,,59.38333333333333,,1/1
SUBIACO,5810310004.0,5818.0,0.8029999999999999,0.6123544725075502,12.525,10.05270140586875,2/2,4.064,5.507134282001847,42.038888888888884,48.95086633364945,3/3,1.236,,19.633333333333333,,1/1
SUBIACO,5810320007.0,72.0,1.4264999999999999,0.5352798333582164,24.891666666666666,11.136931803688123,2/2,4.550333333333334,5.082184799211195,50.24444444444444,40.034951165385664,3/3,1.048,,17.016666666666666,,1/1
SUBIACO,5810310005.0,177.0,3.8395,0.8803479425772515,17.133333333333333,2.3334523779156084,2/2,7.266,5.8050768298102655,51.93333333333334,58.00000239463597,3/3,4.462,,15.483333333333333,,1/1
SUBIACO,5810310003.0,145.0,6.0075,0.57346359954229,27.225,12.951839208733595,2/2,6.347,0.7006397076957599,25.54444444444445,12.241826449301378,3/3,5.602,,18.066666666666666,,1/1
SUBIACO,5810320008.0,147.0,3.0635,0.9609581156325181,33.833333333333336,1.4142135623730951,2/2,4.4463333333333335,2.3033144234631395,58.63333333333333,40.6738484095671,3/3,3.743,,32.833333333333336,,1/1
SUBIACO,5810320009.0,39.0,2.3015,0.5352798333582165,36.6,11.148716916707901,2/2,5.424666666666667,5.081854221967936,61.94444444444444,40.034951165385664,3/3,1.923,,28.71666666666667,,1/1
SUBIACO,5810320010.0,85.0,4.6745,0.8803479425772517,20.0,2.333452377915605,2/2,8.101,5.805076829810266,54.8,58.00000239463597,3/3,5.297,,18.35,,1/1
SUBIACO,5810320011.0,96.0,2.5335,0.9623723291948911,17.924999999999997,8.803479425772517,2/2,5.979333333333333,5.843214725930696,51.2,55.8405791318265,3/3,3.214,,11.699999999999998,,1/1
SUBIACO,5810320012.0,118.0,2.2095000000000002,0.9538870478206526,29.874999999999996,9.958420501710544,2/2,5.0136666666666665,4.736359818820075,57.72222222222223,46.128005271964355,3/3,2.884,,36.916666666666664,,1/1
TOLFA,5810510001.0,550.0,40.3165,0.14919953083036047,98.79166666666666,2.062394778460767,2/2,40.3165,0.14919953083036047,98.79166666666666,2.062394778460767,2/2,40.098,,104.36666666666666,,1/1
TOLFA,5810510002.0,4095.0,0.7205,0.08980256121069154,9.275,1.1667261889578036,2/2,0.7205,0.08980256121069154,9.275,1.1667261889578036,2/2,0.467,,6.616666666666666,,1/1
TORRITA TIBERINA,5810610002.0,699.0,0.552,,8.383333333333333,,1/1,3.872,,52.616666666666674,,1/1,0.363,,5.133333333333334,,1/1
TORRITA TIBERINA,5810620001.0,101.0,1.4149999999999998,,18.95,,1/1,6.236,,74.53333333333333,,1/1,1.225,,15.699999999999998,,1/1
TREVIGNANO ROMANO,5810710001.0,3657.0,0.9039999999999999,,16.233333333333334,,1/1,0.6539999999999999,,8.833333333333334,,1/1,0.87,,11.75,,1/1
TREVIGNANO ROMANO,5810720003.0,86.0,7.508,,33.68333333333333,,1/1,6.827999999999999,,22.466666666666665,,1/1,6.756000000000001,,24.5,,1/1
TREVIGNANO ROMANO,5810720002.0,290.0,2.028,,32.45,,1/1,1.778,,25.033333333333335,,1/1,1.994,,27.95,,1/1
TREVIGNANO ROMANO,5810720001.0,585.0,5.69,,25.4,,1/1,5.011,,14.183333333333334,,1/1,4.938,,16.216666666666665,,1/1
TREVIGNANO ROMANO,5810720005.0,143.0,4.925,,25.25,,1/1,4.237,,57.91666666666666,,1/1,4.0,,54.56666666666667,,1/1
TREVIGNANO ROMANO,5810720008.0,58.0,5.262,,20.116666666666667,,1/1,4.583,,8.9,,1/1,4.129,,55.733333333333334,,1/1
TREVIGNANO ROMANO,5810720006.0,189.0,2.238,,34.63333333333333,,1/1,1.9879999999999998,,27.216666666666665,,1/1,2.204,,30.133333333333333,,1/1
TREVIGNANO ROMANO,5810720004.0,320.0,1.283,,18.35,,1/1,1.967,,28.46666666666666,,1/1,2.155,,31.78333333333334,,1/1
TREVIGNANO ROMANO,5810726607.0,28.0,8.389,,37.81666666666667,,1/1,7.71,,26.6,,1/1,7.637,,28.633333333333333,,1/1
VALLEPIETRA,5810810001.0,239.0,51.41100000000001,,217.0,,1/1,51.41100000000001,,217.0,,1/1,51.41100000000001,,217.0,,1/1
VALLINFREDA,5810910001.0,194.0,27.716,,176.5,,1/1,4.855,,12.4,,1/1,12.834,,98.58333333333331,,1/1
VALLINFREDA,5810920001.0,98.0,28.547,,180.88333333333333,,1/1,5.686,,16.783333333333335,,1/1,13.665,,102.96666666666667,,1/1
VALMONTONE,5811010001.0,14200.0,1.5456666666666665,1.2013045686530401,22.769444444444442,17.514880710307345,6/6,1.5474,1.09440134320093,23.173333333333336,15.645617952356854,5/5,0.688,0.16546298679765217,10.983333333333333,1.8856180831641263,2/2
VALMONTONE,5811020003.0,51.0,5.058833333333333,3.0829720346877405,42.73055555555556,23.443168672502605,6/6,3.1598,2.1764337113728045,30.45333333333333,20.67093168356634,5/5,2.9459999999999997,1.4226988437473336,27.608333333333334,1.40242844935332,2/2
VALMONTONE,5811020005.0,67.0,8.916,4.0426614500845846,43.06388888888889,21.56737097424581,6/6,7.220599999999999,2.8447336957964975,34.35333333333334,2.474969135610022,5/5,8.616999999999999,0.3592102448427668,34.95,4.6197643037521114,2/2
VALMONTONE,5811020004.0,417.0,3.7503333333333337,2.9058730644449464,27.23611111111111,25.61869633396383,6/6,5.570600000000001,2.6918601003766893,40.10333333333333,25.94267826488922,5/5,3.4600000000000004,0.41719300090006295,24.225,5.7393500406308116,2/2
VALMONTONE,5811026601.0,26.0,4.53,2.8304099349740843,31.105555555555558,24.85979052979299,6/6,6.2974000000000006,2.691948977971165,43.27,25.942678264889217,5/5,4.186999999999999,0.4171930009000632,27.391666666666666,5.7393500406308116,2/2
VICOVARO,5811210001.0,35.0,3.555,,11.65,,1/1,3.646,,11.85,,1/1,3.8230000000000004,,15.35,,1/1
VICOVARO,5811210002.0,3286.0,1.09,,16.316666666666666,,1/1,1.181,,16.516666666666666,,1/1,1.3579999999999999,,20.016666666666666,,1/1
VICOVARO,5811220004.0,39.0,5.785,,18.85,,1/1,5.876,,19.05,,1/1,6.054,,22.55,,1/1
VICOVARO,5811226605.0,21.0,5.745,,26.300000000000004,,1/1,5.836,,26.5,,1/1,6.014,,30.0,,1/1
VIVARO ROMANO,5811310001.0,165.0,31.06,,184.7,,1/1,8.198,,20.6,,1/1,16.178,,106.78333333333333,,1/1
ZAGAROLO,5811410001.0,4875.0,9.44375,5.087007461825338,36.0375,5.852450816158607,4/4,8.718,5.97128034846799,34.87222222222222,6.574917264653375,3/3,7.0165,7.34471813618467,33.28333333333333,8.461711148199017,2/2
ZAGAROLO,5811410002.0,13074.0,9.237000000000002,12.562537827472072,53.92916666666667,49.77219842553784,4/4,11.631666666666668,14.223904679564377,61.5,58.06894608997136,3/3,15.760000000000002,17.389169962939576,78.56666666666668,70.68710789261522,2/2
ZAGAROLO,5811420001.0,242.0,14.35425,5.307938041273654,79.82083333333331,32.44588479013656,4/4,14.956000000000001,6.331563077155592,81.7611111111111,39.452694364169766,3/3,16.764,7.782417233739142,92.86666666666665,48.719657223753124,2/2
LARIANO,5811510001.0,13106.0,1.1995,0.20859650045003147,13.616666666666665,10.465180361560902,2/2,1.6112500000000003,0.8435865397219185,20.27916666666667,7.57928921469553,4/4,1.052,,6.216666666666667,,1/1
CIAMPINO,5811810001.0,36032.0,1.538,0.7919844274563316,14.495238095238095,6.784887306889906,7/7,1.367875,0.8326648163748552,13.03125,7.02363604507315,8/8,1.8820000000000001,,25.466666666666665,,1/1
CIAMPINO,5811810002.0,327.0,4.638428571428571,1.3688233215847418,26.152380952380955,7.616845539909286,7/7,4.5482499999999995,1.3025395798757353,25.206249999999997,7.4560667612098985,8/8,6.292,,32.28333333333333,,1/1
CIAMPINO,5811820001.0,503.0,2.9934285714285718,0.9324664171151791,36.18809523809524,8.967842313912291,7/7,2.9415000000000004,0.861862435161701,36.10208333333334,8.117717432229567,8/8,4.241,,40.983333333333334,,1/1
CIAMPINO,5811810003.0,118.0,3.6144285714285713,0.932466417115179,44.550000000000004,8.96495233508636,7/7,3.562625,0.8616167423595514,44.460416666666674,8.117059917627147,8/8,4.862,,49.35,,1/1
CIAMPINO,5811820006.0,243.0,3.2764285714285712,0.932466417115179,38.6047619047619,8.967842313912291,7/7,3.224625,0.8616167423595514,38.51875,8.117717432229567,8/8,4.524,,43.4,,1/1
CIAMPINO,5811820004.0,580.0,3.0695714285714293,0.9321807509174133,36.25476190476191,8.967842313912293,7/7,3.01775,0.8615591763110149,36.170833333333334,8.117567418485097,8/8,4.317,,41.05,,1/1
CIAMPINO,5811826702.0,29.0,4.296857142857143,1.6961673884153678,45.57857142857143,9.426271965872997,7/7,4.253875,1.608273380945274,44.68958333333333,7.978716417733066,8/8,4.925,,50.13333333333333,,1/1
SAN CESAREO,5811910001.0,472.0,4.916,,20.533333333333335,,1/1,4.916,,20.533333333333335,,1/1,4.916,,20.533333333333335,,1/1
SAN CESAREO,5811910002.0,11610.0,0.211,,3.0,,1/1,0.211,,3.0,,1/1,0.211,,3.0,,1/1
SAN CESAREO,5811920003.0,192.0,6.587,,32.266666666666666,,1/1,6.587,,32.266666666666666,,1/1,6.587,,32.266666666666666,,1/1
SAN CESAREO,5811920002.0,80.0,2.577,,34.416666666666664,,1/1,2.577,,34.416666666666664,,1/1,2.577,,34.416666666666664,,1/1
SAN CESAREO,5811920001.0,83.0,4.608,,33.18333333333333,,1/1,4.608,,33.18333333333333,,1/1,4.608,,33.18333333333333,,1/1
SAN CESAREO,5811920005.0,555.0,3.111,,24.266666666666666,,1/1,3.111,,24.266666666666666,,1/1,3.111,,24.266666666666666,,1/1
SAN CESAREO,5811920006.0,184.0,7.338,,25.733333333333334,,1/1,7.338,,25.733333333333334,,1/1,7.338,,25.733333333333334,,1/1
SAN CESAREO,5811920004.0,206.0,6.614,,34.5,,1/1,6.614,,34.5,,1/1,6.614,,34.5,,1/1
FONTE NUOVA,5812210001.0,8570.0,2.437333333333333,1.0476379781839398,37.072222222222216,15.94429829588459,3/3,8.650333333333334,10.90841465719622,59.855555555555554,44.953606743611346,3/3,2.014,1.1101576464628795,31.05833333333333,17.854446224960324,2/2
FONTE NUOVA,5812210002.0,22121.0,1.8270000000000002,2.0076361722184624,24.16111111111111,30.54751459854219,3/3,1.9003333333333332,1.9042954952772777,23.483333333333334,29.91243238372819,3/3,2.391,2.3306239507908604,30.775000000000002,38.21912152313289,2/2
FONTE NUOVA,5812210003.0,155.0,5.832999999999999,0.3946200704475127,39.45555555555556,11.049237446455214,3/3,6.250666666666667,1.0159411072170146,42.1,13.840791162357737,3/3,5.193499999999999,0.03040559159102165,31.69166666666667,7.3421254113203185,2/2
FONTE NUOVA,5812220004.0,96.0,7.767333333333332,8.910585072448011,31.061111111111114,28.65365176132458,3/3,8.377333333333334,8.731926610624562,31.383333333333333,28.987272111125677,3/3,10.2115,11.670797423483966,37.31666666666667,39.3387072600116,2/2
FONTE NUOVA,5812226701.0,84.0,9.623999999999999,8.843567888584335,60.06111111111112,26.301886990466283,3/3,10.286666666666665,8.614691424150568,63.17222222222223,24.385157902419373,3/3,11.987499999999999,11.670797423483966,63.766666666666666,39.33870726001159,2/2
