Comune,Popolazione_totale_driving,SI_mean_km_driving,SP_mean_km_driving,SS_mean_km_driving,IC_mean_km,SI_mean_min_driving,SP_mean_min_driving,SS_mean_min_driving,IC_mean_min,SI_St.Dv_km_driving,SP_St.Dv_km_driving,SS_St.Dv_km_driving,IC_St.Dv_km,SI_St.Dv_min_driving,SP_St.Dv_min_driving,SS_St.Dv_min_driving,IC_St.Dv_min,Popolazione_totale_transit,SI_mean_km_transit,SP_mean_km_transit,SS_mean_km_transit,SI_mean_min_transit,SP_mean_min_transit,SS_mean_min_transit,SI_St.Dv_km_transit,SP_St.Dv_km_transit,SS_St.Dv_km_transit,SI_St.Dv_min_transit,SP_St.Dv_min_transit,SS_St.Dv_min_transit,SI_diff_km,SI_diff_min,SP_diff_km,SP_diff_min,SS_diff_km,SS_diff_min
AFFILE,1325.0,0.2924732075471697,0.5214475471698113,0.5214475471698113,12.485212075471695,0.7653207547169811,1.4558867924528305,1.4558867924528305,19.23225157232704,5.804639566760368,1.4538115421195414,1.4538115421195414,1.7663527394039964,8.320289791961708,2.4277332820738136,2.4277332820738136,3.3823274366756486,1325.0,0.1600384905660377,0.4693411320754717,0.4693411320754717,2.176352201257861,6.2977106918239,6.2977106918239,1.3732013690642753,1.3498668452851192,1.3498668452851192,23.74700273484822,23.346308892175845,23.346308892175845,-0.13243471698113202,1.41103144654088,-0.052106415094339664,4.84182389937107,-0.052106415094339664,4.84182389937107
AGOSTA,1588.0,2.3665321158690173,2.3665321158690173,2.344197732997481,8.814869017632242,5.197533585222502,5.197533585222502,5.173793031066331,11.56685558354324,1.2034202646346508,1.2034202646346508,1.2031943594725945,1.1736573534611086,1.0171105588326612,1.0171105588326612,0.9930312739844156,1.3592192066962026,1588.0,1.3616933249370278,1.3616933249370278,1.342509445843829,9.573698572628045,9.573698572628045,9.320633921074728,1.5844434091082795,1.5844434091082795,1.5818953557889557,6.31880460741323,6.31880460741323,6.276593423187453,-1.0048387909319896,4.376164987405542,-1.0048387909319896,4.376164987405542,-1.0016882871536519,4.146840890008398
ALBANO LAZIALE,38363.0,4.541615419371095,4.50707140734562,4.580386970084021,4.477968398369957,9.692403777366504,9.651213408753224,10.531882861669375,10.189825265663966,0.5798324675940376,0.6719456355560747,0.9665695835896324,0.9140730570208426,0.9197528015990952,1.1715377901078536,1.0928892745792218,1.1913449541688728,38363.0,5.140958423480959,5.145396355863723,4.804401089591534,30.8080835990697,31.050685730174035,29.161174250652397,1.655885323434289,1.9472753000759069,2.127599748654852,12.702745432084582,13.06323785794829,14.216729915904136,0.5993430041098637,21.115679821703196,0.6383249485181031,21.39947232142081,0.2240141195075127,18.62929138898302
ALLUMIERE,3642.0,0.7115906095551894,0.9477948929159804,1.1831548599670512,4.4201705107084015,2.3484074684239427,3.264744645799012,3.319755628775398,8.279077429983525,1.1561195872400052,0.7191275964667189,1.039446968344225,0.8874190103891167,1.7913371790059205,0.1885618083164126,0.7188918942063233,1.62634559672906,3642.0,0.909990115321252,1.0887767710049423,0.8226474464579903,9.501029654036245,12.766858868753433,9.3695908841296,1.6687720036002522,1.7755451275594205,2.291025971044414,5.008673033404712,5.703994701571481,14.224631414869384,0.19839950576606258,7.152622185612302,0.1409818780889619,9.502114222954422,-0.3605074135090609,6.049835255354202
ANGUILLARA SABAZIA,17530.0,3.411358490207263,3.3472051720859484,3.253728123217342,3.253728123217342,6.789436204601636,6.369140204094569,5.827226659060657,5.827226659060657,3.2572367783603067,3.206731192571985,3.323471118082309,3.323471118082309,3.3562180762776883,3.2668995141365715,3.4648829910134262,3.4648829910134262,17530.0,4.164190777714393,4.150242080243393,4.160092527096405,39.31278570070356,38.93765861697406,38.87192907396844,11.059406907034097,10.983421116308971,11.292033528916829,39.48344452672189,39.39697803419333,45.09465129876908,0.7528322875071298,32.52334949610192,0.8030369081574444,32.56851841287949,0.9063644038790635,33.04470241490778
ANTICOLI CORRADO,794.0,6.671,0.375,0.375,,14.316666666666666,1.2333333333333334,1.2333333333333334,,,,,,,,,,794.0,4.955,0.38,0.38,73.56666666666666,5.6,5.6,,,,,,,-1.7160000000000002,59.25,0.0050000000000000044,4.366666666666666,0.0050000000000000044,4.366666666666666
ARCINAZZO ROMANO,1179.0,4.4631967769296015,4.485813825275658,2.4155852417302803,13.935306191687872,7.351130901894261,6.091171897087928,3.830011309018943,17.824512298558098,4.152838125908594,0.240416305603426,4.711452483045966,5.191577987471632,3.2644763064778943,0.5597928684393497,5.173664615681575,6.010407640085652,1179.0,4.336985581000849,4.454879558948261,2.2460992366412214,28.661832061068697,12.933898784280462,7.3881538026576195,5.283501869025883,0.0767210857587405,5.173900317941968,9.43987552884041,1.6322381532389512,6.446456821817357,-0.12621119592875285,21.310701159174435,-0.03093426632739682,6.842726887192534,-0.16948600508905898,3.5581424936386763
ARICCIA,17837.0,3.136066984358356,2.9886669843583564,2.144726355328811,2.144726355328811,6.61923342864084,5.979210442712715,4.184904038422007,4.184904038422007,0.3897572577900251,0.3897572577900251,0.2234457428549489,0.2234457428549489,0.789602572324979,0.7825315045131118,0.483189633810807,0.483189633810807,17837.0,2.743602713460784,2.7218022537422213,2.0633127207490047,32.71507148063015,32.311738147296815,33.88923492366055,0.1238851080638829,0.123743686707646,0.2114249275747778,3.610958629259304,3.610958629259304,3.3116167585569976,-0.3924642708975723,26.09583805198931,-0.26686473061613514,26.332527704584102,-0.08141363457980644,29.704330885238544
ARSOLI,1260.0,0.4660000000000001,0.158,0.025,,1.45,0.7333333333333333,0.1166666666666666,,,,,,,,,,1260.0,0.4309999999999999,0.158,0.025,6.35,3.0,0.45,,,,,,,-0.0350000000000002,4.8999999999999995,0.0,2.2666666666666666,0.0,0.3333333333333334
ARTENA,12903.0,3.686276354336201,2.990335522746648,2.1630035650623887,2.1630035650623887,6.06688651218063,4.91522288098375,4.168768245110956,4.168768245110956,0.7689383278261012,0.8736135694630663,1.7589702385202544,1.7589702385202544,0.9601255704912308,1.1397238639736864,2.2494258526714472,2.2494258526714472,12903.0,3.948222847399829,2.9627147562582343,1.7608236844144771,25.80989304812834,17.399236288718384,12.166853961610997,1.1536935936374095,1.143353272724576,1.93477112341486,4.209293949768247,9.041015433536458,12.32914005291709,0.2619464930636277,19.74300653594771,-0.027620766488413828,12.484013407734635,-0.40217988064791155,7.998085716500041
BELLEGRA,2058.0,0.5871151603498542,0.5871151603498542,1.0420466472303205,4.026971817298348,1.2437479753806286,1.2437479753806286,2.8797052154195013,7.934062196307094,2.013034028525102,2.013034028525102,1.70287372305367,1.7025638509808276,4.086096004202001,4.086096004202001,2.4664038899069527,2.4766689098240176,2058.0,0.5184154518950438,0.5184154518950438,0.981030612244898,5.651854551344347,5.651854551344347,11.510673793326855,1.759477763428683,1.759477763428683,1.7246991041918007,19.333052560221734,19.333052560221734,17.22944561778748,-0.06869970845481044,4.408106575963719,-0.06869970845481044,4.408106575963719,-0.06101603498542252,8.630968577907353
BRACCIANO,16521.0,2.259876298851966,2.139017977120029,1.8598347557653896,2.2213289147146056,4.950313742106007,4.714095696386418,4.588247281238021,5.368820491092146,2.8729505622849363,2.820720335501397,3.0599009497404035,3.229167446881626,2.8534132329876973,2.733773818391613,3.0038663357351574,3.570121639176811,16521.0,1.6667103080927306,1.6256810120452756,1.2305950003026451,18.8347056608088,19.88468767023788,12.45142142323911,1.728680864734369,1.7499703560981317,1.6905338275888544,9.71525226348806,9.290873201463844,11.912742943774305,-0.5931659907592355,13.884391918702793,-0.5133369650747532,15.170591973851462,-0.6292397554627445,7.863174142001088
CAMERATA NUOVA,382.0,31.99,0.128,31.99,31.99,36.516666666666666,0.5,36.516666666666666,36.516666666666666,,,,,,,,,382.0,41.004,0.128,41.004,124.43333333333334,1.666666666666667,124.43333333333334,,,,,,,9.014,87.91666666666667,0.0,1.166666666666667,9.014,87.91666666666667
CAMPAGNANO DI ROMA,8623.0,2.051841354516989,1.7736885074799955,1.4873882639452627,1.4873882639452627,5.24141636708029,3.997390699292589,2.5447156828636595,2.5447156828636595,1.762663703981373,1.762236552414762,1.614893288528172,1.614893288528172,2.417542944580072,2.4660847661980467,2.3614329845965862,2.3614329845965862,8623.0,1.5734719935057404,1.555289806331903,1.4245375159457263,21.176150991534268,20.9094843248676,19.6754107232595,1.5547413504074132,1.554269898269495,1.4166303916924368,22.77018996244708,22.770189962447084,22.01155578242853,-0.4783693610112487,15.934734624453977,-0.21839870114809257,16.91209362557501,-0.06285074799953638,17.13069504039584
CANALE MONTERANO,3134.0,1.0844642629227823,1.283508615188258,0.9947425015954052,3.034166879387365,2.1372420761540094,3.029179961710274,1.731844288449266,5.25149436290151,1.2260332717073112,1.0831246080976402,1.3824342057882295,0.9919208637789608,1.9440912377614223,1.570621485862157,2.3565265949258016,1.5275479625130526,3134.0,1.0828203573707722,1.2274735162731336,0.9930985960433948,14.484327802595194,13.812539885130825,13.020405232929162,1.2115676827977877,1.021665307231287,1.3669407448752122,15.736916964753789,14.579211322214164,17.879807045938723,-0.0016439055520101054,12.347085726441184,-0.05603509891512437,10.783359923420551,-0.0016439055520104384,11.288560944479897
CANTERANO,317.0,8.669,1.579,8.646,10.275,14.2,3.65,14.116666666666667,15.833333333333334,,,,,,,,,317.0,11.465,0.047,11.442,43.68333333333333,0.9666666666666668,43.36666666666667,,,,,,,2.7959999999999994,29.48333333333333,-1.532,-2.683333333333333,2.7959999999999994,29.25
CAPENA,9992.0,3.549187099679744,4.59502617093675,2.366638610888711,2.366638610888711,5.466868494795836,7.302707999733119,4.814314785161462,4.814314785161462,0.8300617877173789,0.4617940042713336,1.9515551430053104,1.9515551430053104,1.17623064001858,0.4038832667017704,2.349366682645305,2.349366682645305,9992.0,2.635463320656525,5.765967674139311,1.8445670536429144,17.909371663997863,23.11789514945289,15.76683513477449,0.9641700600837516,1.767724182590227,2.4845051150413573,15.403498022291924,14.64791290639139,18.40355958207556,-0.9137237790232189,12.442503169202027,1.1709415032025614,15.815187149719772,-0.5220715572457968,10.952520349613028
CAPRANICA PRENESTINA,272.0,10.546628676470588,12.359952205882353,16.062952205882354,16.472830882352945,17.199142156862745,22.00839460784314,28.38511029411765,27.467218137254903,5.250911444692246,3.25017420045962,3.250174200459621,5.514383495308734,7.488682819452986,4.878021380907693,4.818377243352709,7.360046044541961,272.0,10.594922794117648,76.38687168141594,73.42287168141593,25.713909313725487,182.7999262536873,177.466592920354,5.320100656942499,0.3867874093090394,0.3867874093090394,9.17545538278518,6.375746143698733,6.3757461436986524,0.048294117647060375,8.514767156862742,64.02691947553359,160.79153164584415,57.35991947553357,149.08148262623635
CARPINETO ROMANO,3866.0,0.78,0.794,0.025,21.048,2.466666666666667,2.466666666666667,0.05,30.633333333333333,,,,,,,,,3866.0,0.786,0.525,0.025,6.283333333333333,8.55,0.3666666666666666,,,,,,,0.006000000000000005,3.8166666666666664,-0.269,6.083333333333334,0.0,0.3166666666666666
CASAPE,622.0,5.985,0.622,3.438,32.533,9.766666666666667,2.2,6.416666666666667,48.16666666666666,,,,,,,,,622.0,3.3039999999999994,0.302,3.271,52.78333333333333,6.766666666666667,46.9,,,,,,,-2.681000000000001,43.016666666666666,-0.32,4.566666666666666,-0.16700000000000026,40.483333333333334
CASTEL GANDOLFO,8424.0,2.130804843304843,3.954922602089269,2.9605332383665712,2.9605332383665712,4.9631054131054135,8.907292655903767,7.703141817030707,7.703141817030707,1.5821442201434524,0.3409693290214432,1.7235377377166226,1.7235377377166226,3.537824713535664,0.715939553624776,3.947725552395586,3.947725552395586,8424.0,1.840571225071225,4.5124650997151,3.620481481481481,25.75102880658436,26.212143874643875,27.77507122507122,1.3109359252076356,0.5299826255013781,2.7686039803482188,16.988086784349573,4.718646522044218,20.48470974491299,-0.29023361823361826,20.78792339347895,0.557542497625831,17.304851218740108,0.65994824311491,20.07192940804051
CASTEL MADAMA,6135.0,0.7519641945123609,0.8060920945395271,0.5758431947840262,0.5758431947840262,2.1074037852032963,2.313683781581092,1.5918500407497962,1.5918500407497962,1.731185546467015,1.808112054049748,1.7847708443009334,1.7847708443009334,2.2912384560650687,2.4800985643495883,2.448463236853317,2.448463236853317,6135.0,0.7805786471067645,0.8253033414832925,0.6047571312143439,8.021587430951737,8.975457756044554,5.491496875848955,1.9156548711041836,2.065456115889821,1.992630966001148,8.057701949041581,11.123565658679906,7.662721207005792,0.02861445259440365,5.914183645748441,0.019211246943765414,6.661773974463461,0.0289139364303177,3.8996468350991584
CASTEL SAN PIETRO ROMANO,753.0,1.3755258964143429,1.3755258964143429,4.192220451527224,4.192220451527224,3.2852589641434267,3.2852589641434267,7.669079238601151,7.669079238601151,2.1501194346671384,2.1501194346671384,1.465874795699369,1.465874795699369,4.031573881620298,4.031573881620298,2.462778467052564,2.462778467052564,753.0,0.6362855245683932,0.6362855245683932,5.31607171314741,11.569588313413014,11.569588313413014,17.266666666666666,1.1987251561554884,1.1987251561554884,2.695163244901256,24.00632054118094,24.00632054118094,4.944776050053751,-0.7392403718459497,8.284329349269587,-0.7392403718459497,8.284329349269587,1.1238512616201852,9.597587428065514
CASTELNUOVO DI PORTO,7705.0,4.259032316677482,5.300273199221285,4.209819727449707,4.308244905905257,6.642512437810946,7.6057776335712735,6.467635734371619,6.81738914125027,3.0983158020969728,1.0872253292977805,3.070884881004325,3.1287352457654896,3.652303668911868,2.10268079707585,3.584147194398008,3.744548065072768,7705.0,7.385937637897469,13.862352109020115,7.354044516547695,35.11865347177158,55.18236102098204,34.56108587497295,7.809622653374185,2.19228227729308,7.830753855943944,22.436723192548587,19.311215625687545,22.699901521824472,3.1269053212199873,28.476141033960634,8.562078909798831,47.57658338741077,3.144224789097988,28.093450140601334
CAVE,10073.0,1.5356920480492404,1.7392838280551972,2.068145636850988,1.7392838280551972,3.0403454780105235,3.593130149905689,4.663739700188623,3.593130149905689,2.554022888829829,2.5194919296027387,2.524977359634472,2.5194919296027387,3.3235237602859384,3.28737765579981,3.312584729873727,3.28737765579981,10073.0,1.6464389953340617,1.711320559912638,2.240854164598431,14.595334061352132,15.586908898375196,24.379468215361197,9.469772630146233,9.430465135223535,14.64357521235849,29.80950126621948,29.15750649807327,50.34824190538298,0.11074694728482126,11.554988583341608,-0.027963268142559228,11.993778748469506,0.17270852774744316,19.71572851517257
CERRETO LAZIALE,1069.0,0.2629504209541628,7.669228250701589,7.669228250701589,,0.682725288431556,10.04396632366698,10.04396632366698,,1.8731258633631644,1.5351288219559935,1.5351288219559935,,3.005203820042827,1.1902964149973552,1.1902964149973552,,1069.0,0.2268419083255379,8.848572497661367,8.848572497661367,4.402510134081696,71.1872466479576,71.1872466479576,0.781352993211135,1.4340125522463187,1.4340125522463187,15.697770542341352,14.495689014324237,14.495689014324237,-0.03610851262862491,3.7197848456501403,1.1793442469597784,61.143280324290615,1.1793442469597784,61.143280324290615
CERVARA DI ROMA,347.0,12.918187319884728,13.352175792507207,15.191109510086456,14.180645533141211,21.25638808837656,22.27055715658021,23.568251681075893,23.171085494716618,5.858319518712968,5.574935956283863,3.2651757864878674,6.025020719189824,10.056620953381906,9.95281925441787,7.686977925662958,10.678378986427562,347.0,12.074588679245284,12.332588679245289,45.63052830188679,46.4522641509434,49.685597484276734,141.08622641509433,3.3893070579888955,3.3893070579888964,10.505737115182988,20.48696288248085,20.486962882480853,29.191670235036423,-0.8435986406394438,25.19587606256684,-1.0195871132619185,27.415040327696524,30.439418791800335,117.51797473401844
CERVETERI,31366.0,4.305610103296563,7.4963981819486065,4.739781089927521,4.7415638483283375,6.966912155412443,10.236071037641608,7.683357244574805,7.644621918992257,3.840430334787972,2.7780714171317147,3.6454967308876136,3.6459423448765262,4.518154673500146,3.162051611288545,4.189754310140063,4.182556009497016,31366.0,7.366491499773154,8.4409509009009,8.177267472508479,35.00946453647892,40.50593201114784,39.26044749785756,19.690618257778137,11.693894943196137,18.66714692024887,37.116740264730254,23.097252940517382,34.88892519011423,3.0608813964765913,28.04255238106648,0.9445527189522931,30.269860973506233,3.437486382580958,31.57709025328276
CIAMPINO,37832.0,1.868245351629762,1.647318797578769,2.870362338760837,2.870362338760837,5.918366034296993,5.29522328980757,8.8041441989145,8.8041441989145,1.1346773793030518,1.203494661206925,1.3698189313781235,1.3698189313781235,2.7457582309093844,2.9844230532295764,3.639925939708231,3.639925939708231,37832.0,1.627387177899284,1.4625648987629518,2.017410234721928,15.49043817780866,14.083983356241628,26.179386938746735,1.010030906203805,1.0391617508093909,1.319606470920493,10.926828098419458,11.330282518954478,8.88336683635244,-0.2408581737304778,9.572072143511667,-0.18475389881581727,8.788760066434058,-0.8529521040389088,17.375242739832235
CICILIANO,1113.0,0.4279748427672956,9.121264150943396,9.121264150943396,9.063748427672952,1.4625786163522017,11.430188679245282,11.430188679245282,11.917924528301889,0.8428712831743647,1.0924799769332152,1.0924799769332152,0.790545381366559,2.050609665440988,1.4495689014324216,1.4495689014324216,0.9192388155425112,1113.0,0.4279748427672956,8.829421383647798,8.829421383647798,7.551781970649895,27.17683438155136,27.17683438155136,0.8428712831743647,0.7389265863399428,0.7389265863399428,15.249936247589874,10.86587420423328,10.86587420423328,0.0,6.089203354297693,-0.29184276729559855,15.746645702306077,-0.29184276729559855,15.746645702306077
CINETO ROMANO,566.0,8.319825088339222,8.319825088339222,10.863825088339222,,11.9712308598351,11.9712308598351,17.738103651354535,,0.6074047250392444,0.6074047250392444,0.6074047250392444,,1.8031222920256968,1.8031222920256968,1.6263455967290572,,566.0,8.402946996466431,8.402946996466431,9.238932862190811,76.05965842167257,76.05965842167257,81.95818610129565,0.5600285706997455,0.5600285706997455,0.6293250352560265,7.330340298300548,7.330340298300548,5.114739050582695,0.08312190812720921,64.08842756183746,0.08312190812720921,64.08842756183746,-1.6248922261484111,64.22008244994112
CIVITELLA SAN PAOLO,1472.0,0.6256385869565217,0.6256385869565217,0.7406385869565217,0.6256385869565217,1.3889039855072465,1.3889039855072465,1.8007246376811594,1.3889039855072465,1.359766340221731,1.359766340221731,1.3597663402217308,1.359766340221731,2.4866588471726923,2.4866588471726923,2.2627416997969525,2.4866588471726923,1472.0,0.404804347826087,0.404804347826087,0.3119538043478261,3.2096920289855078,3.2096920289855078,2.571422101449275,1.8611050480829927,1.8611050480829927,2.0187898602875936,4.7847558860289725,4.7847558860289725,6.988572020727044,-0.22083423913043476,1.8207880434782613,-0.22083423913043476,1.8207880434782613,-0.42868478260869564,0.7706974637681154
COLLEFERRO,20520.0,1.8311240058479532,1.557760730994152,1.0006847709551658,1.0657356968810918,4.846935834957765,4.522719460688759,3.199295808966861,3.5303159519168297,1.381652566071997,1.5088073999023204,1.6290097388188527,1.6763340210113258,1.7632259471606984,2.000857917846094,2.583185479639862,2.8532013777250027,20520.0,1.1160602144249512,1.064537933723197,0.7380884990253411,9.928451754385966,9.158931124106562,7.683484405458088,1.912654068739736,1.9087869306621597,2.0134500811211256,8.842761634994652,9.99380118058374,11.48070845665313,-0.715063791423002,5.081515919428201,-0.49322279727095486,4.636211663417804,-0.2625962719298247,4.484188596491228
COLONNA,3915.0,1.4445555555555556,1.4445555555555556,1.4445555555555556,4.966821455938698,4.105278842060451,4.105278842060451,4.105278842060451,9.607705406555985,0.5981290273288309,0.5981290273288309,0.5981290273288309,0.1442601816164114,0.9141379262169074,0.9141379262169074,0.9141379262169074,0.3801802691316806,3915.0,0.3863233716475096,0.3863233716475096,0.3863233716475096,6.822664963814388,6.822664963814388,6.822664963814388,0.7389932340691625,0.7389932340691625,0.7389932340691625,12.776617097042724,12.776617097042724,12.776617097042724,-1.058232183908046,2.717386121753937,-1.058232183908046,2.717386121753937,-1.058232183908046,2.717386121753937
FIANO ROMANO,13944.0,1.7255,1.742333333333333,0.181,2.13,4.0,4.038888888888889,0.3833333333333333,4.85,,,,,,,,,13944.0,1.7634999999999998,1.7783333333333335,0.181,10.03333333333333,7.4111111111111105,2.6166666666666667,,,,,,,0.03799999999999981,6.03333333333333,0.036000000000000476,3.372222222222222,0.0,2.2333333333333334
FILACCIANO,370.0,0.596,3.791,6.143,18.818,2.2,6.516666666666667,8.966666666666667,23.98333333333333,,,,,,,,,370.0,0.551,4.701,7.093,7.983333333333333,15.483333333333333,46.15,,,,,,,-0.04499999999999993,5.783333333333333,0.9099999999999997,8.966666666666665,0.9500000000000002,37.18333333333333
FONTE NUOVA,31026.0,2.654235211328133,3.006566170308773,3.2803158641139687,3.1950169051763044,5.300930044335575,6.051155303437261,5.927934366875095,6.210823986334042,1.5490876060155898,1.8442603546016916,1.3519214751604476,1.616722958641956,2.56771683662479,3.131773153729329,2.202471780623862,2.7799417959534485,31026.0,2.055089559294355,3.8292976106061594,2.351045494101721,27.92237138027604,33.754969846078914,30.96740475730033,3.358939410984763,3.238349059834861,4.54159130977238,13.497027793527703,17.339958402701185,14.144991506615414,-0.5991456520337781,22.621441335940464,0.8227314402973862,27.703814542641652,-0.9292703700122478,25.039470390425233
FORMELLO,12094.0,4.442566520588722,4.520794608896974,2.8313915164544405,3.3367662477261453,6.506810539661539,6.764077228377709,4.709639766275289,5.681052588060195,1.8722859849723303,1.8869363775329413,2.816446097309093,2.9096340957977125,1.9210784283944076,1.966241210369292,3.3691390418915463,3.606435312240559,12094.0,5.28255585414255,5.482834670084339,4.664276748801059,52.70747960421146,53.62449561766165,33.73896560277824,10.065915380748086,10.08414660907572,11.817689656169,36.047645756002765,35.60149270843546,53.38286663092804,0.8399893335538282,46.20066906454992,0.9620400611873645,46.86041838928394,1.832885232346618,29.02932583650295
FRASCATI,22080.0,3.723499999999999,3.829,3.161,3.2869999999999995,10.608333333333333,10.7,11.275,11.775,,,,,,,,,22080.0,3.5620000000000003,3.8412000000000006,3.1800000000000006,49.24444444444445,49.49333333333333,43.275,,,,,,,-0.16149999999999887,38.63611111111111,0.012200000000000433,38.79333333333334,0.019000000000000572,32.0
GALLICANO NEL LAZIO,5638.0,3.367477651649521,2.3822506207875134,2.0925432777580704,2.0925432777580704,6.766465649757598,6.446881281778408,5.5596428993733005,5.5596428993733005,1.0865322514004514,1.2251651589343644,1.2256309939510068,1.2256309939510068,2.692152518930751,1.9981704594916787,2.039902866242337,2.039902866242337,5638.0,3.4061830436324936,2.439782369634622,2.282347286271728,16.468750739032753,13.088320326356865,24.588808087974456,1.6670444905080763,1.216546204082141,0.8815559634343509,3.269344140819548,3.426976315451664,21.19744645260629,0.038705391982972515,9.702285089275154,0.057531748847108766,6.641439044578457,0.18980400851365742,19.029165188601155
GAVIGNANO,1192.0,1.5174093959731545,1.5538942953020134,1.2747223154362417,10.207993288590604,2.8422818791946307,2.869532997762864,2.312709731543624,15.149314876957495,1.958775285490304,1.9325193154951656,1.9500048473688223,1.421310997769648,2.8117384330468966,2.7503438938415563,3.037884689425092,1.993657270487912,1192.0,1.6376753355704696,1.6880243288590604,1.4127055369127517,11.536507270693512,12.154418344519016,8.96736577181208,2.2511448833236583,2.2390804979255385,2.172303758466485,13.033047128753791,13.039693673975286,12.97529857135754,0.12026593959731513,8.694225391498883,0.134130033557047,9.284885346756152,0.13798322147651,6.654656040268456
GENAZZANO,4478.0,11.888322688700312,0.9182626172398394,1.219449531040643,1.219449531040643,15.875779737978265,2.177590442161679,2.635116123269316,2.635116123269316,4.077207325486405,3.116744134509601,3.108276162119448,3.108276162119448,2.453847602349329,4.02259935309938,3.904207132483282,3.904207132483282,4478.0,18.859945734702997,2.2484472979008485,2.550173961589996,75.40846918267083,12.818036325740657,15.46902262914992,8.501261600492013,16.99714336293014,16.982202851809305,24.113882441218134,40.58465261373784,42.99367944503265,6.971623046002685,59.532689444692565,1.3301846806610091,10.640445883578977,1.330724430549353,12.833906505880604
GENZANO DI ROMA,21190.0,2.854859745162813,2.923623067484663,1.7291810759792356,1.258252501179802,5.575595249331446,5.600345131351268,5.204792748151643,3.2401403964134023,1.7733533625793334,1.7443031715518134,3.2483267773853317,3.0731261821230187,2.5064163692158203,2.4477131779657726,4.642217923792907,4.3109765540079605,21190.0,2.776922444549315,2.8283312600283157,1.6969294950448326,14.948312568821772,15.671236432279374,16.878555136070474,3.3924569954111856,3.370397145632205,5.93713104718336,21.678967552145654,21.523948562156274,27.504406573354405,-0.07793730061349802,9.372717319490325,-0.09529180745634713,10.070891300928105,-0.03225158093440306,11.673762387918831
GERANO,957.0,0.8181974921630094,6.573278996865204,6.573278996865204,20.269244514106585,2.756269592476489,10.28092998955068,10.28092998955068,30.150156739811912,0.2192031021678296,0.1378858223313769,0.1378858223313769,0.3945655839020934,0.8720983634634082,0.4596194077712549,0.4596194077712549,0.5421151989096857,957.0,0.7888557993730408,7.301047021943574,7.301047021943574,11.013322884012538,51.30344827586206,51.30344827586206,0.1979898987322333,0.3882016228714154,0.3882016228714154,2.793071785686862,4.407632269396147,4.407632269396147,-0.029341692789968565,8.25705329153605,0.7277680250783698,41.02251828631138,0.7277680250783698,41.02251828631138
GORGA,561.0,1.564727272727273,1.564727272727273,13.105818181818185,17.08081818181818,2.8090909090909086,2.8090909090909086,21.1530303030303,28.324242424242428,5.043085563422457,5.043085563422457,5.00985154470669,5.009851544706689,8.072802418546418,8.072802418546418,7.766389480032246,7.683893688893817,561.0,1.664,1.664,39.350545454545454,6.468181818181818,6.468181818181818,105.8090909090909,5.429165865950312,5.429165865950312,4.804790578162592,12.256517540566822,12.256517540566822,8.00209174042776,0.09927272727272696,3.659090909090909,0.09927272727272696,3.659090909090909,26.244727272727268,84.6560606060606
GROTTAFERRATA,19997.0,2.206931323031789,2.094348168892,2.4274734710206536,2.0898993599039857,6.687506459302229,6.131680029782245,7.14448542281342,6.755111183344169,1.003232465068916,1.0053136040362318,1.0350816888915442,1.2726889629554314,3.4931010363412307,3.3627844942359486,2.876500428003025,3.5859484850870924,19997.0,1.977157290260206,1.9130300378390084,2.126803270490574,25.8602287565357,25.197984975524104,27.733678801820272,1.2493062963990147,1.2865360708149371,1.234170282300739,12.817649231985367,12.864565770718256,11.126528285877342,-0.22977403277158293,19.17272229723347,-0.18131813105299166,19.06630494574186,-0.3006702005300794,20.58919337900685
JENNE,305.0,12.723,15.297,12.723,12.723,22.466666666666665,23.98333333333333,22.466666666666665,22.466666666666665,,,,,,,,,305.0,13.622,37.327,13.622,30.366666666666667,186.45,30.366666666666667,,,,,,,0.8989999999999991,7.900000000000002,22.029999999999998,162.46666666666667,0.8989999999999991,7.900000000000002
LABICO,6129.0,2.2810594713656385,2.136559471365639,2.251559471365639,1.9145594713656384,3.8653505193886986,3.2819818349921133,3.1788872573013545,2.9214336215804644,3.4747227227506943,3.4747227227506943,3.4747227227506943,3.4747227227506947,5.1913422852112365,5.256160406820004,5.374011537017761,5.150094389642021,6129.0,3.12102447381302,2.9652249959210315,3.2002796541034426,31.151192418556587,29.57966770000544,30.704291075216187,6.789285759562636,6.754991080675088,6.821459118106624,49.20873941407383,51.170960731866494,47.69435239103264,0.8399650024473817,27.285841899167888,0.8286655245553924,26.297685865013328,0.9487201827378038,27.52540381791483
LANUVIO,9621.0,7.382557253230781,4.576185583619166,3.598608772476873,3.598608772476873,11.93719236854566,8.067401604129854,6.933811454110799,6.933811454110799,0.8024786552074089,1.5968194671641147,2.1151415986034734,2.1151415986034734,1.1439316831730797,2.1390634511198283,2.672225419098507,2.672225419098507,9621.0,10.021105117278177,5.525151855316496,4.556468662301216,60.14912748732518,40.79241069881856,39.45320999203132,2.080039254341893,4.081522381935577,5.488369181082587,13.427166764408042,23.266715321520543,32.145425922486936,2.6385478640473963,48.21193511877952,0.9489662716973299,32.7250090946887,0.9578598898243431,32.51939853792052
LARIANO,13106.0,1.605,1.74825,1.436,1.436,3.95,3.3125000000000004,3.7833333333333337,3.7833333333333337,,,,,,,,,13106.0,1.1995,1.6112500000000003,1.052,13.616666666666664,20.27916666666667,6.216666666666667,,,,,,,-0.40549999999999997,9.666666666666664,-0.1369999999999998,16.96666666666667,-0.3839999999999999,2.433333333333333
LICENZA,809.0,0.4359962917181705,0.5017379480840544,20.852923362175524,24.965971569839304,2.2062216728471364,1.7228883395138033,25.624103831891222,53.80976514215081,2.526492529179534,2.3475945135393377,3.589981128084103,1.636245091665671,3.80659150538758,3.80659150538758,5.150094389642022,1.7441967269268035,809.0,0.3877144622991347,0.2627144622991347,44.49628677379481,6.270271940667491,4.273238566131027,158.3046559538525,1.7592816715921304,1.7592816715921304,1.974949239854032,22.56849143287064,22.615631884949742,21.79067397356544,-0.048281829419035804,4.064050267820354,-0.23902348578491966,2.5503502266172235,23.643363411619283,132.68055212196126
MAGLIANO ROMANO,1321.0,0.14,0.457,0.457,8.776,0.2333333333333333,0.55,0.55,11.833333333333334,,,,,,,,,1321.0,0.14,0.457,0.457,1.7833333333333332,7.1000000000000005,7.1000000000000005,,,,,,,0.0,1.5499999999999998,0.0,6.550000000000001,0.0,6.550000000000001
MANDELA,839.0,0.5038688915375447,0.5038688915375447,4.465704410011918,4.465704410011918,1.029082240762813,1.029082240762813,8.094358363130711,8.094358363130711,0.7155920625607861,0.7155920625607861,0.4037579720575184,0.4037579720575184,1.4495689014324225,1.4495689014324225,0.8485281374238571,0.8485281374238571,839.0,0.3933706793802145,0.3933706793802145,3.6546460071513702,6.417481128327373,6.417481128327373,51.80152959872865,0.8244865068635143,0.8244865068635143,0.2036467529817255,13.352533051405972,13.352533051405972,2.415948169054036,-0.11049821215733013,5.38839888756456,-0.11049821215733013,5.38839888756456,-0.8110584028605481,43.70717123559794
MANZIANA,7105.0,0.4089435608726249,0.5779435608726249,0.8175809992962702,0.5779435608726249,1.9726178747361012,2.0294604738447104,2.944571897724608,2.0294604738447104,1.247385131652076,1.247385131652076,1.1847286609177647,1.247385131652076,1.2849917134766682,1.5210483105289467,1.5246963875060746,1.5210483105289467,7105.0,0.4089435608726249,0.5779435608726249,0.5673314567206192,5.929047619047619,8.82807881773399,8.080121979826412,1.247385131652076,1.247385131652076,1.1956009646477652,17.63864851104801,17.629743254574702,17.019226600350386,0.0,3.956429744311518,0.0,6.79861834388928,-0.2502495425756509,5.135550082101805
MARANO EQUO,782.0,0.903,1.146,5.444,13.271,3.1000000000000005,3.816666666666667,9.983333333333333,17.3,,,,,,,,,782.0,0.496,0.366,4.184,7.116666666666666,5.533333333333333,35.56666666666667,,,,,,,-0.40700000000000003,4.016666666666666,-0.7799999999999999,1.7166666666666663,-1.2599999999999998,25.583333333333336
MARCELLINA,6813.0,0.8197264054014384,0.8153863202700719,0.2855439600763246,0.2491991780419785,3.4546332990850828,2.4331253975243405,0.7830935955770829,0.6814007534615196,2.279788659795757,2.622873487862755,2.7421532293679967,2.79646729523757,2.065882467704872,3.2336053722901474,3.967168502335882,4.23950774570892,6813.0,0.6572317628063994,0.6795617202407164,0.2891141934536914,7.56393903811341,9.249014139635012,2.9639292528988697,3.142757122867329,2.7842335270830523,2.817696044643567,20.318535143321,18.945213408961934,20.630730404836303,-0.16249464259503899,4.109305739028327,-0.13582460002935548,6.815888742110671,0.0035702333773667827,2.180835657321787
MAZZANO ROMANO,2452.0,0.526,0.526,0.526,11.717,2.1,2.1,2.1,16.566666666666666,,,,,,,,,2452.0,0.456,0.456,0.456,5.816666666666666,5.816666666666666,5.816666666666666,,,,,,,-0.07,3.7166666666666663,-0.07,3.7166666666666663,-0.07,3.7166666666666663
MENTANA,21103.0,2.670379069326636,1.5588211312767537,1.3698739278775531,1.3698739278775531,7.349443799459793,3.518414969962144,2.954814481353362,2.954814481353362,2.8912860925114265,3.12658559241014,3.339037323840511,3.339037323840511,3.5379105081797766,4.298077017618776,4.389051245238922,4.389051245238922,21103.0,3.056707150642089,1.4246097395315045,1.3167334265270338,15.559517406687831,9.316045375328414,7.398572872735315,3.615739225075559,3.473872194284387,3.595390288271913,9.34390444874209,10.63151615727828,11.007121116703397,0.3863280813154528,8.210073607228038,-0.1342113917452492,5.79763040536627,-0.05314050135051929,4.443758391381953
MONTE COMPATRI,10388.0,5.719911340007702,4.005189256834809,3.291047554871005,3.291047554871005,9.726481944979248,6.902194840200231,5.850638557309717,5.850638557309717,2.882329322918805,2.871495820666654,3.937360060043309,3.937360060043309,3.269058303307352,3.618336787960887,4.888258108985994,4.888258108985994,10388.0,16.23675333718393,16.135411243742784,12.028956391990755,62.98655981260429,59.8705036259787,44.68648921832884,6.347618128735309,8.063763502123672,11.567890584206864,11.20969869103241,18.75070709946156,26.95193950999016,10.516841997176229,53.26007786762504,12.130221986907975,52.96830878577847,8.73790883711975,38.83585066101912
MONTE PORZIO CATONE,8307.0,1.5677455158300226,0.9267198748043816,1.001769953051643,1.0249168171421692,3.9219834677581153,3.0175293928815057,3.474714096545083,3.613737410216284,0.6419239051476429,1.2416634205774124,1.1526322917565688,1.1528557151699428,1.2073271672951325,1.7594250165576506,1.474062790762697,1.4962638656184797,8307.0,1.6364649091127963,0.8539850728301431,1.0315435175153485,7.496117732033224,7.699966895389431,9.833810842261546,0.4097721318001018,1.346254916425563,1.1977455071925756,9.446755762929644,13.335871633388727,11.896326463801053,0.06871939328277366,3.574134264275109,-0.07273480197423843,4.682437502507925,0.029773564463705382,6.359096745716462
MONTEFLAVIO,1188.0,0.197,0.276,0.276,0.197,,1.0666666666666669,1.0666666666666669,0.7666666666666667,,,,,,,,,1188.0,0.196,0.276,0.276,2.75,4.333333333333333,4.333333333333333,,,,,,,-0.0010000000000000009,,0.0,3.266666666666666,0.0,3.266666666666666
MONTELANICO,1735.0,1.1188876080691643,0.9877348703170028,0.9877348703170028,8.773455331412103,1.6301633045148896,1.4028818443804034,1.4028818443804034,12.87766570605187,4.98086016667804,4.917220556371252,4.917220556371252,2.073944189220144,6.16361410934274,6.293250352560273,6.293250352560273,2.345237490935384,1735.0,2.456265129682997,2.3624985590778094,2.3624985590778094,9.258981748318924,7.645148895292987,7.645148895292987,12.50376921172172,12.841766253128888,12.841766253128888,28.20177545632347,33.163308037649074,33.163308037649074,1.3373775216138326,7.628818443804034,1.3747636887608066,6.2422670509125835,1.3747636887608066,6.2422670509125835
MONTELIBRETTI,4390.0,4.230843735763098,3.7835211845102505,1.8684082004555809,1.4524045558086562,7.37858769931663,6.504665907365224,4.354882308276385,3.279787395596052,1.7355056323734597,2.0536698980118486,4.556446334590148,4.601679128318271,2.3843281723230407,2.139546616043273,5.635675055690608,5.690286557908232,4390.0,24.08919088838269,23.45532801822324,3.03070569476082,60.47727790432802,52.71662490508732,17.71577828397874,9.850426604975034,10.03720503676198,7.028362206090405,20.692020234594995,20.95526269752356,15.057940872952493,19.85834715261959,53.09869020501139,19.671806833712992,46.2119589977221,1.1622974943052393,13.360895975702356
MONTORIO ROMANO,1871.0,0.7965000000000001,0.625,0.538,5.65,2.216666666666667,1.5666666666666669,1.1,8.133333333333333,,,,,,,,,1871.0,0.8425,0.415,0.888,2.958333333333333,5.516666666666667,3.7,,,,,,,0.04599999999999993,0.7416666666666663,-0.21000000000000002,3.9499999999999997,0.35,2.6
MORICONE,2188.0,0.437,0.427,0.229,5.691,1.75,1.6833333333333331,1.1833333333333331,8.9,,,,,,,,,2188.0,0.437,0.427,0.229,6.933333333333334,6.7,3.8,,,,,,,0.0,5.183333333333334,0.0,5.0166666666666675,0.0,2.6166666666666667
MORLUPO,7760.0,2.228390979381443,2.097626868556701,1.9387789948453609,1.9387789948453609,5.08664089347079,4.642793170103093,4.430073024054983,4.430073024054983,1.3363228371168396,1.323243191724199,1.9404007633018037,1.9404007633018037,2.154901103399434,2.150043783648356,3.323743612996988,3.323743612996988,7760.0,1.408159922680413,1.870708118556701,1.8399304123711344,17.571140463917526,17.953941151202752,10.550378006872853,1.4112464506401583,1.25702736755322,1.807932794350744,15.97307108855401,15.629775344348836,20.26164967446788,-0.8202310567010302,12.484499570446737,-0.22691875000000028,13.311147981099658,-0.09884858247422645,6.12030498281787
NAZZANO,1038.0,0.8330982658959537,0.8330982658959537,3.59243063583815,5.33559633911368,2.1009473346178544,2.1009473346178544,5.343208092485549,9.093063583815027,1.87779019062301,1.87779019062301,1.9397182785136609,0.8842399749690879,3.037283752399929,3.037283752399929,3.1040743834157354,0.4409585518440982,1038.0,0.6484643545279385,0.6484643545279385,3.641525048169557,9.76019588953115,9.76019588953115,48.43803789338472,1.881131662944764,1.881131662944764,2.3487750708259254,26.954139721908174,26.954139721908174,31.36342674257768,-0.1846339113680152,7.659248554913296,-0.1846339113680152,7.659248554913296,0.04909441233140699,43.09482980089917
NEMI,1757.0,2.777754126351736,2.777754126351736,2.730966989186112,4.83542174160501,6.062597230127111,6.062597230127111,5.868298235628912,8.998064883323847,1.3736063118666864,1.3736063118666864,1.3736933791789196,2.1330680486097955,2.680008291861136,2.680008291861136,2.726729828119309,3.469177776425481,1757.0,2.7871838360842345,2.7871838360842345,2.740508252703472,27.480525516979704,27.480525516979704,26.725118573325748,1.4153679027023327,1.4153679027023327,1.4155741944525553,11.477922043838966,11.477922043838966,11.483762691537803,0.009429709732498459,21.417928286852593,0.009429709732498459,21.417928286852593,0.009541263517359955,20.856820337696835
NEROLA,1635.0,2.5659492354740063,2.5659492354740063,2.5659492354740063,9.114178593272172,4.693995922528032,4.693995922528032,4.693995922528032,13.84316004077472,4.392168519080296,4.392168519080296,4.392168519080296,0.9728390411573746,6.368830347873931,6.368830347873931,6.368830347873931,1.1561189865715005,1635.0,2.3696599388379203,2.3696599388379203,2.3696599388379203,12.047064220183486,12.047064220183486,12.047064220183486,2.573958371846755,2.573958371846755,2.573958371846755,18.980869755273773,18.980869755273773,18.980869755273773,-0.19628929663608607,7.353068297655454,-0.19628929663608607,7.353068297655454,-0.19628929663608607,7.353068297655454
OLEVANO ROMANO,5239.0,0.965,0.965,0.965,0.965,3.2,3.2,3.2,3.2,,,,,,,,,5239.0,0.975,0.975,0.975,9.266666666666667,9.266666666666667,9.266666666666667,,,,,,,0.010000000000000009,6.066666666666667,0.010000000000000009,6.066666666666667,0.010000000000000009,6.066666666666667
PALESTRINA,19853.0,3.975762998035561,4.123756598498969,3.941302641078594,2.723708809751675,7.13584764687117,6.982037979146728,6.231867000229466,5.797519546444142,1.2681488057899095,1.2298379417552416,1.412728569899403,1.8869582821588984,1.716747001925522,1.8591678190512029,2.299013844846958,2.3527317375085417,19853.0,5.155858530196948,4.835637460333451,6.072742759280714,30.33647039070502,21.054563122282108,35.42007477179492,2.824812623575313,2.7559446504531646,3.453127621972054,19.40492529533,20.29284430034245,21.893071259102783,1.180095532161387,23.20062274383385,0.7118808618344818,14.07252514313538,2.1314401182021196,29.18820777156546
PALOMBARA SABINA,7947.0,2.263455203221341,2.1358308166603748,2.284889014722537,2.2550514659619982,3.6577995889434174,3.4183161360681176,4.0714064007382245,3.9360786040853992,4.056019641635545,4.012399154644323,4.003596276206823,4.032708725740884,4.553224335770406,4.452199459419471,4.379991483647588,4.459254095692136,7947.0,3.262462375739273,3.188237070592676,3.2219989933308164,14.664467723669308,13.432054024579504,14.316322721362356,11.75454202942116,11.752330513055496,11.759410090079632,32.76447779670852,32.71527860748062,32.81928028964313,0.9990071725179317,11.00666813472589,1.0524062539323014,10.013737888511386,0.9371099786082793,10.244916320624132
PERCILE,198.0,3.837,3.661,13.635,13.635,6.15,5.6,17.583333333333332,17.583333333333332,,,,,,,,,198.0,3.907,3.731,16.056,9.416666666666666,6.783333333333333,55.86666666666667,,,,,,,0.06999999999999984,3.2666666666666657,0.06999999999999984,1.1833333333333336,2.421000000000001,38.28333333333333
PISONIANO,710.0,0.145,0.131,0.131,13.221999999999998,0.65,1.4666666666666666,1.4666666666666666,19.55,,,,,,,,,710.0,0.241,0.073,0.073,3.1166666666666667,0.9666666666666668,0.9666666666666668,,,,,,,0.096,2.466666666666667,-0.05800000000000001,-0.4999999999999998,-0.05800000000000001,-0.4999999999999998
POLI,1849.0,1.2187468902109249,0.9237057869118442,1.2187468902109249,16.946193077339103,2.433711916351181,1.835559762033532,2.433711916351181,23.43519019289706,2.5311244536766657,2.5305486229933094,2.5311244536766657,2.210509518942033,3.699361806822601,3.721795166214721,3.699361806822601,2.486016447608058,1849.0,0.8712179556517037,0.6372590589507842,0.8712179556517037,10.966089778258516,7.648738056607175,10.966089778258516,2.9441482639296543,2.9447244919233677,2.9441482639296543,10.398642183441996,10.389270640639047,10.398642183441996,-0.3475289345592212,8.532377861907335,-0.2864467279610601,5.8131782945736425,-0.3475289345592212,8.532377861907335
PONZANO ROMANO,969.0,0.214,0.214,8.912,10.346,1.4166666666666667,1.4166666666666667,11.066666666666666,16.2,,,,,,,,,969.0,0.214,0.214,44.513,4.116666666666666,4.116666666666666,157.13333333333333,,,,,,,0.0,2.6999999999999993,0.0,2.6999999999999993,35.601,146.06666666666666
RIANO,9520.0,2.541914390756302,2.643931722689076,1.9517411764705883,1.7398920168067225,5.146545868347339,5.478851540616247,4.261134453781513,3.756853991596639,1.1009777977375887,1.1010223121919211,2.0658344829901334,2.0658176011233693,1.6210160089383967,1.57757725642835,2.65090393388117,2.6607239917913,9520.0,2.771467962184874,2.873543487394958,2.024977836134453,33.124648109243694,34.757981442577034,25.535891106442577,1.9974755317650323,1.9975459231962047,3.1327348187238004,10.36782884696695,10.367828846966953,30.261751620008894,0.2295535714285717,27.978102240896355,0.22961176470588196,29.279129901960786,0.07323665966386472,21.274756652661065
RIGNANO FLAMINIO,8819.0,1.333125184261254,1.8170369656423628,1.8378615489284496,1.8378615489284496,2.5124844086631137,3.453689004800242,3.534862229277696,3.534862229277696,2.266715160545678,2.4356699088262976,2.435429657996227,2.435429657996227,2.4883564835887144,2.657255217513984,2.6946178965607737,2.6946178965607737,8819.0,1.3493021884567415,2.3004495974600294,2.2548290055561853,9.972105680916204,18.324227992591755,17.514102127981253,2.280626281988182,3.6858159980428447,3.718947002785037,14.88892161214125,19.41028711873541,19.533529374930428,0.01617700419548762,7.459621272253091,0.4834126318176666,14.870538987791512,0.4169674566277357,13.979239898703558
RIOFREDDO,698.0,0.144,0.144,0.144,,0.7999999999999999,0.7999999999999999,0.7999999999999999,,,,,,,,,,698.0,0.144,0.144,0.144,1.8,1.8,1.8,,,,,,,0.0,1.0,0.0,1.0,0.0,1.0
ROCCA CANTERANO,180.0,10.724333333333334,3.7963333333333327,12.671333333333337,14.300333333333336,18.216666666666665,7.172222222222223,19.18888888888889,21.072222222222223,1.156826694021191,1.1568266940211915,1.1568266940211924,1.156826694021191,1.272792206135786,1.249221980096234,1.2492219800962332,1.1431559629182522,180.0,71.92233333333333,4.960333333333334,15.828333333333337,211.3111111111111,18.66111111111111,53.62777777777778,1.086823122683718,1.0868231226837235,1.0868231226837242,2.557369525291352,2.5573695252913478,2.5573695252913478,61.19799999999999,193.09444444444443,1.164000000000001,11.488888888888887,3.157,34.43888888888889
ROCCA DI CAVE,231.0,6.398337662337663,6.265090909090908,5.522337662337662,6.265090909090908,13.356277056277056,13.302597402597405,10.655844155844155,13.302597402597405,3.99373910014162,3.994446206922807,3.993739100141621,3.994446206922807,7.719249027953144,7.825315045131127,7.624968123794937,7.825315045131127,231.0,19.03407792207792,18.967714285714283,18.66837662337662,42.22835497835497,41.34285714285715,43.38939393939394,15.970006653098176,15.99970513790801,16.416191032026887,15.249936247589874,15.68598542932158,26.728636328851497,12.635740259740256,28.872077922077914,12.702623376623375,28.040259740259742,13.146038961038958,32.73354978354978
ROCCA DI PAPA,17111.0,2.4062305144838607,2.387897181150527,0.6249745777569985,0.6249745777569985,6.101493840869096,6.111887090175911,2.0128007324722885,2.0128007324722885,5.82189765661284,5.82189765661284,6.084243940978479,6.084243940978479,6.466986437301914,6.518140245758333,7.791500295312311,7.791500295312311,17111.0,1.3830752599243856,1.3812687854442345,0.5707564390359169,21.82099283238815,21.763771069628223,9.104008152173911,8.579971052355551,8.583718412073976,9.684785335772808,36.70759051812159,36.74370708418064,44.69150739607396,-1.023155254559475,15.719498991519053,-1.0066283957062927,15.651883979452313,-0.05421813872108161,7.091207419701623
ROCCA PRIORA,11798.0,7.197831539243939,5.402779666045092,3.141601373114087,3.141601373114087,11.368024241396848,8.414972170424367,6.229497937503532,6.229497937503532,1.8102106921571304,1.1303882445130666,2.5012385598605604,2.5012385598605604,2.3100976009523766,1.874185008062024,2.492228662001886,2.492228662001886,11798.0,13.50766689269368,13.372464358365823,9.873952364807597,79.80479671695768,68.99827442504379,52.51989320223768,8.50327891659055,8.404980859585583,27.94507262470434,2.0419727661694638,7.137766340623191,62.069049811032585,6.30983535344974,68.43677247556083,7.969684692320731,60.583302254619426,6.73235099169351,46.29039526473415
ROCCA SANTO STEFANO,820.0,0.046,0.944,0.092,9.277,0.2333333333333333,2.5,0.6333333333333332,17.85,,,,,,,,,820.0,0.046,0.242,0.092,0.55,3.35,1.2,,,,,,,0.0,0.31666666666666676,-0.702,0.8500000000000001,0.0,0.5666666666666668
ROCCAGIOVINE,235.0,4.022,4.099,7.158,7.158,8.183333333333334,7.766666666666667,11.333333333333334,11.333333333333334,,,,,,,,,235.0,3.716,3.591,7.343,53.38333333333333,51.4,41.95,,,,,,,-0.30600000000000005,45.2,-0.508,43.63333333333333,0.1849999999999996,30.616666666666667
ROIATE,627.0,6.757999999999999,0.727,6.757999999999999,8.52,13.366666666666664,1.9666666666666663,13.366666666666664,13.466666666666669,,,,,,,,,627.0,10.21,0.165,10.21,57.63333333333333,2.533333333333333,57.63333333333333,,,,,,,3.4520000000000017,44.266666666666666,-0.5619999999999999,0.5666666666666669,3.4520000000000017,44.266666666666666
ROVIANO,1238.0,0.344,0.344,0.344,13.674,1.3166666666666669,1.3166666666666669,1.3166666666666669,18.35,,,,,,,,,1238.0,0.344,0.344,0.344,5.183333333333334,5.183333333333334,5.183333333333334,,,,,,,0.0,3.8666666666666667,0.0,3.8666666666666667,0.0,3.8666666666666667
SACROFANO,6251.0,2.929926571748521,2.882926571748521,2.798990401535755,10.453645976643736,5.312971257932064,5.210862262038074,4.9203060843598365,15.425974510744949,1.6032404742214494,1.6032404742214494,1.6031661684418006,2.0982583903626537,2.0600848271247223,2.039243769517306,2.053859387552708,2.774174733960616,6251.0,2.5591956486962086,2.5121956486962085,2.4282594784834424,16.269439556337655,15.562030075187971,14.302772889670988,2.105202426025928,2.105202426025928,2.1051534429066727,16.52950636915939,16.52705587083119,16.52950636915939,-0.37073092305231237,10.956468298405591,-0.37073092305231237,10.351167813149898,-0.3707309230523128,9.382466805311152
SAMBUCI,811.0,0.376,8.566,8.35,8.35,1.2833333333333337,12.0,12.2,12.2,,,,,,,,,811.0,0.376,32.384,32.562,6.633333333333335,99.23333333333332,102.73333333333332,,,,,,,0.0,5.350000000000001,23.817999999999998,87.23333333333332,24.211999999999996,90.53333333333332
SAN CESAREO,13382.0,0.8497303093707966,0.8497303093707966,0.8497303093707966,1.970191899566582,1.8795334528969263,1.8795334528969263,1.8795334528969263,4.65623225227918,2.318433457407948,2.318433457407948,2.318433457407948,2.165112451715021,3.474298347571277,3.474298347571277,3.474298347571277,2.7890623957916483,13382.0,0.8266829322971154,0.8266829322971154,0.8266829322971154,6.0928423753300445,6.0928423753300445,6.0928423753300445,2.4226938813760897,2.4226938813760897,2.4226938813760897,10.663156974679996,10.663156974679996,10.663156974679996,-0.023047377073681208,4.213308922433118,-0.023047377073681208,4.213308922433118,-0.023047377073681208,4.213308922433118
SAN GREGORIO DA SASSOLA,1096.0,9.66,0.231,0.231,9.1,18.966666666666665,0.4833333333333332,0.4833333333333332,16.783333333333335,,,,,,,,,1096.0,77.987,0.231,0.231,180.6,4.366666666666666,4.366666666666666,,,,,,,68.327,161.63333333333333,0.0,3.883333333333333,0.0,3.883333333333333
SAN POLO DEI CAVALIERI,2268.0,1.8327522045855376,1.8327522045855376,1.8327522045855376,7.754260141093474,3.641490299823633,3.641490299823633,3.641490299823633,12.730335097001763,4.252196491226623,4.252196491226623,4.252196491226623,5.397208815675005,6.454520379806181,6.454520379806181,6.454520379806181,7.808512686188733,2268.0,3.236593915343916,3.236593915343916,3.236593915343916,14.42831422692534,14.42831422692534,14.42831422692534,12.321567446284316,12.321567446284316,12.321567446284316,29.691807387323628,29.691807387323628,29.691807387323628,1.4038417107583783,10.786823927101706,1.4038417107583783,10.786823927101706,1.4038417107583783,10.786823927101706
SAN VITO ROMANO,3023.0,0.617,0.622,0.622,9.019,1.6,1.6,1.6,13.183333333333334,,,,,,,,,3023.0,0.617,0.622,0.622,8.566666666666666,8.633333333333333,8.633333333333333,,,,,,,0.0,6.966666666666667,0.0,7.033333333333333,0.0,7.033333333333333
SANT'ANGELO ROMANO,3031.0,2.370673375123721,2.370673375123721,2.562802045529528,7.072221709006927,4.5878642912130205,4.5878642912130205,4.51724403387221,10.61343341031563,2.55482960292854,2.55482960292854,2.7023078100024063,0.989892805644463,3.386536524183614,3.386536524183614,3.1879228114638933,1.159665500941575,3031.0,2.264846915209502,2.264846915209502,2.3110491586935007,19.77582206092599,19.77582206092599,20.34248872759265,2.645112675608861,2.645112675608861,2.645530828901199,28.259438279128123,28.259438279128123,28.259438279128123,-0.10582645991421913,15.18795776971297,-0.10582645991421913,15.18795776971297,-0.2517528868360275,15.825244693720439
SANT'ORESTE,2711.0,0.4963769826632239,2.403934341571376,1.1571888601991884,5.525244928070823,1.2674966187138816,5.150418049920079,3.3714557973687445,8.467336776097381,1.9014101346106265,1.8971674939235077,1.995455336508437,2.144654867338798,2.4041630560342617,1.920973422223455,1.8031222920256964,3.028774046082378,2711.0,0.4951966064182959,2.4105739579490963,1.1560084839542604,6.911865240378703,37.47713021025452,17.857635558834378,1.8900964261116413,1.9608071042302964,1.9841416280094524,27.27075152776118,12.9989796608127,28.50818839483765,-0.0011803762449280053,5.644368621664822,0.006639616377720259,32.326712160334445,-0.0011803762449280608,14.486179761465634
SANTA MARINELLA,17791.0,2.76220499128773,2.6992624173271134,1.6674057107526277,1.6674057107526277,5.662585951698425,5.457748924237599,3.2386019148258485,3.2386019148258485,3.14103465988007,3.1381133663397183,3.502969276199836,3.502969276199836,2.8260636586016843,2.8256510472593592,3.750833240761311,3.750833240761311,17791.0,2.004222696869203,1.9412798231315456,1.6354085211623854,19.446714006457697,18.489914376182718,15.236930657823244,3.106046010267915,3.1047895219013872,3.7089036153259327,5.081362786784571,5.099362587591282,11.95553522561262,-0.7579822944185266,13.784128054759272,-0.7579825941955678,13.032165451945119,-0.031997189590242225,11.998328742997396
SARACINESCO,109.0,8.71897247706422,8.71897247706422,11.08897247706422,11.08897247706422,14.499235474006117,14.499235474006117,18.05948012232416,18.05948012232416,0.2093036072312176,0.2093036072312176,0.2093036072312188,0.2093036072312188,0.2474873734152888,0.2474873734152888,0.2710575994548428,0.2710575994548428,109.0,11.796431192660547,11.796431192660547,16.89443119266055,40.61422018348624,40.61422018348624,53.1808868501529,0.3691097397793767,0.3691097397793767,0.3691097397793792,1.0488750587600513,1.0488750587600513,1.0488750587600513,3.077458715596327,26.114984709480122,3.077458715596327,26.114984709480122,5.805458715596332,35.12140672782874
SEGNI,7301.0,4.367919097840478,4.854799616490893,2.4079456238871386,2.4079456238871386,7.499350926052748,7.882543487193535,5.110222343971145,5.110222343971145,1.1621333625625565,0.8391860568999212,2.6572244828732394,2.6572244828732394,1.820496182145503,1.6143146857914366,3.743571208996216,3.743571208996216,7301.0,4.584792676802264,5.48130194493905,1.6787407204492537,33.586339009876895,37.23528740355202,11.55379628361412,2.8177197176808426,2.0779164616096986,4.773458110566525,10.55924740506239,8.20235802977883,23.26797478926025,0.2168735789617866,26.086988083824146,0.626502328448157,29.352743916358484,-0.7292049034378849,6.443573939642976
SUBIACO,6811.0,2.109024225517545,5.610675524886215,3.230707531933638,3.230707531933638,4.1525693730729705,9.076558345160606,6.158376156217883,6.158376156217883,3.5820402197785426,3.8100553179613983,3.916827321527804,3.916827321527804,5.1411032016124345,5.282862268208017,5.5603038042054616,5.5603038042054616,6811.0,1.3818102334458962,4.562384329271277,1.821323006900602,14.9226141535751,44.15187523450627,20.638293446875156,3.9309466148612207,4.429209215293347,4.291591267946088,13.18100979781608,20.67539515166857,14.318284951439448,-0.7272139920716487,10.770044780502129,-1.0482911956149383,35.075316889345665,-1.409384525033036,14.479917290657273
TOLFA,4645.0,3.771252421959096,3.771252421959096,3.616268030139936,3.81462325080732,5.342115177610333,5.342115177610333,5.076480086114101,5.457911733046286,17.615444132919272,17.615444132919272,18.806919059218604,17.495235980117556,21.40176524391284,21.40176524391284,24.64267132435118,21.048211853319565,4645.0,5.408939181916039,5.408939181916039,5.159583423035522,19.87439002511661,19.87439002511661,18.190940078937924,27.998600107862533,27.998600107862533,28.023348845204065,63.29784202921577,63.29784202921577,69.11968786098501,1.6376867599569427,14.532274847506278,1.6376867599569427,14.532274847506278,1.5433153928955856,13.114459992823823
TORRITA TIBERINA,800.0,0.64579125,5.518665,0.4806649999999999,8.71979125,2.4058750000000004,8.774645833333333,1.1539375,13.616395833333334,0.6597306268470489,0.6590235200658626,0.6590235200658622,0.6597306268470488,0.966379267621615,0.9781643806413904,1.0488750587600455,1.0253048327204934,800.0,0.66095375,4.170455,0.4718275,9.717375,55.38364583333334,6.467375,0.6102331521639903,1.6716004307249983,0.6095260453828041,7.471761654537852,15.49742362100516,7.47176165453785,0.015162499999999968,7.3115000000000006,-1.3482100000000008,46.60900000000001,-0.008837499999999887,5.313437499999999
TREVIGNANO ROMANO,5356.0,1.844084951456311,1.9827576549663928,1.7551573935772964,1.7551573935772964,3.302747697286532,4.605921707742096,3.6892488175255167,3.6892488175255167,2.68006287239684,2.798105152499535,2.266717401392987,2.266717401392987,3.712787587065367,4.25560088458597,2.99961931741058,2.99961931741058,5356.0,1.85703715459298,1.590496265870052,1.7477725914861837,19.564161687826736,13.739528877271596,16.873070699527013,2.745073501343412,2.432132489081227,2.290678010982775,7.852444673200762,14.763843420019874,15.058977675857523,0.012952203136669116,16.261413990540206,-0.3922613890963407,9.1336071695295,-0.007384802091112697,13.183821882001496
VALLEPIETRA,239.0,14.686,14.686,14.686,27.023,22.716666666666665,22.716666666666665,22.716666666666665,42.3,,,,,,,,,239.0,51.41100000000001,51.41100000000001,51.41100000000001,217.0,217.0,217.0,,,,,,,36.72500000000001,194.28333333333333,36.72500000000001,194.28333333333333,36.72500000000001,194.28333333333333
VALLINFREDA,292.0,20.683527397260274,5.090301369863013,15.56063698630137,21.24486301369863,30.54303652968036,7.997602739726028,25.34748858447488,28.193835616438356,0.1463711037056158,0.5062884553295681,0.5069955621107537,0.1456639969244284,0.4360491817317046,0.9781643806413904,0.9428090415820624,0.188561808316412,292.0,27.994897260273973,5.133897260273972,13.112897260273972,177.97111872146118,13.871118721461189,100.05445205479452,0.5876057351660207,0.5876057351660207,0.5876057351660207,3.099484724201028,3.099484724201034,3.099484724201058,7.311369863013699,147.42808219178082,0.043595890410959015,5.873515981735161,-2.4477397260273985,74.70696347031964
VALMONTONE,14761.0,1.880392577286995,1.954957292866337,1.200649989838087,1.1926468396450105,4.122000730152278,4.495568502585642,3.213364044893074,3.149780389765824,1.9226305496781115,1.626340569499513,2.282728630389517,2.282529150963904,3.7114408536142074,3.0193869870849244,3.986248061913748,4.047820058033981,14761.0,1.6587973827428124,1.7007440281823727,0.8162636000270982,23.07139440266768,23.76290472641872,11.552538220084454,2.681692692022046,2.3428966447540955,2.903508102279034,9.17489706269837,7.948862741857409,8.783344006951136,-0.22159519454418253,18.9493936725154,-0.2542132646839643,19.26733622383308,-0.3843863898109887,8.33917417519138
VICOVARO,3381.0,1.2429872818692695,1.6632934043182497,1.4619872818692692,1.4619872818692692,2.515670906043577,2.951222517992704,3.199679581977718,3.199679581977718,2.029608398189168,1.6518311808414317,2.029608398189168,2.029608398189168,2.536438155863162,2.2309014537393392,2.575503366837752,2.575503366837752,3381.0,1.198587695947945,1.2895876959479442,1.4666054421768706,16.359587893128268,16.559587893128263,20.059587893128263,2.227832934340754,2.227832934340754,2.228348024135069,6.12255053062039,6.122550530620388,6.122550530620388,-0.04439958592132465,13.84391698708469,-0.3737057083703055,13.608365375135559,0.004618160307601427,16.859908311150544
VIVARO ROMANO,165.0,22.979,7.999,16.672,23.541,33.666666666666664,12.416666666666666,25.58333333333333,31.166666666666668,,,,,,,,,165.0,31.06,8.198,16.178,184.7,20.6,106.78333333333332,,,,,,,8.081,151.03333333333333,0.19900000000000073,8.183333333333335,-0.4939999999999998,81.19999999999999
ZAGAROLO,18191.0,5.82482402011984,6.215914389899766,5.902849595954043,5.902849595954043,8.39511159364521,8.931491152523533,8.816579169186227,8.816579169186227,3.439662177574032,2.915587463832848,2.6907522337319234,2.6907522337319234,4.235933284063506,3.791154150682703,3.543483194280476,3.543483194280476,18191.0,9.360483082293444,10.895058655379035,13.430188857127153,49.47882904549869,54.633570019362445,66.62143825701355,2.896607307840214,3.1212521407162743,5.361445148775966,22.01314159264364,23.516373990881597,31.105315432384668,3.535659062173604,41.08371745185348,4.679144265479269,45.70207886683891,7.527339261173109,57.804859087827325
